-- ALETHEIA Starbucks Nationwide Generated Seeds

INSERT OR REPLACE INTO services (service_id, brand_id, owner_id, plan_id, ext_place_id, ext_source, title, address, lat, lng, verification_level) VALUES ('STB_333', 'brand_starbucks', '01ARZ3NDEKTSV4RRFFQ69G5FAV', 'free', 'STB_OFFICIAL_333', 'starbucks_official', 'スターバックス コーヒー 札幌グランドホテル店', '北海道 札幌市中央区 北1条西4丁目 札幌グランドホテル 1F', 43.0630144394, 141.351145716, 1);
INSERT OR REPLACE INTO service_category_rel (service_id, category_id) VALUES ('STB_333', 'cat_cafe');
INSERT OR REPLACE INTO service_cafe_details (service_id, has_wifi) VALUES ('STB_333', 1);
INSERT OR REPLACE INTO services (service_id, brand_id, owner_id, plan_id, ext_place_id, ext_source, title, address, lat, lng, verification_level) VALUES ('STB_373', 'brand_starbucks', '01ARZ3NDEKTSV4RRFFQ69G5FAV', 'free', 'STB_OFFICIAL_373', 'starbucks_official', 'スターバックス コーヒー 札幌南一条店', '北海道 札幌市中央区 南1条西2丁目5 南一条Ｋビル 1F', 43.0591565839, 141.354881139, 1);
INSERT OR REPLACE INTO service_category_rel (service_id, category_id) VALUES ('STB_373', 'cat_cafe');
INSERT OR REPLACE INTO service_cafe_details (service_id, has_wifi) VALUES ('STB_373', 1);
INSERT OR REPLACE INTO services (service_id, brand_id, owner_id, plan_id, ext_place_id, ext_source, title, address, lat, lng, verification_level) VALUES ('STB_441', 'brand_starbucks', '01ARZ3NDEKTSV4RRFFQ69G5FAV', 'free', 'STB_OFFICIAL_441', 'starbucks_official', 'スターバックス コーヒー イオン札幌桑園店', '北海道 札幌市中央区 北8条西14丁目28 イオン札幌桑園ショッピングセンター', 43.0695656464, 141.333139688, 1);
INSERT OR REPLACE INTO service_category_rel (service_id, category_id) VALUES ('STB_441', 'cat_cafe');
INSERT OR REPLACE INTO service_cafe_details (service_id, has_wifi) VALUES ('STB_441', 1);
INSERT OR REPLACE INTO services (service_id, brand_id, owner_id, plan_id, ext_place_id, ext_source, title, address, lat, lng, verification_level) VALUES ('STB_451', 'brand_starbucks', '01ARZ3NDEKTSV4RRFFQ69G5FAV', 'free', 'STB_OFFICIAL_451', 'starbucks_official', 'スターバックス コーヒー 札幌ステラプレイス センター1階店', '北海道 札幌市中央区 北5条西2丁目5 JRタワー「ステラプレイス」', 43.0678630831, 141.350900791, 1);
INSERT OR REPLACE INTO service_category_rel (service_id, category_id) VALUES ('STB_451', 'cat_cafe');
INSERT OR REPLACE INTO service_cafe_details (service_id, has_wifi) VALUES ('STB_451', 1);
INSERT OR REPLACE INTO services (service_id, brand_id, owner_id, plan_id, ext_place_id, ext_source, title, address, lat, lng, verification_level) VALUES ('STB_505', 'brand_starbucks', '01ARZ3NDEKTSV4RRFFQ69G5FAV', 'free', 'STB_OFFICIAL_505', 'starbucks_official', 'スターバックス コーヒー イオンモール札幌苗穂店', '北海道 札幌市東区 東苗穂2条3丁目1-1 イオンモール札幌苗穂', 43.0799921531, 141.403735289, 1);
INSERT OR REPLACE INTO service_category_rel (service_id, category_id) VALUES ('STB_505', 'cat_cafe');
INSERT OR REPLACE INTO service_cafe_details (service_id, has_wifi) VALUES ('STB_505', 1);
INSERT OR REPLACE INTO services (service_id, brand_id, owner_id, plan_id, ext_place_id, ext_source, title, address, lat, lng, verification_level) VALUES ('STB_554', 'brand_starbucks', '01ARZ3NDEKTSV4RRFFQ69G5FAV', 'free', 'STB_OFFICIAL_554', 'starbucks_official', 'スターバックス コーヒー イオンモール旭川西店', '北海道 旭川市 緑町23丁目2161-3 イオンモール旭川西', 43.7936938908, 142.327244062, 1);
INSERT OR REPLACE INTO service_category_rel (service_id, category_id) VALUES ('STB_554', 'cat_cafe');
INSERT OR REPLACE INTO service_cafe_details (service_id, has_wifi) VALUES ('STB_554', 1);
INSERT OR REPLACE INTO services (service_id, brand_id, owner_id, plan_id, ext_place_id, ext_source, title, address, lat, lng, verification_level) VALUES ('STB_612', 'brand_starbucks', '01ARZ3NDEKTSV4RRFFQ69G5FAV', 'free', 'STB_OFFICIAL_612', 'starbucks_official', 'スターバックス コーヒー イオンモール苫小牧店', '北海道 苫小牧市 柳町3-1-20 イオンモール苫小牧', 42.6562927356, 141.641448946, 1);
INSERT OR REPLACE INTO service_category_rel (service_id, category_id) VALUES ('STB_612', 'cat_cafe');
INSERT OR REPLACE INTO service_cafe_details (service_id, has_wifi) VALUES ('STB_612', 1);
INSERT OR REPLACE INTO services (service_id, brand_id, owner_id, plan_id, ext_place_id, ext_source, title, address, lat, lng, verification_level) VALUES ('STB_649', 'brand_starbucks', '01ARZ3NDEKTSV4RRFFQ69G5FAV', 'free', 'STB_OFFICIAL_649', 'starbucks_official', 'スターバックス コーヒー アリオ札幌店', '北海道 札幌市東区 北７条東9丁目2-20 アリオ札幌', 43.071534156, 141.371188382, 1);
INSERT OR REPLACE INTO service_category_rel (service_id, category_id) VALUES ('STB_649', 'cat_cafe');
INSERT OR REPLACE INTO service_cafe_details (service_id, has_wifi) VALUES ('STB_649', 1);
INSERT OR REPLACE INTO services (service_id, brand_id, owner_id, plan_id, ext_place_id, ext_source, title, address, lat, lng, verification_level) VALUES ('STB_741', 'brand_starbucks', '01ARZ3NDEKTSV4RRFFQ69G5FAV', 'free', 'STB_OFFICIAL_741', 'starbucks_official', 'スターバックス コーヒー 旭川医科大学病院店', '北海道 旭川市 緑が丘東2条1丁目1-1 旭川医科大学病院', 43.7298656068, 142.384492525, 1);
INSERT OR REPLACE INTO service_category_rel (service_id, category_id) VALUES ('STB_741', 'cat_cafe');
INSERT OR REPLACE INTO service_cafe_details (service_id, has_wifi) VALUES ('STB_741', 0);
INSERT OR REPLACE INTO services (service_id, brand_id, owner_id, plan_id, ext_place_id, ext_source, title, address, lat, lng, verification_level) VALUES ('STB_751', 'brand_starbucks', '01ARZ3NDEKTSV4RRFFQ69G5FAV', 'free', 'STB_OFFICIAL_751', 'starbucks_official', 'スターバックス コーヒー イオンモール札幌平岡店', '北海道 札幌市清田区 平岡三条5丁目3-1 イオンモール札幌平岡', 42.9967328465, 141.458384862, 1);
INSERT OR REPLACE INTO service_category_rel (service_id, category_id) VALUES ('STB_751', 'cat_cafe');
INSERT OR REPLACE INTO service_cafe_details (service_id, has_wifi) VALUES ('STB_751', 1);
INSERT OR REPLACE INTO services (service_id, brand_id, owner_id, plan_id, ext_place_id, ext_source, title, address, lat, lng, verification_level) VALUES ('STB_788', 'brand_starbucks', '01ARZ3NDEKTSV4RRFFQ69G5FAV', 'free', 'STB_OFFICIAL_788', 'starbucks_official', 'スターバックス コーヒー 札幌医科大学附属病院店', '北海道 札幌市中央区 南1条西16丁目 札幌医科大学附属病院', 43.0551766358, 141.333479489, 1);
INSERT OR REPLACE INTO service_category_rel (service_id, category_id) VALUES ('STB_788', 'cat_cafe');
INSERT OR REPLACE INTO service_cafe_details (service_id, has_wifi) VALUES ('STB_788', 1);
INSERT OR REPLACE INTO services (service_id, brand_id, owner_id, plan_id, ext_place_id, ext_source, title, address, lat, lng, verification_level) VALUES ('STB_793', 'brand_starbucks', '01ARZ3NDEKTSV4RRFFQ69G5FAV', 'free', 'STB_OFFICIAL_793', 'starbucks_official', 'スターバックス コーヒー 札幌石山店', '北海道 札幌市南区 石山2条9丁目7-50 アクロスプラザ札幌南', 42.96109943, 141.314933694, 1);
INSERT OR REPLACE INTO service_category_rel (service_id, category_id) VALUES ('STB_793', 'cat_cafe');
INSERT OR REPLACE INTO service_cafe_details (service_id, has_wifi) VALUES ('STB_793', 1);
INSERT OR REPLACE INTO services (service_id, brand_id, owner_id, plan_id, ext_place_id, ext_source, title, address, lat, lng, verification_level) VALUES ('STB_846', 'brand_starbucks', '01ARZ3NDEKTSV4RRFFQ69G5FAV', 'free', 'STB_OFFICIAL_846', 'starbucks_official', 'スターバックス コーヒー 札幌パルコ店', '北海道 札幌市中央区 南1条西3丁目3 札幌パルコ', 43.0587327177, 141.353583766, 1);
INSERT OR REPLACE INTO service_category_rel (service_id, category_id) VALUES ('STB_846', 'cat_cafe');
INSERT OR REPLACE INTO service_cafe_details (service_id, has_wifi) VALUES ('STB_846', 1);
INSERT OR REPLACE INTO services (service_id, brand_id, owner_id, plan_id, ext_place_id, ext_source, title, address, lat, lng, verification_level) VALUES ('STB_855', 'brand_starbucks', '01ARZ3NDEKTSV4RRFFQ69G5FAV', 'free', 'STB_OFFICIAL_855', 'starbucks_official', 'スターバックス コーヒー 北広島大曲店', '北海道 北広島市 大曲幸町6-1 インターヴィレッジ大曲', 42.9685246999, 141.471273424, 1);
INSERT OR REPLACE INTO service_category_rel (service_id, category_id) VALUES ('STB_855', 'cat_cafe');
INSERT OR REPLACE INTO service_cafe_details (service_id, has_wifi) VALUES ('STB_855', 1);
INSERT OR REPLACE INTO services (service_id, brand_id, owner_id, plan_id, ext_place_id, ext_source, title, address, lat, lng, verification_level) VALUES ('STB_914', 'brand_starbucks', '01ARZ3NDEKTSV4RRFFQ69G5FAV', 'free', 'STB_OFFICIAL_914', 'starbucks_official', 'スターバックス コーヒー 札幌円山店', '北海道 札幌市中央区 南1条西27丁目1-1 マルヤマクラス', 43.0547364155, 141.318169114, 1);
INSERT OR REPLACE INTO service_category_rel (service_id, category_id) VALUES ('STB_914', 'cat_cafe');
INSERT OR REPLACE INTO service_cafe_details (service_id, has_wifi) VALUES ('STB_914', 1);
INSERT OR REPLACE INTO services (service_id, brand_id, owner_id, plan_id, ext_place_id, ext_source, title, address, lat, lng, verification_level) VALUES ('STB_1012', 'brand_starbucks', '01ARZ3NDEKTSV4RRFFQ69G5FAV', 'free', 'STB_OFFICIAL_1012', 'starbucks_official', 'スターバックス コーヒー 函館ベイサイド店', '北海道 函館市 末広町24-6 函館西波止場', 41.766592557, 140.715439318, 1);
INSERT OR REPLACE INTO service_category_rel (service_id, category_id) VALUES ('STB_1012', 'cat_cafe');
INSERT OR REPLACE INTO service_cafe_details (service_id, has_wifi) VALUES ('STB_1012', 1);
INSERT OR REPLACE INTO services (service_id, brand_id, owner_id, plan_id, ext_place_id, ext_source, title, address, lat, lng, verification_level) VALUES ('STB_1015', 'brand_starbucks', '01ARZ3NDEKTSV4RRFFQ69G5FAV', 'free', 'STB_OFFICIAL_1015', 'starbucks_official', 'スターバックス コーヒー 新千歳空港店', '北海道 千歳市 美々  新千歳空港連絡施設 3F', 42.7875821474, 141.68019385, 1);
INSERT OR REPLACE INTO service_category_rel (service_id, category_id) VALUES ('STB_1015', 'cat_cafe');
INSERT OR REPLACE INTO service_cafe_details (service_id, has_wifi) VALUES ('STB_1015', 1);
INSERT OR REPLACE INTO services (service_id, brand_id, owner_id, plan_id, ext_place_id, ext_source, title, address, lat, lng, verification_level) VALUES ('STB_1051', 'brand_starbucks', '01ARZ3NDEKTSV4RRFFQ69G5FAV', 'free', 'STB_OFFICIAL_1051', 'starbucks_official', 'スターバックス コーヒー 札幌美園店', '北海道 札幌市豊平区 美園3条6丁目2-18', 43.0406175021, 141.389338298, 1);
INSERT OR REPLACE INTO service_category_rel (service_id, category_id) VALUES ('STB_1051', 'cat_cafe');
INSERT OR REPLACE INTO service_cafe_details (service_id, has_wifi) VALUES ('STB_1051', 1);
INSERT OR REPLACE INTO services (service_id, brand_id, owner_id, plan_id, ext_place_id, ext_source, title, address, lat, lng, verification_level) VALUES ('STB_1126', 'brand_starbucks', '01ARZ3NDEKTSV4RRFFQ69G5FAV', 'free', 'STB_OFFICIAL_1126', 'starbucks_official', 'スターバックス コーヒー イオンモール札幌発寒店', '北海道 札幌市西区 発寒8条12丁目1-1 イオンモール札幌発寒', 43.0957543752, 141.277606705, 1);
INSERT OR REPLACE INTO service_category_rel (service_id, category_id) VALUES ('STB_1126', 'cat_cafe');
INSERT OR REPLACE INTO service_cafe_details (service_id, has_wifi) VALUES ('STB_1126', 1);
INSERT OR REPLACE INTO services (service_id, brand_id, owner_id, plan_id, ext_place_id, ext_source, title, address, lat, lng, verification_level) VALUES ('STB_1166', 'brand_starbucks', '01ARZ3NDEKTSV4RRFFQ69G5FAV', 'free', 'STB_OFFICIAL_1166', 'starbucks_official', 'スターバックス コーヒー 札幌ステラプレイス イースト2階店', '北海道 札幌市中央区 北5条西2丁目5', 43.0681039179, 141.352458428, 1);
INSERT OR REPLACE INTO service_category_rel (service_id, category_id) VALUES ('STB_1166', 'cat_cafe');
INSERT OR REPLACE INTO service_cafe_details (service_id, has_wifi) VALUES ('STB_1166', 1);
INSERT OR REPLACE INTO services (service_id, brand_id, owner_id, plan_id, ext_place_id, ext_source, title, address, lat, lng, verification_level) VALUES ('STB_1217', 'brand_starbucks', '01ARZ3NDEKTSV4RRFFQ69G5FAV', 'free', 'STB_OFFICIAL_1217', 'starbucks_official', 'スターバックス コーヒー 札幌紀伊國屋書店', '北海道 札幌市中央区 北5条西5丁目7 sapporo55 紀伊國屋書店内2階', 43.0672750476, 141.3484438, 1);
INSERT OR REPLACE INTO service_category_rel (service_id, category_id) VALUES ('STB_1217', 'cat_cafe');
INSERT OR REPLACE INTO service_cafe_details (service_id, has_wifi) VALUES ('STB_1217', 1);
INSERT OR REPLACE INTO services (service_id, brand_id, owner_id, plan_id, ext_place_id, ext_source, title, address, lat, lng, verification_level) VALUES ('STB_1251', 'brand_starbucks', '01ARZ3NDEKTSV4RRFFQ69G5FAV', 'free', 'STB_OFFICIAL_1251', 'starbucks_official', 'スターバックス コーヒー 札幌環状通東店', '北海道 札幌市東区 本町2条1丁目5-1', 43.0825284482, 141.382091137, 1);
INSERT OR REPLACE INTO service_category_rel (service_id, category_id) VALUES ('STB_1251', 'cat_cafe');
INSERT OR REPLACE INTO service_cafe_details (service_id, has_wifi) VALUES ('STB_1251', 1);
INSERT OR REPLACE INTO services (service_id, brand_id, owner_id, plan_id, ext_place_id, ext_source, title, address, lat, lng, verification_level) VALUES ('STB_1255', 'brand_starbucks', '01ARZ3NDEKTSV4RRFFQ69G5FAV', 'free', 'STB_OFFICIAL_1255', 'starbucks_official', 'スターバックス コーヒー 札幌宮ケ丘店', '北海道 札幌市中央区 宮ケ丘1-1-1', 43.0576318498, 141.313058572, 1);
INSERT OR REPLACE INTO service_category_rel (service_id, category_id) VALUES ('STB_1255', 'cat_cafe');
INSERT OR REPLACE INTO service_cafe_details (service_id, has_wifi) VALUES ('STB_1255', 1);
INSERT OR REPLACE INTO services (service_id, brand_id, owner_id, plan_id, ext_place_id, ext_source, title, address, lat, lng, verification_level) VALUES ('STB_1266', 'brand_starbucks', '01ARZ3NDEKTSV4RRFFQ69G5FAV', 'free', 'STB_OFFICIAL_1266', 'starbucks_official', 'スターバックス コーヒー イオンモール旭川駅前店', '北海道 旭川市 宮下通7-2-5', 43.7643411797, 142.358054522, 1);
INSERT OR REPLACE INTO service_category_rel (service_id, category_id) VALUES ('STB_1266', 'cat_cafe');
INSERT OR REPLACE INTO service_cafe_details (service_id, has_wifi) VALUES ('STB_1266', 1);
INSERT OR REPLACE INTO services (service_id, brand_id, owner_id, plan_id, ext_place_id, ext_source, title, address, lat, lng, verification_level) VALUES ('STB_1281', 'brand_starbucks', '01ARZ3NDEKTSV4RRFFQ69G5FAV', 'free', 'STB_OFFICIAL_1281', 'starbucks_official', 'スターバックス コーヒー 帯広稲田店', '北海道 帯広市 稲田町南8線西10-7', 42.8914561948, 143.199989793, 1);
INSERT OR REPLACE INTO service_category_rel (service_id, category_id) VALUES ('STB_1281', 'cat_cafe');
INSERT OR REPLACE INTO service_cafe_details (service_id, has_wifi) VALUES ('STB_1281', 1);
INSERT OR REPLACE INTO services (service_id, brand_id, owner_id, plan_id, ext_place_id, ext_source, title, address, lat, lng, verification_level) VALUES ('STB_1314', 'brand_starbucks', '01ARZ3NDEKTSV4RRFFQ69G5FAV', 'free', 'STB_OFFICIAL_1314', 'starbucks_official', 'スターバックス コーヒー 札幌西町店', '北海道 札幌市西区 西町南4-1-20', 43.0778845674, 141.290506456, 1);
INSERT OR REPLACE INTO service_category_rel (service_id, category_id) VALUES ('STB_1314', 'cat_cafe');
INSERT OR REPLACE INTO service_cafe_details (service_id, has_wifi) VALUES ('STB_1314', 1);
INSERT OR REPLACE INTO services (service_id, brand_id, owner_id, plan_id, ext_place_id, ext_source, title, address, lat, lng, verification_level) VALUES ('STB_1387', 'brand_starbucks', '01ARZ3NDEKTSV4RRFFQ69G5FAV', 'free', 'STB_OFFICIAL_1387', 'starbucks_official', 'スターバックス コーヒー 旭川東光店', '北海道 旭川市 東光13条6丁目2-6', 43.7426715769, 142.407126444, 1);
INSERT OR REPLACE INTO service_category_rel (service_id, category_id) VALUES ('STB_1387', 'cat_cafe');
INSERT OR REPLACE INTO service_cafe_details (service_id, has_wifi) VALUES ('STB_1387', 1);
INSERT OR REPLACE INTO services (service_id, brand_id, owner_id, plan_id, ext_place_id, ext_source, title, address, lat, lng, verification_level) VALUES ('STB_1413', 'brand_starbucks', '01ARZ3NDEKTSV4RRFFQ69G5FAV', 'free', 'STB_OFFICIAL_1413', 'starbucks_official', 'スターバックス コーヒー 札幌旭ケ丘店', '北海道 札幌市中央区 南8条西23丁目4-6', 43.0469351419, 141.324710041, 1);
INSERT OR REPLACE INTO service_category_rel (service_id, category_id) VALUES ('STB_1413', 'cat_cafe');
INSERT OR REPLACE INTO service_cafe_details (service_id, has_wifi) VALUES ('STB_1413', 1);
INSERT OR REPLACE INTO services (service_id, brand_id, owner_id, plan_id, ext_place_id, ext_source, title, address, lat, lng, verification_level) VALUES ('STB_1427', 'brand_starbucks', '01ARZ3NDEKTSV4RRFFQ69G5FAV', 'free', 'STB_OFFICIAL_1427', 'starbucks_official', 'スターバックス コーヒー 帯広白樺通り店', '北海道 帯広市 西21条南3丁目1-6', 42.9174199292, 143.143398853, 1);
INSERT OR REPLACE INTO service_category_rel (service_id, category_id) VALUES ('STB_1427', 'cat_cafe');
INSERT OR REPLACE INTO service_cafe_details (service_id, has_wifi) VALUES ('STB_1427', 1);
INSERT OR REPLACE INTO services (service_id, brand_id, owner_id, plan_id, ext_place_id, ext_source, title, address, lat, lng, verification_level) VALUES ('STB_1431', 'brand_starbucks', '01ARZ3NDEKTSV4RRFFQ69G5FAV', 'free', 'STB_OFFICIAL_1431', 'starbucks_official', 'スターバックス コーヒー 札幌北野店', '北海道 札幌市清田区 北野6条5丁目6-36', 43.0161753832, 141.452317804, 1);
INSERT OR REPLACE INTO service_category_rel (service_id, category_id) VALUES ('STB_1431', 'cat_cafe');
INSERT OR REPLACE INTO service_cafe_details (service_id, has_wifi) VALUES ('STB_1431', 1);
INSERT OR REPLACE INTO services (service_id, brand_id, owner_id, plan_id, ext_place_id, ext_source, title, address, lat, lng, verification_level) VALUES ('STB_1549', 'brand_starbucks', '01ARZ3NDEKTSV4RRFFQ69G5FAV', 'free', 'STB_OFFICIAL_1549', 'starbucks_official', 'スターバックス コーヒー 釧路鶴見橋店', '北海道 釧路市 昭和中央1-1-1', 43.0161082842, 144.369160288, 1);
INSERT OR REPLACE INTO service_category_rel (service_id, category_id) VALUES ('STB_1549', 'cat_cafe');
INSERT OR REPLACE INTO service_cafe_details (service_id, has_wifi) VALUES ('STB_1549', 1);
INSERT OR REPLACE INTO services (service_id, brand_id, owner_id, plan_id, ext_place_id, ext_source, title, address, lat, lng, verification_level) VALUES ('STB_1669', 'brand_starbucks', '01ARZ3NDEKTSV4RRFFQ69G5FAV', 'free', 'STB_OFFICIAL_1669', 'starbucks_official', 'スターバックス コーヒー イオン釧路店', '北海道 釧路郡 釧路町桂木1-1-7 イオン釧路店', 43.0098118031, 144.404838171, 1);
INSERT OR REPLACE INTO service_category_rel (service_id, category_id) VALUES ('STB_1669', 'cat_cafe');
INSERT OR REPLACE INTO service_cafe_details (service_id, has_wifi) VALUES ('STB_1669', 1);
INSERT OR REPLACE INTO services (service_id, brand_id, owner_id, plan_id, ext_place_id, ext_source, title, address, lat, lng, verification_level) VALUES ('STB_1675', 'brand_starbucks', '01ARZ3NDEKTSV4RRFFQ69G5FAV', 'free', 'STB_OFFICIAL_1675', 'starbucks_official', 'スターバックス コーヒー 函館五稜郭駅前店', '北海道 函館市 亀田本町46-1', 41.8037455932, 140.73510653, 1);
INSERT OR REPLACE INTO service_category_rel (service_id, category_id) VALUES ('STB_1675', 'cat_cafe');
INSERT OR REPLACE INTO service_cafe_details (service_id, has_wifi) VALUES ('STB_1675', 1);
INSERT OR REPLACE INTO services (service_id, brand_id, owner_id, plan_id, ext_place_id, ext_source, title, address, lat, lng, verification_level) VALUES ('STB_1773', 'brand_starbucks', '01ARZ3NDEKTSV4RRFFQ69G5FAV', 'free', 'STB_OFFICIAL_1773', 'starbucks_official', 'スターバックス コーヒー ブランチ札幌月寒店', '北海道 札幌市豊平区 月寒東3条11丁目1-29 BRANCH札幌月寒', 43.0289552288, 141.410417362, 1);
INSERT OR REPLACE INTO service_category_rel (service_id, category_id) VALUES ('STB_1773', 'cat_cafe');
INSERT OR REPLACE INTO service_cafe_details (service_id, has_wifi) VALUES ('STB_1773', 1);
INSERT OR REPLACE INTO services (service_id, brand_id, owner_id, plan_id, ext_place_id, ext_source, title, address, lat, lng, verification_level) VALUES ('STB_1780', 'brand_starbucks', '01ARZ3NDEKTSV4RRFFQ69G5FAV', 'free', 'STB_OFFICIAL_1780', 'starbucks_official', 'スターバックス コーヒー 大同生命札幌ビル ミレド地下1階店', '北海道 札幌市中央区 北三条西3丁目1 大同生命札幌ビル地下1階', 43.0646820457, 141.35154144, 1);
INSERT OR REPLACE INTO service_category_rel (service_id, category_id) VALUES ('STB_1780', 'cat_cafe');
INSERT OR REPLACE INTO service_cafe_details (service_id, has_wifi) VALUES ('STB_1780', 1);
INSERT OR REPLACE INTO services (service_id, brand_id, owner_id, plan_id, ext_place_id, ext_source, title, address, lat, lng, verification_level) VALUES ('STB_1781', 'brand_starbucks', '01ARZ3NDEKTSV4RRFFQ69G5FAV', 'free', 'STB_OFFICIAL_1781', 'starbucks_official', 'スターバックス コーヒー 大同生命札幌ビル ミレド2階店', '北海道 札幌市中央区 北三条西3丁目1 大同生命札幌ビル2階', 43.0647214824, 141.351337566, 1);
INSERT OR REPLACE INTO service_category_rel (service_id, category_id) VALUES ('STB_1781', 'cat_cafe');
INSERT OR REPLACE INTO service_cafe_details (service_id, has_wifi) VALUES ('STB_1781', 1);
INSERT OR REPLACE INTO services (service_id, brand_id, owner_id, plan_id, ext_place_id, ext_source, title, address, lat, lng, verification_level) VALUES ('STB_1782', 'brand_starbucks', '01ARZ3NDEKTSV4RRFFQ69G5FAV', 'free', 'STB_OFFICIAL_1782', 'starbucks_official', 'スターバックス コーヒー 旭川北彩都店', '北海道 旭川市 宮前2条1丁目1-1', 43.7611215812, 142.361324954, 1);
INSERT OR REPLACE INTO service_category_rel (service_id, category_id) VALUES ('STB_1782', 'cat_cafe');
INSERT OR REPLACE INTO service_cafe_details (service_id, has_wifi) VALUES ('STB_1782', 1);
INSERT OR REPLACE INTO services (service_id, brand_id, owner_id, plan_id, ext_place_id, ext_source, title, address, lat, lng, verification_level) VALUES ('STB_1845', 'brand_starbucks', '01ARZ3NDEKTSV4RRFFQ69G5FAV', 'free', 'STB_OFFICIAL_1845', 'starbucks_official', 'スターバックス コーヒー 北見三輪店', '北海道 北見市 東三輪2-36-4', 43.798322662, 143.859605755, 1);
INSERT OR REPLACE INTO service_category_rel (service_id, category_id) VALUES ('STB_1845', 'cat_cafe');
INSERT OR REPLACE INTO service_cafe_details (service_id, has_wifi) VALUES ('STB_1845', 1);
INSERT OR REPLACE INTO services (service_id, brand_id, owner_id, plan_id, ext_place_id, ext_source, title, address, lat, lng, verification_level) VALUES ('STB_1847', 'brand_starbucks', '01ARZ3NDEKTSV4RRFFQ69G5FAV', 'free', 'STB_OFFICIAL_1847', 'starbucks_official', 'スターバックス コーヒー 旭川大雪通店', '北海道 旭川市 大雪通4-491-2', 43.7775410814, 142.385549408, 1);
INSERT OR REPLACE INTO service_category_rel (service_id, category_id) VALUES ('STB_1847', 'cat_cafe');
INSERT OR REPLACE INTO service_cafe_details (service_id, has_wifi) VALUES ('STB_1847', 1);
INSERT OR REPLACE INTO services (service_id, brand_id, owner_id, plan_id, ext_place_id, ext_source, title, address, lat, lng, verification_level) VALUES ('STB_1886', 'brand_starbucks', '01ARZ3NDEKTSV4RRFFQ69G5FAV', 'free', 'STB_OFFICIAL_1886', 'starbucks_official', 'スターバックス コーヒー シエスタハコダテ店', '北海道 函館市 本町24-1 シエスタハコダテ', 41.7896185092, 140.75192745, 1);
INSERT OR REPLACE INTO service_category_rel (service_id, category_id) VALUES ('STB_1886', 'cat_cafe');
INSERT OR REPLACE INTO service_cafe_details (service_id, has_wifi) VALUES ('STB_1886', 1);
INSERT OR REPLACE INTO services (service_id, brand_id, owner_id, plan_id, ext_place_id, ext_source, title, address, lat, lng, verification_level) VALUES ('STB_2046', 'brand_starbucks', '01ARZ3NDEKTSV4RRFFQ69G5FAV', 'free', 'STB_OFFICIAL_2046', 'starbucks_official', 'スターバックス コーヒー 函館蔦屋書店', '北海道 函館市 石川町85-1', 41.8309610303, 140.735946596, 1);
INSERT OR REPLACE INTO service_category_rel (service_id, category_id) VALUES ('STB_2046', 'cat_cafe');
INSERT OR REPLACE INTO service_cafe_details (service_id, has_wifi) VALUES ('STB_2046', 0);
INSERT OR REPLACE INTO services (service_id, brand_id, owner_id, plan_id, ext_place_id, ext_source, title, address, lat, lng, verification_level) VALUES ('STB_2113', 'brand_starbucks', '01ARZ3NDEKTSV4RRFFQ69G5FAV', 'free', 'STB_OFFICIAL_2113', 'starbucks_official', 'スターバックス コーヒー 江別 蔦屋書店', '北海道 江別市 牧場町14-1', 43.1150113405, 141.539848206, 1);
INSERT OR REPLACE INTO service_category_rel (service_id, category_id) VALUES ('STB_2113', 'cat_cafe');
INSERT OR REPLACE INTO service_cafe_details (service_id, has_wifi) VALUES ('STB_2113', 1);
INSERT OR REPLACE INTO services (service_id, brand_id, owner_id, plan_id, ext_place_id, ext_source, title, address, lat, lng, verification_level) VALUES ('STB_2329', 'brand_starbucks', '01ARZ3NDEKTSV4RRFFQ69G5FAV', 'free', 'STB_OFFICIAL_2329', 'starbucks_official', 'スターバックス コーヒー TSUTAYA BOOKSTORE 滝川店', '北海道 滝川市 新町2-10-15', 43.5545550936, 141.917709919, 1);
INSERT OR REPLACE INTO service_category_rel (service_id, category_id) VALUES ('STB_2329', 'cat_cafe');
INSERT OR REPLACE INTO service_cafe_details (service_id, has_wifi) VALUES ('STB_2329', 1);
INSERT OR REPLACE INTO services (service_id, brand_id, owner_id, plan_id, ext_place_id, ext_source, title, address, lat, lng, verification_level) VALUES ('STB_4027', 'brand_starbucks', '01ARZ3NDEKTSV4RRFFQ69G5FAV', 'free', 'STB_OFFICIAL_4027', 'starbucks_official', 'スターバックス コーヒー はなふる恵庭店', '北海道 恵庭市 南島松817-4 花の拠点はなふる', 42.8968915833, 141.585727495, 1);
INSERT OR REPLACE INTO service_category_rel (service_id, category_id) VALUES ('STB_4027', 'cat_cafe');
INSERT OR REPLACE INTO service_cafe_details (service_id, has_wifi) VALUES ('STB_4027', 1);
INSERT OR REPLACE INTO services (service_id, brand_id, owner_id, plan_id, ext_place_id, ext_source, title, address, lat, lng, verification_level) VALUES ('STB_4062', 'brand_starbucks', '01ARZ3NDEKTSV4RRFFQ69G5FAV', 'free', 'STB_OFFICIAL_4062', 'starbucks_official', 'スターバックス コーヒー 札幌川下店', '北海道 札幌市白石区 川下5条4丁目1-20', 43.0532893769, 141.447044589, 1);
INSERT OR REPLACE INTO service_category_rel (service_id, category_id) VALUES ('STB_4062', 'cat_cafe');
INSERT OR REPLACE INTO service_cafe_details (service_id, has_wifi) VALUES ('STB_4062', 1);
INSERT OR REPLACE INTO services (service_id, brand_id, owner_id, plan_id, ext_place_id, ext_source, title, address, lat, lng, verification_level) VALUES ('STB_4083', 'brand_starbucks', '01ARZ3NDEKTSV4RRFFQ69G5FAV', 'free', 'STB_OFFICIAL_4083', 'starbucks_official', 'スターバックス コーヒー 北見KITFRONT店', '北海道 北見市 柏陽町592-6 北見KITFRONT', 43.8232983291, 143.90761034, 1);
INSERT OR REPLACE INTO service_category_rel (service_id, category_id) VALUES ('STB_4083', 'cat_cafe');
INSERT OR REPLACE INTO service_cafe_details (service_id, has_wifi) VALUES ('STB_4083', 1);
INSERT OR REPLACE INTO services (service_id, brand_id, owner_id, plan_id, ext_place_id, ext_source, title, address, lat, lng, verification_level) VALUES ('STB_4202', 'brand_starbucks', '01ARZ3NDEKTSV4RRFFQ69G5FAV', 'free', 'STB_OFFICIAL_4202', 'starbucks_official', 'スターバックス コーヒー 千歳信濃店', '北海道 千歳市 信濃3-17-11', 42.8389191954, 141.634722484, 1);
INSERT OR REPLACE INTO service_category_rel (service_id, category_id) VALUES ('STB_4202', 'cat_cafe');
INSERT OR REPLACE INTO service_cafe_details (service_id, has_wifi) VALUES ('STB_4202', 1);
INSERT OR REPLACE INTO services (service_id, brand_id, owner_id, plan_id, ext_place_id, ext_source, title, address, lat, lng, verification_level) VALUES ('STB_4260', 'brand_starbucks', '01ARZ3NDEKTSV4RRFFQ69G5FAV', 'free', 'STB_OFFICIAL_4260', 'starbucks_official', 'スターバックス コーヒー 苫小牧末広店', '北海道 苫小牧市 末広町3-8-14', 42.6375800226, 141.610081579, 1);
INSERT OR REPLACE INTO service_category_rel (service_id, category_id) VALUES ('STB_4260', 'cat_cafe');
INSERT OR REPLACE INTO service_cafe_details (service_id, has_wifi) VALUES ('STB_4260', 1);
INSERT OR REPLACE INTO services (service_id, brand_id, owner_id, plan_id, ext_place_id, ext_source, title, address, lat, lng, verification_level) VALUES ('STB_4273', 'brand_starbucks', '01ARZ3NDEKTSV4RRFFQ69G5FAV', 'free', 'STB_OFFICIAL_4273', 'starbucks_official', 'スターバックス コーヒー 新さっぽろサンピアザ店', '北海道 札幌市厚別区 厚別中央2条5丁目7-2 新さっぽろアークシティ サンピアザSC', 43.0375820547, 141.47236182, 1);
INSERT OR REPLACE INTO service_category_rel (service_id, category_id) VALUES ('STB_4273', 'cat_cafe');
INSERT OR REPLACE INTO service_cafe_details (service_id, has_wifi) VALUES ('STB_4273', 1);
INSERT OR REPLACE INTO services (service_id, brand_id, owner_id, plan_id, ext_place_id, ext_source, title, address, lat, lng, verification_level) VALUES ('STB_4279', 'brand_starbucks', '01ARZ3NDEKTSV4RRFFQ69G5FAV', 'free', 'STB_OFFICIAL_4279', 'starbucks_official', 'スターバックス コーヒー ココノ ススキノ店', '北海道 札幌市中央区 南４条西4-1-1 ココノ ススキノ 地下1階', 43.05516309, 141.353037865, 1);
INSERT OR REPLACE INTO service_category_rel (service_id, category_id) VALUES ('STB_4279', 'cat_cafe');
INSERT OR REPLACE INTO service_cafe_details (service_id, has_wifi) VALUES ('STB_4279', 1);
INSERT OR REPLACE INTO services (service_id, brand_id, owner_id, plan_id, ext_place_id, ext_source, title, address, lat, lng, verification_level) VALUES ('STB_4295', 'brand_starbucks', '01ARZ3NDEKTSV4RRFFQ69G5FAV', 'free', 'STB_OFFICIAL_4295', 'starbucks_official', 'スターバックス コーヒー 室蘭店', '北海道 室蘭市 中島本町1-3-1 モルエ中島', 42.3541412956, 141.012815067, 1);
INSERT OR REPLACE INTO service_category_rel (service_id, category_id) VALUES ('STB_4295', 'cat_cafe');
INSERT OR REPLACE INTO service_cafe_details (service_id, has_wifi) VALUES ('STB_4295', 1);
INSERT OR REPLACE INTO services (service_id, brand_id, owner_id, plan_id, ext_place_id, ext_source, title, address, lat, lng, verification_level) VALUES ('STB_4412', 'brand_starbucks', '01ARZ3NDEKTSV4RRFFQ69G5FAV', 'free', 'STB_OFFICIAL_4412', 'starbucks_official', 'スターバックス コーヒー 札幌菊水元町店', '北海道 札幌市白石区 菊水元町7条1丁目10－23', 43.0733101932, 141.409640106, 1);
INSERT OR REPLACE INTO service_category_rel (service_id, category_id) VALUES ('STB_4412', 'cat_cafe');
INSERT OR REPLACE INTO service_cafe_details (service_id, has_wifi) VALUES ('STB_4412', 1);
INSERT OR REPLACE INTO services (service_id, brand_id, owner_id, plan_id, ext_place_id, ext_source, title, address, lat, lng, verification_level) VALUES ('STB_4418', 'brand_starbucks', '01ARZ3NDEKTSV4RRFFQ69G5FAV', 'free', 'STB_OFFICIAL_4418', 'starbucks_official', 'スターバックス コーヒー 札幌アピア店', '北海道 札幌市中央区 北5条西4丁目 アピア地下1階', 43.0669292871, 141.350496701, 1);
INSERT OR REPLACE INTO service_category_rel (service_id, category_id) VALUES ('STB_4418', 'cat_cafe');
INSERT OR REPLACE INTO service_cafe_details (service_id, has_wifi) VALUES ('STB_4418', 1);
INSERT OR REPLACE INTO services (service_id, brand_id, owner_id, plan_id, ext_place_id, ext_source, title, address, lat, lng, verification_level) VALUES ('STB_4443', 'brand_starbucks', '01ARZ3NDEKTSV4RRFFQ69G5FAV', 'free', 'STB_OFFICIAL_4443', 'starbucks_official', 'スターバックス コーヒー 函館美原店', '北海道 函館市 美原1-36-14', 41.8165183675, 140.749508079, 1);
INSERT OR REPLACE INTO service_category_rel (service_id, category_id) VALUES ('STB_4443', 'cat_cafe');
INSERT OR REPLACE INTO service_cafe_details (service_id, has_wifi) VALUES ('STB_4443', 1);
INSERT OR REPLACE INTO services (service_id, brand_id, owner_id, plan_id, ext_place_id, ext_source, title, address, lat, lng, verification_level) VALUES ('STB_4488', 'brand_starbucks', '01ARZ3NDEKTSV4RRFFQ69G5FAV', 'free', 'STB_OFFICIAL_4488', 'starbucks_official', 'スターバックス コーヒー スターバックス ティー＆カフェ 札幌4丁目プレイス店', '北海道 札幌市中央区 南1条西4丁目1-1 札幌4丁目プレイス 2階', 43.0585729881, 141.352179724, 1);
INSERT OR REPLACE INTO service_category_rel (service_id, category_id) VALUES ('STB_4488', 'cat_cafe');
INSERT OR REPLACE INTO service_cafe_details (service_id, has_wifi) VALUES ('STB_4488', 1);
INSERT OR REPLACE INTO services (service_id, brand_id, owner_id, plan_id, ext_place_id, ext_source, title, address, lat, lng, verification_level) VALUES ('STB_4554', 'brand_starbucks', '01ARZ3NDEKTSV4RRFFQ69G5FAV', 'free', 'STB_OFFICIAL_4554', 'starbucks_official', 'スターバックス コーヒー さつきた８・１店', '北海道 札幌市北区 北8条西1丁目3 さつきた８・１ 1階', 43.0710677806, 141.353201841, 1);
INSERT OR REPLACE INTO service_category_rel (service_id, category_id) VALUES ('STB_4554', 'cat_cafe');
INSERT OR REPLACE INTO service_cafe_details (service_id, has_wifi) VALUES ('STB_4554', 1);
INSERT OR REPLACE INTO services (service_id, brand_id, owner_id, plan_id, ext_place_id, ext_source, title, address, lat, lng, verification_level) VALUES ('STB_4561', 'brand_starbucks', '01ARZ3NDEKTSV4RRFFQ69G5FAV', 'free', 'STB_OFFICIAL_4561', 'starbucks_official', 'スターバックス コーヒー 北海道ボールパークFビレッジ店', '北海道 北広島市 Fビレッジ8 SUNNY TERRACE 1階', 42.9892322399, 141.552656823, 1);
INSERT OR REPLACE INTO service_category_rel (service_id, category_id) VALUES ('STB_4561', 'cat_cafe');
INSERT OR REPLACE INTO service_cafe_details (service_id, has_wifi) VALUES ('STB_4561', 1);
INSERT OR REPLACE INTO services (service_id, brand_id, owner_id, plan_id, ext_place_id, ext_source, title, address, lat, lng, verification_level) VALUES ('STB_4595', 'brand_starbucks', '01ARZ3NDEKTSV4RRFFQ69G5FAV', 'free', 'STB_OFFICIAL_4595', 'starbucks_official', 'スターバックス コーヒー イオン札幌手稲駅前店', '北海道 札幌市手稲区 前田1条11丁目1-1 イオン札幌手稲駅前 1階', 43.1203008999, 141.24485885, 1);
INSERT OR REPLACE INTO service_category_rel (service_id, category_id) VALUES ('STB_4595', 'cat_cafe');
INSERT OR REPLACE INTO service_cafe_details (service_id, has_wifi) VALUES ('STB_4595', 1);
INSERT OR REPLACE INTO services (service_id, brand_id, owner_id, plan_id, ext_place_id, ext_source, title, address, lat, lng, verification_level) VALUES ('STB_4626', 'brand_starbucks', '01ARZ3NDEKTSV4RRFFQ69G5FAV', 'free', 'STB_OFFICIAL_4626', 'starbucks_official', 'スターバックス コーヒー 三井アウトレットパーク札幌北広島店', '北海道 北広島市 大曲幸町3-7-6 三井アウトレットパーク札幌北広島1F', 42.9714824502, 141.471907957, 1);
INSERT OR REPLACE INTO service_category_rel (service_id, category_id) VALUES ('STB_4626', 'cat_cafe');
INSERT OR REPLACE INTO service_cafe_details (service_id, has_wifi) VALUES ('STB_4626', 0);
INSERT OR REPLACE INTO services (service_id, brand_id, owner_id, plan_id, ext_place_id, ext_source, title, address, lat, lng, verification_level) VALUES ('STB_1004', 'brand_starbucks', '01ARZ3NDEKTSV4RRFFQ69G5FAV', 'free', 'STB_OFFICIAL_1004', 'starbucks_official', 'スターバックス コーヒー 青森ELM店', '青森県 五所川原市 唐笠柳517-1 ELM', 40.7982704651, 140.454777776, 1);
INSERT OR REPLACE INTO service_category_rel (service_id, category_id) VALUES ('STB_1004', 'cat_cafe');
INSERT OR REPLACE INTO service_cafe_details (service_id, has_wifi) VALUES ('STB_1004', 1);
INSERT OR REPLACE INTO services (service_id, brand_id, owner_id, plan_id, ext_place_id, ext_source, title, address, lat, lng, verification_level) VALUES ('STB_1099', 'brand_starbucks', '01ARZ3NDEKTSV4RRFFQ69G5FAV', 'free', 'STB_OFFICIAL_1099', 'starbucks_official', 'スターバックス コーヒー 八戸田向店', '青森県 八戸市 田向2-12-11', 40.4940989439, 141.510717699, 1);
INSERT OR REPLACE INTO service_category_rel (service_id, category_id) VALUES ('STB_1099', 'cat_cafe');
INSERT OR REPLACE INTO service_cafe_details (service_id, has_wifi) VALUES ('STB_1099', 1);
INSERT OR REPLACE INTO services (service_id, brand_id, owner_id, plan_id, ext_place_id, ext_source, title, address, lat, lng, verification_level) VALUES ('STB_1226', 'brand_starbucks', '01ARZ3NDEKTSV4RRFFQ69G5FAV', 'free', 'STB_OFFICIAL_1226', 'starbucks_official', 'スターバックス コーヒー 八戸城下店', '青森県 八戸市 城下4-2-1', 40.5209918109, 141.489668764, 1);
INSERT OR REPLACE INTO service_category_rel (service_id, category_id) VALUES ('STB_1226', 'cat_cafe');
INSERT OR REPLACE INTO service_cafe_details (service_id, has_wifi) VALUES ('STB_1226', 1);
INSERT OR REPLACE INTO services (service_id, brand_id, owner_id, plan_id, ext_place_id, ext_source, title, address, lat, lng, verification_level) VALUES ('STB_1254', 'brand_starbucks', '01ARZ3NDEKTSV4RRFFQ69G5FAV', 'free', 'STB_OFFICIAL_1254', 'starbucks_official', 'スターバックス コーヒー 青森中央店', '青森県 青森市 荒川藤戸134-2', 40.7972322159, 140.739483902, 1);
INSERT OR REPLACE INTO service_category_rel (service_id, category_id) VALUES ('STB_1254', 'cat_cafe');
INSERT OR REPLACE INTO service_cafe_details (service_id, has_wifi) VALUES ('STB_1254', 1);
INSERT OR REPLACE INTO services (service_id, brand_id, owner_id, plan_id, ext_place_id, ext_source, title, address, lat, lng, verification_level) VALUES ('STB_1302', 'brand_starbucks', '01ARZ3NDEKTSV4RRFFQ69G5FAV', 'free', 'STB_OFFICIAL_1302', 'starbucks_official', 'スターバックス コーヒー 弘前公園前店', '青森県 弘前市 上白銀町1-1', 40.6033872912, 140.46324688, 1);
INSERT OR REPLACE INTO service_category_rel (service_id, category_id) VALUES ('STB_1302', 'cat_cafe');
INSERT OR REPLACE INTO service_cafe_details (service_id, has_wifi) VALUES ('STB_1302', 1);
INSERT OR REPLACE INTO services (service_id, brand_id, owner_id, plan_id, ext_place_id, ext_source, title, address, lat, lng, verification_level) VALUES ('STB_1401', 'brand_starbucks', '01ARZ3NDEKTSV4RRFFQ69G5FAV', 'free', 'STB_OFFICIAL_1401', 'starbucks_official', 'スターバックス コーヒー 青森西バイパス店', '青森県 青森市 三好2-2-36', 40.8313654457, 140.704029719, 1);
INSERT OR REPLACE INTO service_category_rel (service_id, category_id) VALUES ('STB_1401', 'cat_cafe');
INSERT OR REPLACE INTO service_cafe_details (service_id, has_wifi) VALUES ('STB_1401', 1);
INSERT OR REPLACE INTO services (service_id, brand_id, owner_id, plan_id, ext_place_id, ext_source, title, address, lat, lng, verification_level) VALUES ('STB_1459', 'brand_starbucks', '01ARZ3NDEKTSV4RRFFQ69G5FAV', 'free', 'STB_OFFICIAL_1459', 'starbucks_official', 'スターバックス コーヒー イオンモール下田店', '青森県 上北郡 おいらせ町中野平40-1 イオンモール下田', 40.6018285718, 141.417565474, 1);
INSERT OR REPLACE INTO service_category_rel (service_id, category_id) VALUES ('STB_1459', 'cat_cafe');
INSERT OR REPLACE INTO service_cafe_details (service_id, has_wifi) VALUES ('STB_1459', 1);
INSERT OR REPLACE INTO services (service_id, brand_id, owner_id, plan_id, ext_place_id, ext_source, title, address, lat, lng, verification_level) VALUES ('STB_1520', 'brand_starbucks', '01ARZ3NDEKTSV4RRFFQ69G5FAV', 'free', 'STB_OFFICIAL_1520', 'starbucks_official', 'スターバックス コーヒー 弘前さくら野店', '青森県 弘前市 高崎2-17-6 さくら野百貨店', 40.6092708505, 140.496307752, 1);
INSERT OR REPLACE INTO service_category_rel (service_id, category_id) VALUES ('STB_1520', 'cat_cafe');
INSERT OR REPLACE INTO service_cafe_details (service_id, has_wifi) VALUES ('STB_1520', 1);
INSERT OR REPLACE INTO services (service_id, brand_id, owner_id, plan_id, ext_place_id, ext_source, title, address, lat, lng, verification_level) VALUES ('STB_1613', 'brand_starbucks', '01ARZ3NDEKTSV4RRFFQ69G5FAV', 'free', 'STB_OFFICIAL_1613', 'starbucks_official', 'スターバックス コーヒー 八戸根城店', '青森県 八戸市 根城7-11-30', 40.5029402637, 141.465485215, 1);
INSERT OR REPLACE INTO service_category_rel (service_id, category_id) VALUES ('STB_1613', 'cat_cafe');
INSERT OR REPLACE INTO service_cafe_details (service_id, has_wifi) VALUES ('STB_1613', 1);
INSERT OR REPLACE INTO services (service_id, brand_id, owner_id, plan_id, ext_place_id, ext_source, title, address, lat, lng, verification_level) VALUES ('STB_2169', 'brand_starbucks', '01ARZ3NDEKTSV4RRFFQ69G5FAV', 'free', 'STB_OFFICIAL_2169', 'starbucks_official', 'スターバックス コーヒー TSUTAYA BOOKSTORE 弘前ヒロロ店', '青森県 弘前市 駅前町9-20 ヒロロ', 40.5974365849, 140.481786725, 1);
INSERT OR REPLACE INTO service_category_rel (service_id, category_id) VALUES ('STB_2169', 'cat_cafe');
INSERT OR REPLACE INTO service_cafe_details (service_id, has_wifi) VALUES ('STB_2169', 0);
INSERT OR REPLACE INTO services (service_id, brand_id, owner_id, plan_id, ext_place_id, ext_source, title, address, lat, lng, verification_level) VALUES ('STB_4395', 'brand_starbucks', '01ARZ3NDEKTSV4RRFFQ69G5FAV', 'free', 'STB_OFFICIAL_4395', 'starbucks_official', 'スターバックス コーヒー 青森 ＆LOVINA店', '青森県 青森市 柳川1-1-5 ＆LOVINA1階', 40.8285898906, 140.734770349, 1);
INSERT OR REPLACE INTO service_category_rel (service_id, category_id) VALUES ('STB_4395', 'cat_cafe');
INSERT OR REPLACE INTO service_cafe_details (service_id, has_wifi) VALUES ('STB_4395', 1);
INSERT OR REPLACE INTO services (service_id, brand_id, owner_id, plan_id, ext_place_id, ext_source, title, address, lat, lng, verification_level) VALUES ('STB_401', 'brand_starbucks', '01ARZ3NDEKTSV4RRFFQ69G5FAV', 'free', 'STB_OFFICIAL_401', 'starbucks_official', 'スターバックス コーヒー 盛岡菜園店', '岩手県 盛岡市 菜園1-11-11 ホテルロイヤル盛岡', 39.7015931887, 141.146865797, 1);
INSERT OR REPLACE INTO service_category_rel (service_id, category_id) VALUES ('STB_401', 'cat_cafe');
INSERT OR REPLACE INTO service_cafe_details (service_id, has_wifi) VALUES ('STB_401', 1);
INSERT OR REPLACE INTO services (service_id, brand_id, owner_id, plan_id, ext_place_id, ext_source, title, address, lat, lng, verification_level) VALUES ('STB_516', 'brand_starbucks', '01ARZ3NDEKTSV4RRFFQ69G5FAV', 'free', 'STB_OFFICIAL_516', 'starbucks_official', 'スターバックス コーヒー イオンモール盛岡店', '岩手県 盛岡市 前潟4-7-1', 39.7113202039, 141.099163755, 1);
INSERT OR REPLACE INTO service_category_rel (service_id, category_id) VALUES ('STB_516', 'cat_cafe');
INSERT OR REPLACE INTO service_cafe_details (service_id, has_wifi) VALUES ('STB_516', 1);
INSERT OR REPLACE INTO services (service_id, brand_id, owner_id, plan_id, ext_place_id, ext_source, title, address, lat, lng, verification_level) VALUES ('STB_707', 'brand_starbucks', '01ARZ3NDEKTSV4RRFFQ69G5FAV', 'free', 'STB_OFFICIAL_707', 'starbucks_official', 'スターバックス コーヒー イオンモール盛岡南店', '岩手県 盛岡市 本宮7-1-1 イオンモール盛岡南', 39.6831004052, 141.128715378, 1);
INSERT OR REPLACE INTO service_category_rel (service_id, category_id) VALUES ('STB_707', 'cat_cafe');
INSERT OR REPLACE INTO service_cafe_details (service_id, has_wifi) VALUES ('STB_707', 1);
INSERT OR REPLACE INTO services (service_id, brand_id, owner_id, plan_id, ext_place_id, ext_source, title, address, lat, lng, verification_level) VALUES ('STB_1162', 'brand_starbucks', '01ARZ3NDEKTSV4RRFFQ69G5FAV', 'free', 'STB_OFFICIAL_1162', 'starbucks_official', 'スターバックス コーヒー 盛岡西バイパス店', '岩手県 盛岡市 北飯岡4-12-20', 39.6683287484, 141.134240044, 1);
INSERT OR REPLACE INTO service_category_rel (service_id, category_id) VALUES ('STB_1162', 'cat_cafe');
INSERT OR REPLACE INTO service_cafe_details (service_id, has_wifi) VALUES ('STB_1162', 1);
INSERT OR REPLACE INTO services (service_id, brand_id, owner_id, plan_id, ext_place_id, ext_source, title, address, lat, lng, verification_level) VALUES ('STB_1351', 'brand_starbucks', '01ARZ3NDEKTSV4RRFFQ69G5FAV', 'free', 'STB_OFFICIAL_1351', 'starbucks_official', 'スターバックス コーヒー 盛岡フェザン店', '岩手県 盛岡市 盛岡駅前通1-44 フェザン本館2FH', 39.700756725, 141.137462728, 1);
INSERT OR REPLACE INTO service_category_rel (service_id, category_id) VALUES ('STB_1351', 'cat_cafe');
INSERT OR REPLACE INTO service_cafe_details (service_id, has_wifi) VALUES ('STB_1351', 1);
INSERT OR REPLACE INTO services (service_id, brand_id, owner_id, plan_id, ext_place_id, ext_source, title, address, lat, lng, verification_level) VALUES ('STB_1451', 'brand_starbucks', '01ARZ3NDEKTSV4RRFFQ69G5FAV', 'free', 'STB_OFFICIAL_1451', 'starbucks_official', 'スターバックス コーヒー 北上店', '岩手県 北上市 北鬼柳18地割96-2', 39.2937632188, 141.100273724, 1);
INSERT OR REPLACE INTO service_category_rel (service_id, category_id) VALUES ('STB_1451', 'cat_cafe');
INSERT OR REPLACE INTO service_cafe_details (service_id, has_wifi) VALUES ('STB_1451', 1);
INSERT OR REPLACE INTO services (service_id, brand_id, owner_id, plan_id, ext_place_id, ext_source, title, address, lat, lng, verification_level) VALUES ('STB_1452', 'brand_starbucks', '01ARZ3NDEKTSV4RRFFQ69G5FAV', 'free', 'STB_OFFICIAL_1452', 'starbucks_official', 'スターバックス コーヒー 一関店', '岩手県 一関市 山目泥田55-1', 38.9378395479, 141.111936922, 1);
INSERT OR REPLACE INTO service_category_rel (service_id, category_id) VALUES ('STB_1452', 'cat_cafe');
INSERT OR REPLACE INTO service_cafe_details (service_id, has_wifi) VALUES ('STB_1452', 1);
INSERT OR REPLACE INTO services (service_id, brand_id, owner_id, plan_id, ext_place_id, ext_source, title, address, lat, lng, verification_level) VALUES ('STB_1579', 'brand_starbucks', '01ARZ3NDEKTSV4RRFFQ69G5FAV', 'free', 'STB_OFFICIAL_1579', 'starbucks_official', 'スターバックス コーヒー 奥州水沢店', '岩手県 奥州市 水沢佐倉河羽黒田57-2', 39.1462735609, 141.154967917, 1);
INSERT OR REPLACE INTO service_category_rel (service_id, category_id) VALUES ('STB_1579', 'cat_cafe');
INSERT OR REPLACE INTO service_cafe_details (service_id, has_wifi) VALUES ('STB_1579', 1);
INSERT OR REPLACE INTO services (service_id, brand_id, owner_id, plan_id, ext_place_id, ext_source, title, address, lat, lng, verification_level) VALUES ('STB_4358', 'brand_starbucks', '01ARZ3NDEKTSV4RRFFQ69G5FAV', 'free', 'STB_OFFICIAL_4358', 'starbucks_official', 'スターバックス コーヒー 盛岡津志田店', '岩手県 盛岡市 津志田26-7-1', 39.6710066294, 141.156552512, 1);
INSERT OR REPLACE INTO service_category_rel (service_id, category_id) VALUES ('STB_4358', 'cat_cafe');
INSERT OR REPLACE INTO service_cafe_details (service_id, has_wifi) VALUES ('STB_4358', 1);
INSERT OR REPLACE INTO services (service_id, brand_id, owner_id, plan_id, ext_place_id, ext_source, title, address, lat, lng, verification_level) VALUES ('STB_174', 'brand_starbucks', '01ARZ3NDEKTSV4RRFFQ69G5FAV', 'free', 'STB_OFFICIAL_174', 'starbucks_official', 'スターバックス コーヒー エスパル仙台本館店', '宮城県 仙台市青葉区 中央1-1-1 エスパル仙台本館', 38.2591792275, 140.881710348, 1);
INSERT OR REPLACE INTO service_category_rel (service_id, category_id) VALUES ('STB_174', 'cat_cafe');
INSERT OR REPLACE INTO service_cafe_details (service_id, has_wifi) VALUES ('STB_174', 1);
INSERT OR REPLACE INTO services (service_id, brand_id, owner_id, plan_id, ext_place_id, ext_source, title, address, lat, lng, verification_level) VALUES ('STB_215', 'brand_starbucks', '01ARZ3NDEKTSV4RRFFQ69G5FAV', 'free', 'STB_OFFICIAL_215', 'starbucks_official', 'スターバックス コーヒー ホテルグランテラス 仙台国分町店', '宮城県 仙台市青葉区 国分町2-2-2 ホテルグランテラス仙台国分町 1F', 38.2624145019, 140.869518989, 1);
INSERT OR REPLACE INTO service_category_rel (service_id, category_id) VALUES ('STB_215', 'cat_cafe');
INSERT OR REPLACE INTO service_cafe_details (service_id, has_wifi) VALUES ('STB_215', 1);
INSERT OR REPLACE INTO services (service_id, brand_id, owner_id, plan_id, ext_place_id, ext_source, title, address, lat, lng, verification_level) VALUES ('STB_245', 'brand_starbucks', '01ARZ3NDEKTSV4RRFFQ69G5FAV', 'free', 'STB_OFFICIAL_245', 'starbucks_official', 'スターバックス コーヒー 仙台クリスロード店', '宮城県 仙台市青葉区 中央2-5-3 第二やまふくビル', 38.261620271, 140.876885081, 1);
INSERT OR REPLACE INTO service_category_rel (service_id, category_id) VALUES ('STB_245', 'cat_cafe');
INSERT OR REPLACE INTO service_cafe_details (service_id, has_wifi) VALUES ('STB_245', 1);
INSERT OR REPLACE INTO services (service_id, brand_id, owner_id, plan_id, ext_place_id, ext_source, title, address, lat, lng, verification_level) VALUES ('STB_328', 'brand_starbucks', '01ARZ3NDEKTSV4RRFFQ69G5FAV', 'free', 'STB_OFFICIAL_328', 'starbucks_official', 'スターバックス コーヒー 仙台駅東口店', '宮城県 仙台市宮城野区 榴岡1-2-10 エンドウビル 1F', 38.2595064861, 140.885795549, 1);
INSERT OR REPLACE INTO service_category_rel (service_id, category_id) VALUES ('STB_328', 'cat_cafe');
INSERT OR REPLACE INTO service_cafe_details (service_id, has_wifi) VALUES ('STB_328', 1);
INSERT OR REPLACE INTO services (service_id, brand_id, owner_id, plan_id, ext_place_id, ext_source, title, address, lat, lng, verification_level) VALUES ('STB_374', 'brand_starbucks', '01ARZ3NDEKTSV4RRFFQ69G5FAV', 'free', 'STB_OFFICIAL_374', 'starbucks_official', 'スターバックス コーヒー 仙台アエル店', '宮城県 仙台市青葉区 中央1-3-1 仙台ＡＥＲ', 38.2625924684, 140.881412438, 1);
INSERT OR REPLACE INTO service_category_rel (service_id, category_id) VALUES ('STB_374', 'cat_cafe');
INSERT OR REPLACE INTO service_cafe_details (service_id, has_wifi) VALUES ('STB_374', 1);
INSERT OR REPLACE INTO services (service_id, brand_id, owner_id, plan_id, ext_place_id, ext_source, title, address, lat, lng, verification_level) VALUES ('STB_391', 'brand_starbucks', '01ARZ3NDEKTSV4RRFFQ69G5FAV', 'free', 'STB_OFFICIAL_391', 'starbucks_official', 'スターバックス コーヒー 泉中央セルバ店', '宮城県 仙台市泉区 泉中央1-4-1 泉中央セルバ', 38.3235248552, 140.882287337, 1);
INSERT OR REPLACE INTO service_category_rel (service_id, category_id) VALUES ('STB_391', 'cat_cafe');
INSERT OR REPLACE INTO service_cafe_details (service_id, has_wifi) VALUES ('STB_391', 1);
INSERT OR REPLACE INTO services (service_id, brand_id, owner_id, plan_id, ext_place_id, ext_source, title, address, lat, lng, verification_level) VALUES ('STB_444', 'brand_starbucks', '01ARZ3NDEKTSV4RRFFQ69G5FAV', 'free', 'STB_OFFICIAL_444', 'starbucks_official', 'スターバックス コーヒー ザ・モール仙台長町 Ｐａｒｔ２店', '宮城県 仙台市太白区 長町7-20-3 ザ・モール仙台長町 Part2', 38.2261207404, 140.877206411, 1);
INSERT OR REPLACE INTO service_category_rel (service_id, category_id) VALUES ('STB_444', 'cat_cafe');
INSERT OR REPLACE INTO service_cafe_details (service_id, has_wifi) VALUES ('STB_444', 1);
INSERT OR REPLACE INTO services (service_id, brand_id, owner_id, plan_id, ext_place_id, ext_source, title, address, lat, lng, verification_level) VALUES ('STB_490', 'brand_starbucks', '01ARZ3NDEKTSV4RRFFQ69G5FAV', 'free', 'STB_OFFICIAL_490', 'starbucks_official', 'スターバックス コーヒー イオンモール富谷店', '宮城県 富谷市 大清水1-33-1 イオンモール富谷', 38.3645270094, 140.875024941, 1);
INSERT OR REPLACE INTO service_category_rel (service_id, category_id) VALUES ('STB_490', 'cat_cafe');
INSERT OR REPLACE INTO service_cafe_details (service_id, has_wifi) VALUES ('STB_490', 1);
INSERT OR REPLACE INTO services (service_id, brand_id, owner_id, plan_id, ext_place_id, ext_source, title, address, lat, lng, verification_level) VALUES ('STB_871', 'brand_starbucks', '01ARZ3NDEKTSV4RRFFQ69G5FAV', 'free', 'STB_OFFICIAL_871', 'starbucks_official', 'スターバックス コーヒー 仙台泉パークタウン タピオ店', '宮城県 仙台市泉区 寺岡6-5-1 泉パークタウン タピオ', 38.3429105743, 140.835431447, 1);
INSERT OR REPLACE INTO service_category_rel (service_id, category_id) VALUES ('STB_871', 'cat_cafe');
INSERT OR REPLACE INTO service_cafe_details (service_id, has_wifi) VALUES ('STB_871', 1);
INSERT OR REPLACE INTO services (service_id, brand_id, owner_id, plan_id, ext_place_id, ext_source, title, address, lat, lng, verification_level) VALUES ('STB_1122', 'brand_starbucks', '01ARZ3NDEKTSV4RRFFQ69G5FAV', 'free', 'STB_OFFICIAL_1122', 'starbucks_official', 'スターバックス コーヒー 仙台大野田店', '宮城県 仙台市太白区 大野田4-2-1', 38.2139317642, 140.877085315, 1);
INSERT OR REPLACE INTO service_category_rel (service_id, category_id) VALUES ('STB_1122', 'cat_cafe');
INSERT OR REPLACE INTO service_cafe_details (service_id, has_wifi) VALUES ('STB_1122', 1);
INSERT OR REPLACE INTO services (service_id, brand_id, owner_id, plan_id, ext_place_id, ext_source, title, address, lat, lng, verification_level) VALUES ('STB_1140', 'brand_starbucks', '01ARZ3NDEKTSV4RRFFQ69G5FAV', 'free', 'STB_OFFICIAL_1140', 'starbucks_official', 'スターバックス コーヒー イオンモール石巻店', '宮城県 石巻市 茜平4-104 イオンモール石巻', 38.4477957509, 141.265161762, 1);
INSERT OR REPLACE INTO service_category_rel (service_id, category_id) VALUES ('STB_1140', 'cat_cafe');
INSERT OR REPLACE INTO service_cafe_details (service_id, has_wifi) VALUES ('STB_1140', 1);
INSERT OR REPLACE INTO services (service_id, brand_id, owner_id, plan_id, ext_place_id, ext_source, title, address, lat, lng, verification_level) VALUES ('STB_1205', 'brand_starbucks', '01ARZ3NDEKTSV4RRFFQ69G5FAV', 'free', 'STB_OFFICIAL_1205', 'starbucks_official', 'スターバックス コーヒー 仙台市名坂店', '宮城県 仙台市泉区 高玉町3-10', 38.3181756283, 140.893795794, 1);
INSERT OR REPLACE INTO service_category_rel (service_id, category_id) VALUES ('STB_1205', 'cat_cafe');
INSERT OR REPLACE INTO service_cafe_details (service_id, has_wifi) VALUES ('STB_1205', 1);
INSERT OR REPLACE INTO services (service_id, brand_id, owner_id, plan_id, ext_place_id, ext_source, title, address, lat, lng, verification_level) VALUES ('STB_1356', 'brand_starbucks', '01ARZ3NDEKTSV4RRFFQ69G5FAV', 'free', 'STB_OFFICIAL_1356', 'starbucks_official', 'スターバックス コーヒー エスパル仙台東館店', '宮城県 仙台市青葉区 中央1-1-1 エスパル仙台東館 4階', 38.259469221, 140.883109663, 1);
INSERT OR REPLACE INTO service_category_rel (service_id, category_id) VALUES ('STB_1356', 'cat_cafe');
INSERT OR REPLACE INTO service_cafe_details (service_id, has_wifi) VALUES ('STB_1356', 1);
INSERT OR REPLACE INTO services (service_id, brand_id, owner_id, plan_id, ext_place_id, ext_source, title, address, lat, lng, verification_level) VALUES ('STB_1522', 'brand_starbucks', '01ARZ3NDEKTSV4RRFFQ69G5FAV', 'free', 'STB_OFFICIAL_1522', 'starbucks_official', 'スターバックス コーヒー 古川店', '宮城県 大崎市 古川旭2-3-15', 38.56606826, 140.972147595, 1);
INSERT OR REPLACE INTO service_category_rel (service_id, category_id) VALUES ('STB_1522', 'cat_cafe');
INSERT OR REPLACE INTO service_cafe_details (service_id, has_wifi) VALUES ('STB_1522', 1);
INSERT OR REPLACE INTO services (service_id, brand_id, owner_id, plan_id, ext_place_id, ext_source, title, address, lat, lng, verification_level) VALUES ('STB_1550', 'brand_starbucks', '01ARZ3NDEKTSV4RRFFQ69G5FAV', 'free', 'STB_OFFICIAL_1550', 'starbucks_official', 'スターバックス コーヒー 仙台台原店', '宮城県 仙台市青葉区 台原1-8-7', 38.2833109325, 140.872646378, 1);
INSERT OR REPLACE INTO service_category_rel (service_id, category_id) VALUES ('STB_1550', 'cat_cafe');
INSERT OR REPLACE INTO service_cafe_details (service_id, has_wifi) VALUES ('STB_1550', 1);
INSERT OR REPLACE INTO services (service_id, brand_id, owner_id, plan_id, ext_place_id, ext_source, title, address, lat, lng, verification_level) VALUES ('STB_1557', 'brand_starbucks', '01ARZ3NDEKTSV4RRFFQ69G5FAV', 'free', 'STB_OFFICIAL_1557', 'starbucks_official', 'スターバックス コーヒー ザ・モール仙台長町本館店', '宮城県 仙台市太白区 長町7-20-3 ザ・モール仙台長町本館3階', 38.2251883288, 140.87656123, 1);
INSERT OR REPLACE INTO service_category_rel (service_id, category_id) VALUES ('STB_1557', 'cat_cafe');
INSERT OR REPLACE INTO service_cafe_details (service_id, has_wifi) VALUES ('STB_1557', 1);
INSERT OR REPLACE INTO services (service_id, brand_id, owner_id, plan_id, ext_place_id, ext_source, title, address, lat, lng, verification_level) VALUES ('STB_1678', 'brand_starbucks', '01ARZ3NDEKTSV4RRFFQ69G5FAV', 'free', 'STB_OFFICIAL_1678', 'starbucks_official', 'スターバックス コーヒー イオンモール名取2階店', '宮城県 名取市 杜せきのした5-3-1 イオンモール名取2階', 38.164624879, 140.896601798, 1);
INSERT OR REPLACE INTO service_category_rel (service_id, category_id) VALUES ('STB_1678', 'cat_cafe');
INSERT OR REPLACE INTO service_cafe_details (service_id, has_wifi) VALUES ('STB_1678', 1);
INSERT OR REPLACE INTO services (service_id, brand_id, owner_id, plan_id, ext_place_id, ext_source, title, address, lat, lng, verification_level) VALUES ('STB_1697', 'brand_starbucks', '01ARZ3NDEKTSV4RRFFQ69G5FAV', 'free', 'STB_OFFICIAL_1697', 'starbucks_official', 'スターバックス コーヒー 石巻バイパス店', '宮城県 石巻市 新橋10-30', 38.4398750502, 141.287865797, 1);
INSERT OR REPLACE INTO service_category_rel (service_id, category_id) VALUES ('STB_1697', 'cat_cafe');
INSERT OR REPLACE INTO service_cafe_details (service_id, has_wifi) VALUES ('STB_1697', 1);
INSERT OR REPLACE INTO services (service_id, brand_id, owner_id, plan_id, ext_place_id, ext_source, title, address, lat, lng, verification_level) VALUES ('STB_1757', 'brand_starbucks', '01ARZ3NDEKTSV4RRFFQ69G5FAV', 'free', 'STB_OFFICIAL_1757', 'starbucks_official', 'スターバックス コーヒー 仙台六丁の目店', '宮城県 仙台市若林区 六丁の目中町1-70', 38.2511407719, 140.936804754, 1);
INSERT OR REPLACE INTO service_category_rel (service_id, category_id) VALUES ('STB_1757', 'cat_cafe');
INSERT OR REPLACE INTO service_cafe_details (service_id, has_wifi) VALUES ('STB_1757', 1);
INSERT OR REPLACE INTO services (service_id, brand_id, owner_id, plan_id, ext_place_id, ext_source, title, address, lat, lng, verification_level) VALUES ('STB_1820', 'brand_starbucks', '01ARZ3NDEKTSV4RRFFQ69G5FAV', 'free', 'STB_OFFICIAL_1820', 'starbucks_official', 'スターバックス コーヒー 利府街道店', '宮城県 宮城郡 利府町中央3-20-4', 38.3273491459, 140.976420177, 1);
INSERT OR REPLACE INTO service_category_rel (service_id, category_id) VALUES ('STB_1820', 'cat_cafe');
INSERT OR REPLACE INTO service_cafe_details (service_id, has_wifi) VALUES ('STB_1820', 1);
INSERT OR REPLACE INTO services (service_id, brand_id, owner_id, plan_id, ext_place_id, ext_source, title, address, lat, lng, verification_level) VALUES ('STB_1873', 'brand_starbucks', '01ARZ3NDEKTSV4RRFFQ69G5FAV', 'free', 'STB_OFFICIAL_1873', 'starbucks_official', 'スターバックス コーヒー 仙台泉パークタウン桂店', '宮城県 仙台市泉区 桂1-1-1 仙台泉パークタウン桂ガーデンプラザ', 38.3326763451, 140.86459644, 1);
INSERT OR REPLACE INTO service_category_rel (service_id, category_id) VALUES ('STB_1873', 'cat_cafe');
INSERT OR REPLACE INTO service_cafe_details (service_id, has_wifi) VALUES ('STB_1873', 1);
INSERT OR REPLACE INTO services (service_id, brand_id, owner_id, plan_id, ext_place_id, ext_source, title, address, lat, lng, verification_level) VALUES ('STB_1896', 'brand_starbucks', '01ARZ3NDEKTSV4RRFFQ69G5FAV', 'free', 'STB_OFFICIAL_1896', 'starbucks_official', 'スターバックス コーヒー イオンモール新利府南館1階店', '宮城県 宮城郡 利府町新中道3-1-1 イオンモール新利府南館', 38.3239658352, 140.972899514, 1);
INSERT OR REPLACE INTO service_category_rel (service_id, category_id) VALUES ('STB_1896', 'cat_cafe');
INSERT OR REPLACE INTO service_cafe_details (service_id, has_wifi) VALUES ('STB_1896', 1);
INSERT OR REPLACE INTO services (service_id, brand_id, owner_id, plan_id, ext_place_id, ext_source, title, address, lat, lng, verification_level) VALUES ('STB_1897', 'brand_starbucks', '01ARZ3NDEKTSV4RRFFQ69G5FAV', 'free', 'STB_OFFICIAL_1897', 'starbucks_official', 'スターバックス コーヒー イオンモール新利府南館2階店', '宮城県 宮城郡 利府町新中道3-1-1 イオンモール新利府南館', 38.3238241771, 140.97252344, 1);
INSERT OR REPLACE INTO service_category_rel (service_id, category_id) VALUES ('STB_1897', 'cat_cafe');
INSERT OR REPLACE INTO service_cafe_details (service_id, has_wifi) VALUES ('STB_1897', 1);
INSERT OR REPLACE INTO services (service_id, brand_id, owner_id, plan_id, ext_place_id, ext_source, title, address, lat, lng, verification_level) VALUES ('STB_2031', 'brand_starbucks', '01ARZ3NDEKTSV4RRFFQ69G5FAV', 'free', 'STB_OFFICIAL_2031', 'starbucks_official', 'スターバックス コーヒー TSUTAYA 東仙台店', '宮城県 仙台市宮城野区 東仙台4-14-1 TSUTAYA ヤマト屋書店 東仙台店', 38.2762636978, 140.908290965, 1);
INSERT OR REPLACE INTO service_category_rel (service_id, category_id) VALUES ('STB_2031', 'cat_cafe');
INSERT OR REPLACE INTO service_cafe_details (service_id, has_wifi) VALUES ('STB_2031', 1);
INSERT OR REPLACE INTO services (service_id, brand_id, owner_id, plan_id, ext_place_id, ext_source, title, address, lat, lng, verification_level) VALUES ('STB_2066', 'brand_starbucks', '01ARZ3NDEKTSV4RRFFQ69G5FAV', 'free', 'STB_OFFICIAL_2066', 'starbucks_official', 'スターバックス コーヒー 蔦屋書店 多賀城市立図書館店', '宮城県 多賀城市 中央2-4-3', 38.2919581539, 141.005066094, 1);
INSERT OR REPLACE INTO service_category_rel (service_id, category_id) VALUES ('STB_2066', 'cat_cafe');
INSERT OR REPLACE INTO service_cafe_details (service_id, has_wifi) VALUES ('STB_2066', 1);
INSERT OR REPLACE INTO services (service_id, brand_id, owner_id, plan_id, ext_place_id, ext_source, title, address, lat, lng, verification_level) VALUES ('STB_2093', 'brand_starbucks', '01ARZ3NDEKTSV4RRFFQ69G5FAV', 'free', 'STB_OFFICIAL_2093', 'starbucks_official', 'スターバックス コーヒー TSUTAYA 仙台荒井店', '宮城県 仙台市若林区 なないろの里3-3-28 クロスモール仙台荒井', 38.2382300908, 140.930069796, 1);
INSERT OR REPLACE INTO service_category_rel (service_id, category_id) VALUES ('STB_2093', 'cat_cafe');
INSERT OR REPLACE INTO service_cafe_details (service_id, has_wifi) VALUES ('STB_2093', 1);
INSERT OR REPLACE INTO services (service_id, brand_id, owner_id, plan_id, ext_place_id, ext_source, title, address, lat, lng, verification_level) VALUES ('STB_4059', 'brand_starbucks', '01ARZ3NDEKTSV4RRFFQ69G5FAV', 'free', 'STB_OFFICIAL_4059', 'starbucks_official', 'スターバックス コーヒー 仙台南町通り店', '宮城県 仙台市青葉区 中央3-7-25 ダイワロイネットホテル仙台西口', 38.2592413985, 140.879154446, 1);
INSERT OR REPLACE INTO service_category_rel (service_id, category_id) VALUES ('STB_4059', 'cat_cafe');
INSERT OR REPLACE INTO service_cafe_details (service_id, has_wifi) VALUES ('STB_4059', 1);
INSERT OR REPLACE INTO services (service_id, brand_id, owner_id, plan_id, ext_place_id, ext_source, title, address, lat, lng, verification_level) VALUES ('STB_4110', 'brand_starbucks', '01ARZ3NDEKTSV4RRFFQ69G5FAV', 'free', 'STB_OFFICIAL_4110', 'starbucks_official', 'スターバックス コーヒー 名取増田店', '宮城県 名取市 増田北谷235-1', 38.1732802368, 140.890570512, 1);
INSERT OR REPLACE INTO service_category_rel (service_id, category_id) VALUES ('STB_4110', 'cat_cafe');
INSERT OR REPLACE INTO service_cafe_details (service_id, has_wifi) VALUES ('STB_4110', 1);
INSERT OR REPLACE INTO services (service_id, brand_id, owner_id, plan_id, ext_place_id, ext_source, title, address, lat, lng, verification_level) VALUES ('STB_4402', 'brand_starbucks', '01ARZ3NDEKTSV4RRFFQ69G5FAV', 'free', 'STB_OFFICIAL_4402', 'starbucks_official', 'スターバックス コーヒー 仙台南吉成店', '宮城県 仙台市青葉区 南吉成3-16-5', 38.2884244565, 140.81946056, 1);
INSERT OR REPLACE INTO service_category_rel (service_id, category_id) VALUES ('STB_4402', 'cat_cafe');
INSERT OR REPLACE INTO service_cafe_details (service_id, has_wifi) VALUES ('STB_4402', 1);
INSERT OR REPLACE INTO services (service_id, brand_id, owner_id, plan_id, ext_place_id, ext_source, title, address, lat, lng, verification_level) VALUES ('STB_4460', 'brand_starbucks', '01ARZ3NDEKTSV4RRFFQ69G5FAV', 'free', 'STB_OFFICIAL_4460', 'starbucks_official', 'スターバックス コーヒー 古川北稲葉店', '宮城県 大崎市 古川北稲葉3-4-12', 38.5646643845, 140.948415186, 1);
INSERT OR REPLACE INTO service_category_rel (service_id, category_id) VALUES ('STB_4460', 'cat_cafe');
INSERT OR REPLACE INTO service_cafe_details (service_id, has_wifi) VALUES ('STB_4460', 1);
INSERT OR REPLACE INTO services (service_id, brand_id, owner_id, plan_id, ext_place_id, ext_source, title, address, lat, lng, verification_level) VALUES ('STB_4468', 'brand_starbucks', '01ARZ3NDEKTSV4RRFFQ69G5FAV', 'free', 'STB_OFFICIAL_4468', 'starbucks_official', 'スターバックス コーヒー 仙台パルコ店', '宮城県 仙台市青葉区 中央1-2-3 仙台パルコ1 4階', 38.2620614155, 140.881498566, 1);
INSERT OR REPLACE INTO service_category_rel (service_id, category_id) VALUES ('STB_4468', 'cat_cafe');
INSERT OR REPLACE INTO service_cafe_details (service_id, has_wifi) VALUES ('STB_4468', 1);
INSERT OR REPLACE INTO services (service_id, brand_id, owner_id, plan_id, ext_place_id, ext_source, title, address, lat, lng, verification_level) VALUES ('STB_4478', 'brand_starbucks', '01ARZ3NDEKTSV4RRFFQ69G5FAV', 'free', 'STB_OFFICIAL_4478', 'starbucks_official', 'スターバックス コーヒー イオンモール名取1階店', '宮城県 名取市 杜せきのした5-3-1 イオンモール名取1階', 38.1636794211, 140.896401025, 1);
INSERT OR REPLACE INTO service_category_rel (service_id, category_id) VALUES ('STB_4478', 'cat_cafe');
INSERT OR REPLACE INTO service_cafe_details (service_id, has_wifi) VALUES ('STB_4478', 1);
INSERT OR REPLACE INTO services (service_id, brand_id, owner_id, plan_id, ext_place_id, ext_source, title, address, lat, lng, verification_level) VALUES ('STB_4557', 'brand_starbucks', '01ARZ3NDEKTSV4RRFFQ69G5FAV', 'free', 'STB_OFFICIAL_4557', 'starbucks_official', 'スターバックス コーヒー イオンモール仙台上杉店', '宮城県 仙台市青葉区 堤通雨宮町1-1 イオンモール仙台上杉 2階', 38.275870889, 140.872307027, 1);
INSERT OR REPLACE INTO service_category_rel (service_id, category_id) VALUES ('STB_4557', 'cat_cafe');
INSERT OR REPLACE INTO service_cafe_details (service_id, has_wifi) VALUES ('STB_4557', 1);
INSERT OR REPLACE INTO services (service_id, brand_id, owner_id, plan_id, ext_place_id, ext_source, title, address, lat, lng, verification_level) VALUES ('STB_486', 'brand_starbucks', '01ARZ3NDEKTSV4RRFFQ69G5FAV', 'free', 'STB_OFFICIAL_486', 'starbucks_official', 'スターバックス コーヒー 秋田アルス店', '秋田県 秋田市 中通7-2-1 秋田ステーションビル アルス', 39.7176364684, 140.128844049, 1);
INSERT OR REPLACE INTO service_category_rel (service_id, category_id) VALUES ('STB_486', 'cat_cafe');
INSERT OR REPLACE INTO service_cafe_details (service_id, has_wifi) VALUES ('STB_486', 1);
INSERT OR REPLACE INTO services (service_id, brand_id, owner_id, plan_id, ext_place_id, ext_source, title, address, lat, lng, verification_level) VALUES ('STB_627', 'brand_starbucks', '01ARZ3NDEKTSV4RRFFQ69G5FAV', 'free', 'STB_OFFICIAL_627', 'starbucks_official', 'スターバックス コーヒー イオンモール秋田店', '秋田県 秋田市 御所野地蔵田1-1-1', 39.6636089132, 140.160615287, 1);
INSERT OR REPLACE INTO service_category_rel (service_id, category_id) VALUES ('STB_627', 'cat_cafe');
INSERT OR REPLACE INTO service_cafe_details (service_id, has_wifi) VALUES ('STB_627', 1);
INSERT OR REPLACE INTO services (service_id, brand_id, owner_id, plan_id, ext_place_id, ext_source, title, address, lat, lng, verification_level) VALUES ('STB_876', 'brand_starbucks', '01ARZ3NDEKTSV4RRFFQ69G5FAV', 'free', 'STB_OFFICIAL_876', 'starbucks_official', 'スターバックス コーヒー イオンモール大曲店', '秋田県 大仙市 和合坪立177 イオンモール大曲', 39.4372675513, 140.509560341, 1);
INSERT OR REPLACE INTO service_category_rel (service_id, category_id) VALUES ('STB_876', 'cat_cafe');
INSERT OR REPLACE INTO service_cafe_details (service_id, has_wifi) VALUES ('STB_876', 1);
INSERT OR REPLACE INTO services (service_id, brand_id, owner_id, plan_id, ext_place_id, ext_source, title, address, lat, lng, verification_level) VALUES ('STB_912', 'brand_starbucks', '01ARZ3NDEKTSV4RRFFQ69G5FAV', 'free', 'STB_OFFICIAL_912', 'starbucks_official', 'スターバックス コーヒー 秋田大学医学部附属病院店', '秋田県 秋田市 広面蓮沼44-2 秋田大学医学部附属病院', 39.7300902167, 140.149349272, 1);
INSERT OR REPLACE INTO service_category_rel (service_id, category_id) VALUES ('STB_912', 'cat_cafe');
INSERT OR REPLACE INTO service_cafe_details (service_id, has_wifi) VALUES ('STB_912', 1);
INSERT OR REPLACE INTO services (service_id, brand_id, owner_id, plan_id, ext_place_id, ext_source, title, address, lat, lng, verification_level) VALUES ('STB_1236', 'brand_starbucks', '01ARZ3NDEKTSV4RRFFQ69G5FAV', 'free', 'STB_OFFICIAL_1236', 'starbucks_official', 'スターバックス コーヒー 秋田東通店', '秋田県 秋田市 東通4-5-20', 39.7128955598, 140.143214463, 1);
INSERT OR REPLACE INTO service_category_rel (service_id, category_id) VALUES ('STB_1236', 'cat_cafe');
INSERT OR REPLACE INTO service_cafe_details (service_id, has_wifi) VALUES ('STB_1236', 1);
INSERT OR REPLACE INTO services (service_id, brand_id, owner_id, plan_id, ext_place_id, ext_source, title, address, lat, lng, verification_level) VALUES ('STB_1466', 'brand_starbucks', '01ARZ3NDEKTSV4RRFFQ69G5FAV', 'free', 'STB_OFFICIAL_1466', 'starbucks_official', 'スターバックス コーヒー 秋田駅店', '秋田県 秋田市 中通7-1-2', 39.7166740771, 140.129179343, 1);
INSERT OR REPLACE INTO service_category_rel (service_id, category_id) VALUES ('STB_1466', 'cat_cafe');
INSERT OR REPLACE INTO service_cafe_details (service_id, has_wifi) VALUES ('STB_1466', 1);
INSERT OR REPLACE INTO services (service_id, brand_id, owner_id, plan_id, ext_place_id, ext_source, title, address, lat, lng, verification_level) VALUES ('STB_1516', 'brand_starbucks', '01ARZ3NDEKTSV4RRFFQ69G5FAV', 'free', 'STB_OFFICIAL_1516', 'starbucks_official', 'スターバックス コーヒー 秋田保戸野学園通り店', '秋田県 秋田市 保戸野鉄砲町14-18', 39.7248009085, 140.108859823, 1);
INSERT OR REPLACE INTO service_category_rel (service_id, category_id) VALUES ('STB_1516', 'cat_cafe');
INSERT OR REPLACE INTO service_cafe_details (service_id, has_wifi) VALUES ('STB_1516', 1);
INSERT OR REPLACE INTO services (service_id, brand_id, owner_id, plan_id, ext_place_id, ext_source, title, address, lat, lng, verification_level) VALUES ('STB_1723', 'brand_starbucks', '01ARZ3NDEKTSV4RRFFQ69G5FAV', 'free', 'STB_OFFICIAL_1723', 'starbucks_official', 'スターバックス コーヒー 横手店', '秋田県 横手市 条里1-6-21', 39.3096725761, 140.556593977, 1);
INSERT OR REPLACE INTO service_category_rel (service_id, category_id) VALUES ('STB_1723', 'cat_cafe');
INSERT OR REPLACE INTO service_cafe_details (service_id, has_wifi) VALUES ('STB_1723', 1);
INSERT OR REPLACE INTO services (service_id, brand_id, owner_id, plan_id, ext_place_id, ext_source, title, address, lat, lng, verification_level) VALUES ('STB_4198', 'brand_starbucks', '01ARZ3NDEKTSV4RRFFQ69G5FAV', 'free', 'STB_OFFICIAL_4198', 'starbucks_official', 'スターバックス コーヒー イオンタウン能代店', '秋田県 能代市 鰄渕古屋布1-2 イオンタウン能代', 40.1886749433, 140.079337859, 1);
INSERT OR REPLACE INTO service_category_rel (service_id, category_id) VALUES ('STB_4198', 'cat_cafe');
INSERT OR REPLACE INTO service_cafe_details (service_id, has_wifi) VALUES ('STB_4198', 1);
INSERT OR REPLACE INTO services (service_id, brand_id, owner_id, plan_id, ext_place_id, ext_source, title, address, lat, lng, verification_level) VALUES ('STB_1005', 'brand_starbucks', '01ARZ3NDEKTSV4RRFFQ69G5FAV', 'free', 'STB_OFFICIAL_1005', 'starbucks_official', 'スターバックス コーヒー 山形エスパル店', '山形県 山形市 香澄町1-1-1 エスパル山形', 38.2487095644, 140.327997093, 1);
INSERT OR REPLACE INTO service_category_rel (service_id, category_id) VALUES ('STB_1005', 'cat_cafe');
INSERT OR REPLACE INTO service_cafe_details (service_id, has_wifi) VALUES ('STB_1005', 1);
INSERT OR REPLACE INTO services (service_id, brand_id, owner_id, plan_id, ext_place_id, ext_source, title, address, lat, lng, verification_level) VALUES ('STB_1006', 'brand_starbucks', '01ARZ3NDEKTSV4RRFFQ69G5FAV', 'free', 'STB_OFFICIAL_1006', 'starbucks_official', 'スターバックス コーヒー 山形馬見ヶ崎店', '山形県 山形市 馬見ヶ崎2-7-28', 38.2814230685, 140.331362529, 1);
INSERT OR REPLACE INTO service_category_rel (service_id, category_id) VALUES ('STB_1006', 'cat_cafe');
INSERT OR REPLACE INTO service_cafe_details (service_id, has_wifi) VALUES ('STB_1006', 1);
INSERT OR REPLACE INTO services (service_id, brand_id, owner_id, plan_id, ext_place_id, ext_source, title, address, lat, lng, verification_level) VALUES ('STB_1077', 'brand_starbucks', '01ARZ3NDEKTSV4RRFFQ69G5FAV', 'free', 'STB_OFFICIAL_1077', 'starbucks_official', 'スターバックス コーヒー 山形県立中央病院店', '山形県 山形市 青柳1800 山形県立中央病院', 38.299998004, 140.345992126, 1);
INSERT OR REPLACE INTO service_category_rel (service_id, category_id) VALUES ('STB_1077', 'cat_cafe');
INSERT OR REPLACE INTO service_cafe_details (service_id, has_wifi) VALUES ('STB_1077', 0);
INSERT OR REPLACE INTO services (service_id, brand_id, owner_id, plan_id, ext_place_id, ext_source, title, address, lat, lng, verification_level) VALUES ('STB_1201', 'brand_starbucks', '01ARZ3NDEKTSV4RRFFQ69G5FAV', 'free', 'STB_OFFICIAL_1201', 'starbucks_official', 'スターバックス コーヒー イオンモール天童店', '山形県 天童市 芳賀タウン北4-1-1 イオンモール天童', 38.3424554211, 140.362696839, 1);
INSERT OR REPLACE INTO service_category_rel (service_id, category_id) VALUES ('STB_1201', 'cat_cafe');
INSERT OR REPLACE INTO service_cafe_details (service_id, has_wifi) VALUES ('STB_1201', 1);
INSERT OR REPLACE INTO services (service_id, brand_id, owner_id, plan_id, ext_place_id, ext_source, title, address, lat, lng, verification_level) VALUES ('STB_1252', 'brand_starbucks', '01ARZ3NDEKTSV4RRFFQ69G5FAV', 'free', 'STB_OFFICIAL_1252', 'starbucks_official', 'スターバックス コーヒー 酒田みずほ店', '山形県 酒田市 みずほ1-20-6', 38.9033589731, 139.850116358, 1);
INSERT OR REPLACE INTO service_category_rel (service_id, category_id) VALUES ('STB_1252', 'cat_cafe');
INSERT OR REPLACE INTO service_cafe_details (service_id, has_wifi) VALUES ('STB_1252', 1);
INSERT OR REPLACE INTO services (service_id, brand_id, owner_id, plan_id, ext_place_id, ext_source, title, address, lat, lng, verification_level) VALUES ('STB_1352', 'brand_starbucks', '01ARZ3NDEKTSV4RRFFQ69G5FAV', 'free', 'STB_OFFICIAL_1352', 'starbucks_official', 'スターバックス コーヒー 山形白山店', '山形県 山形市 白山3-9-24', 38.2255010796, 140.320335187, 1);
INSERT OR REPLACE INTO service_category_rel (service_id, category_id) VALUES ('STB_1352', 'cat_cafe');
INSERT OR REPLACE INTO service_cafe_details (service_id, has_wifi) VALUES ('STB_1352', 1);
INSERT OR REPLACE INTO services (service_id, brand_id, owner_id, plan_id, ext_place_id, ext_source, title, address, lat, lng, verification_level) VALUES ('STB_1505', 'brand_starbucks', '01ARZ3NDEKTSV4RRFFQ69G5FAV', 'free', 'STB_OFFICIAL_1505', 'starbucks_official', 'スターバックス コーヒー 米沢春日店', '山形県 米沢市 春日2-13-27', 37.9232355122, 140.106722679, 1);
INSERT OR REPLACE INTO service_category_rel (service_id, category_id) VALUES ('STB_1505', 'cat_cafe');
INSERT OR REPLACE INTO service_cafe_details (service_id, has_wifi) VALUES ('STB_1505', 1);
INSERT OR REPLACE INTO services (service_id, brand_id, owner_id, plan_id, ext_place_id, ext_source, title, address, lat, lng, verification_level) VALUES ('STB_1573', 'brand_starbucks', '01ARZ3NDEKTSV4RRFFQ69G5FAV', 'free', 'STB_OFFICIAL_1573', 'starbucks_official', 'スターバックス コーヒー 鶴岡店', '山形県 鶴岡市 上畑町3-30', 38.7362434345, 139.8296277, 1);
INSERT OR REPLACE INTO service_category_rel (service_id, category_id) VALUES ('STB_1573', 'cat_cafe');
INSERT OR REPLACE INTO service_cafe_details (service_id, has_wifi) VALUES ('STB_1573', 1);
INSERT OR REPLACE INTO services (service_id, brand_id, owner_id, plan_id, ext_place_id, ext_source, title, address, lat, lng, verification_level) VALUES ('STB_4168', 'brand_starbucks', '01ARZ3NDEKTSV4RRFFQ69G5FAV', 'free', 'STB_OFFICIAL_4168', 'starbucks_official', 'スターバックス コーヒー 天童鎌田店', '山形県 天童市 鎌田2-5-24', 38.3558913681, 140.387864964, 1);
INSERT OR REPLACE INTO service_category_rel (service_id, category_id) VALUES ('STB_4168', 'cat_cafe');
INSERT OR REPLACE INTO service_cafe_details (service_id, has_wifi) VALUES ('STB_4168', 1);
INSERT OR REPLACE INTO services (service_id, brand_id, owner_id, plan_id, ext_place_id, ext_source, title, address, lat, lng, verification_level) VALUES ('STB_4481', 'brand_starbucks', '01ARZ3NDEKTSV4RRFFQ69G5FAV', 'free', 'STB_OFFICIAL_4481', 'starbucks_official', 'スターバックス コーヒー 山形西バイパス店', '山形県 山形市 城西町5-34-9', 38.2609932425, 140.311634553, 1);
INSERT OR REPLACE INTO service_category_rel (service_id, category_id) VALUES ('STB_4481', 'cat_cafe');
INSERT OR REPLACE INTO service_cafe_details (service_id, has_wifi) VALUES ('STB_4481', 1);
INSERT OR REPLACE INTO services (service_id, brand_id, owner_id, plan_id, ext_place_id, ext_source, title, address, lat, lng, verification_level) VALUES ('STB_236', 'brand_starbucks', '01ARZ3NDEKTSV4RRFFQ69G5FAV', 'free', 'STB_OFFICIAL_236', 'starbucks_official', 'スターバックス コーヒー 郡山モルティ店', '福島県 郡山市 駅前2-11-1 ビッグアイ モルティ 2F', 37.3995261618, 140.387879278, 1);
INSERT OR REPLACE INTO service_category_rel (service_id, category_id) VALUES ('STB_236', 'cat_cafe');
INSERT OR REPLACE INTO service_cafe_details (service_id, has_wifi) VALUES ('STB_236', 1);
INSERT OR REPLACE INTO services (service_id, brand_id, owner_id, plan_id, ext_place_id, ext_source, title, address, lat, lng, verification_level) VALUES ('STB_771', 'brand_starbucks', '01ARZ3NDEKTSV4RRFFQ69G5FAV', 'free', 'STB_OFFICIAL_771', 'starbucks_official', 'スターバックス コーヒー 福島県立医科大学附属病院店', '福島県 福島市 光が丘1 福島県立医科大学附属病院', 37.6899865509, 140.471290642, 1);
INSERT OR REPLACE INTO service_category_rel (service_id, category_id) VALUES ('STB_771', 'cat_cafe');
INSERT OR REPLACE INTO service_cafe_details (service_id, has_wifi) VALUES ('STB_771', 0);
INSERT OR REPLACE INTO services (service_id, brand_id, owner_id, plan_id, ext_place_id, ext_source, title, address, lat, lng, verification_level) VALUES ('STB_1041', 'brand_starbucks', '01ARZ3NDEKTSV4RRFFQ69G5FAV', 'free', 'STB_OFFICIAL_1041', 'starbucks_official', 'スターバックス コーヒー 福島エスパル店', '福島県 福島市 栄町1-1 エスパル福島', 37.7538648045, 140.460313335, 1);
INSERT OR REPLACE INTO service_category_rel (service_id, category_id) VALUES ('STB_1041', 'cat_cafe');
INSERT OR REPLACE INTO service_cafe_details (service_id, has_wifi) VALUES ('STB_1041', 1);
INSERT OR REPLACE INTO services (service_id, brand_id, owner_id, plan_id, ext_place_id, ext_source, title, address, lat, lng, verification_level) VALUES ('STB_1055', 'brand_starbucks', '01ARZ3NDEKTSV4RRFFQ69G5FAV', 'free', 'STB_OFFICIAL_1055', 'starbucks_official', 'スターバックス コーヒー 郡山駅店', '福島県 郡山市 燧田195 エキナカ', 37.3979288453, 140.388606791, 1);
INSERT OR REPLACE INTO service_category_rel (service_id, category_id) VALUES ('STB_1055', 'cat_cafe');
INSERT OR REPLACE INTO service_cafe_details (service_id, has_wifi) VALUES ('STB_1055', 1);
INSERT OR REPLACE INTO services (service_id, brand_id, owner_id, plan_id, ext_place_id, ext_source, title, address, lat, lng, verification_level) VALUES ('STB_1084', 'brand_starbucks', '01ARZ3NDEKTSV4RRFFQ69G5FAV', 'free', 'STB_OFFICIAL_1084', 'starbucks_official', 'スターバックス コーヒー 郡山安積店', '福島県 郡山市 安積町荒井南千保8-2', 37.3695824043, 140.37106983, 1);
INSERT OR REPLACE INTO service_category_rel (service_id, category_id) VALUES ('STB_1084', 'cat_cafe');
INSERT OR REPLACE INTO service_cafe_details (service_id, has_wifi) VALUES ('STB_1084', 1);
INSERT OR REPLACE INTO services (service_id, brand_id, owner_id, plan_id, ext_place_id, ext_source, title, address, lat, lng, verification_level) VALUES ('STB_1296', 'brand_starbucks', '01ARZ3NDEKTSV4RRFFQ69G5FAV', 'free', 'STB_OFFICIAL_1296', 'starbucks_official', 'スターバックス コーヒー 郡山コスモス通り店', '福島県 郡山市 堤2-41', 37.397554878, 140.3341155, 1);
INSERT OR REPLACE INTO service_category_rel (service_id, category_id) VALUES ('STB_1296', 'cat_cafe');
INSERT OR REPLACE INTO service_cafe_details (service_id, has_wifi) VALUES ('STB_1296', 1);
INSERT OR REPLACE INTO services (service_id, brand_id, owner_id, plan_id, ext_place_id, ext_source, title, address, lat, lng, verification_level) VALUES ('STB_1320', 'brand_starbucks', '01ARZ3NDEKTSV4RRFFQ69G5FAV', 'free', 'STB_OFFICIAL_1320', 'starbucks_official', 'スターバックス コーヒー いわき鹿島街道店', '福島県 いわき市 常磐上矢田町戸石9-1', 37.016342808, 140.902783326, 1);
INSERT OR REPLACE INTO service_category_rel (service_id, category_id) VALUES ('STB_1320', 'cat_cafe');
INSERT OR REPLACE INTO service_cafe_details (service_id, has_wifi) VALUES ('STB_1320', 1);
INSERT OR REPLACE INTO services (service_id, brand_id, owner_id, plan_id, ext_place_id, ext_source, title, address, lat, lng, verification_level) VALUES ('STB_1559', 'brand_starbucks', '01ARZ3NDEKTSV4RRFFQ69G5FAV', 'free', 'STB_OFFICIAL_1559', 'starbucks_official', 'スターバックス コーヒー いわき平堂ノ前店', '福島県 いわき市 平堂ノ前18', 37.0531594015, 140.885502788, 1);
INSERT OR REPLACE INTO service_category_rel (service_id, category_id) VALUES ('STB_1559', 'cat_cafe');
INSERT OR REPLACE INTO service_cafe_details (service_id, has_wifi) VALUES ('STB_1559', 1);
INSERT OR REPLACE INTO services (service_id, brand_id, owner_id, plan_id, ext_place_id, ext_source, title, address, lat, lng, verification_level) VALUES ('STB_1580', 'brand_starbucks', '01ARZ3NDEKTSV4RRFFQ69G5FAV', 'free', 'STB_OFFICIAL_1580', 'starbucks_official', 'スターバックス コーヒー イオンモールいわき小名浜店', '福島県 いわき市 小名浜辰巳町79 イオンモールいわき小名浜', 36.9466019489, 140.903624523, 1);
INSERT OR REPLACE INTO service_category_rel (service_id, category_id) VALUES ('STB_1580', 'cat_cafe');
INSERT OR REPLACE INTO service_cafe_details (service_id, has_wifi) VALUES ('STB_1580', 1);
INSERT OR REPLACE INTO services (service_id, brand_id, owner_id, plan_id, ext_place_id, ext_source, title, address, lat, lng, verification_level) VALUES ('STB_1646', 'brand_starbucks', '01ARZ3NDEKTSV4RRFFQ69G5FAV', 'free', 'STB_OFFICIAL_1646', 'starbucks_official', 'スターバックス コーヒー 福島矢野目店', '福島県 福島市 南矢野目谷地70-5', 37.7886190096, 140.452692367, 1);
INSERT OR REPLACE INTO service_category_rel (service_id, category_id) VALUES ('STB_1646', 'cat_cafe');
INSERT OR REPLACE INTO service_cafe_details (service_id, has_wifi) VALUES ('STB_1646', 1);
INSERT OR REPLACE INTO services (service_id, brand_id, owner_id, plan_id, ext_place_id, ext_source, title, address, lat, lng, verification_level) VALUES ('STB_2291', 'brand_starbucks', '01ARZ3NDEKTSV4RRFFQ69G5FAV', 'free', 'STB_OFFICIAL_2291', 'starbucks_official', 'スターバックス コーヒー TSUTAYA BOOKSTORE 福島南店', '福島県 福島市 黒岩浜井場24-1', 37.727622766, 140.469166586, 1);
INSERT OR REPLACE INTO service_category_rel (service_id, category_id) VALUES ('STB_2291', 'cat_cafe');
INSERT OR REPLACE INTO service_cafe_details (service_id, has_wifi) VALUES ('STB_2291', 1);
INSERT OR REPLACE INTO services (service_id, brand_id, owner_id, plan_id, ext_place_id, ext_source, title, address, lat, lng, verification_level) VALUES ('STB_4024', 'brand_starbucks', '01ARZ3NDEKTSV4RRFFQ69G5FAV', 'free', 'STB_OFFICIAL_4024', 'starbucks_official', 'スターバックス コーヒー 福島八木田店', '福島県 福島市 八木田並柳117-1', 37.7473294144, 140.445669852, 1);
INSERT OR REPLACE INTO service_category_rel (service_id, category_id) VALUES ('STB_4024', 'cat_cafe');
INSERT OR REPLACE INTO service_cafe_details (service_id, has_wifi) VALUES ('STB_4024', 1);
INSERT OR REPLACE INTO services (service_id, brand_id, owner_id, plan_id, ext_place_id, ext_source, title, address, lat, lng, verification_level) VALUES ('STB_4042', 'brand_starbucks', '01ARZ3NDEKTSV4RRFFQ69G5FAV', 'free', 'STB_OFFICIAL_4042', 'starbucks_official', 'スターバックス コーヒー カインズ会津若松店', '福島県 会津若松市 神指町南四合幕内南632-1', 37.4862475237, 139.899596669, 1);
INSERT OR REPLACE INTO service_category_rel (service_id, category_id) VALUES ('STB_4042', 'cat_cafe');
INSERT OR REPLACE INTO service_cafe_details (service_id, has_wifi) VALUES ('STB_4042', 1);
INSERT OR REPLACE INTO services (service_id, brand_id, owner_id, plan_id, ext_place_id, ext_source, title, address, lat, lng, verification_level) VALUES ('STB_4054', 'brand_starbucks', '01ARZ3NDEKTSV4RRFFQ69G5FAV', 'free', 'STB_OFFICIAL_4054', 'starbucks_official', 'スターバックス コーヒー 郡山並木店', '福島県 郡山市 並木1-12-17', 37.4101376272, 140.361826508, 1);
INSERT OR REPLACE INTO service_category_rel (service_id, category_id) VALUES ('STB_4054', 'cat_cafe');
INSERT OR REPLACE INTO service_cafe_details (service_id, has_wifi) VALUES ('STB_4054', 1);
INSERT OR REPLACE INTO services (service_id, brand_id, owner_id, plan_id, ext_place_id, ext_source, title, address, lat, lng, verification_level) VALUES ('STB_4197', 'brand_starbucks', '01ARZ3NDEKTSV4RRFFQ69G5FAV', 'free', 'STB_OFFICIAL_4197', 'starbucks_official', 'スターバックス コーヒー いわき小名浜店', '福島県 いわき市 小名浜岡小名高田9-1 リンクスクエア小名浜', 36.958442633, 140.903979504, 1);
INSERT OR REPLACE INTO service_category_rel (service_id, category_id) VALUES ('STB_4197', 'cat_cafe');
INSERT OR REPLACE INTO service_cafe_details (service_id, has_wifi) VALUES ('STB_4197', 1);
INSERT OR REPLACE INTO services (service_id, brand_id, owner_id, plan_id, ext_place_id, ext_source, title, address, lat, lng, verification_level) VALUES ('STB_4203', 'brand_starbucks', '01ARZ3NDEKTSV4RRFFQ69G5FAV', 'free', 'STB_OFFICIAL_4203', 'starbucks_official', 'スターバックス コーヒー フレスポ須賀川店', '福島県 須賀川市 森宿北向85-2-1 フレスポ須賀川グリーンモール', 37.3101953279, 140.365625517, 1);
INSERT OR REPLACE INTO service_category_rel (service_id, category_id) VALUES ('STB_4203', 'cat_cafe');
INSERT OR REPLACE INTO service_cafe_details (service_id, has_wifi) VALUES ('STB_4203', 1);
INSERT OR REPLACE INTO services (service_id, brand_id, owner_id, plan_id, ext_place_id, ext_source, title, address, lat, lng, verification_level) VALUES ('STB_4240', 'brand_starbucks', '01ARZ3NDEKTSV4RRFFQ69G5FAV', 'free', 'STB_OFFICIAL_4240', 'starbucks_official', 'スターバックス コーヒー TSUTAYA BOOKSTORE AIZU店', '福島県 会津若松市 門田町黒岩大坪21', 37.4767521806, 139.933130988, 1);
INSERT OR REPLACE INTO service_category_rel (service_id, category_id) VALUES ('STB_4240', 'cat_cafe');
INSERT OR REPLACE INTO service_cafe_details (service_id, has_wifi) VALUES ('STB_4240', 1);
INSERT OR REPLACE INTO services (service_id, brand_id, owner_id, plan_id, ext_place_id, ext_source, title, address, lat, lng, verification_level) VALUES ('STB_4511', 'brand_starbucks', '01ARZ3NDEKTSV4RRFFQ69G5FAV', 'free', 'STB_OFFICIAL_4511', 'starbucks_official', 'スターバックス コーヒー 福島鎌田店', '福島県 福島市 鎌田一里塚7-1', 37.7971465147, 140.48929949, 1);
INSERT OR REPLACE INTO service_category_rel (service_id, category_id) VALUES ('STB_4511', 'cat_cafe');
INSERT OR REPLACE INTO service_cafe_details (service_id, has_wifi) VALUES ('STB_4511', 1);
INSERT OR REPLACE INTO services (service_id, brand_id, owner_id, plan_id, ext_place_id, ext_source, title, address, lat, lng, verification_level) VALUES ('STB_270', 'brand_starbucks', '01ARZ3NDEKTSV4RRFFQ69G5FAV', 'free', 'STB_OFFICIAL_270', 'starbucks_official', 'スターバックス コーヒー アトレ取手店', '茨城県 取手市 中央町2-5 アトレ取手 3F', 35.8966479056, 140.063178224, 1);
INSERT OR REPLACE INTO service_category_rel (service_id, category_id) VALUES ('STB_270', 'cat_cafe');
INSERT OR REPLACE INTO service_cafe_details (service_id, has_wifi) VALUES ('STB_270', 1);
INSERT OR REPLACE INTO services (service_id, brand_id, owner_id, plan_id, ext_place_id, ext_source, title, address, lat, lng, verification_level) VALUES ('STB_481', 'brand_starbucks', '01ARZ3NDEKTSV4RRFFQ69G5FAV', 'free', 'STB_OFFICIAL_481', 'starbucks_official', 'スターバックス コーヒー 西友楽市守谷店', '茨城県 守谷市 けやき台4-1-5 西友楽市 守谷', 35.9350309784, 139.997052226, 1);
INSERT OR REPLACE INTO service_category_rel (service_id, category_id) VALUES ('STB_481', 'cat_cafe');
INSERT OR REPLACE INTO service_cafe_details (service_id, has_wifi) VALUES ('STB_481', 1);
INSERT OR REPLACE INTO services (service_id, brand_id, owner_id, plan_id, ext_place_id, ext_source, title, address, lat, lng, verification_level) VALUES ('STB_602', 'brand_starbucks', '01ARZ3NDEKTSV4RRFFQ69G5FAV', 'free', 'STB_OFFICIAL_602', 'starbucks_official', 'スターバックス コーヒー トナリエキュート　つくば店', '茨城県 つくば市 吾妻1-6-1 トナリエキュート 2F', 36.0823980487, 140.111518712, 1);
INSERT OR REPLACE INTO service_category_rel (service_id, category_id) VALUES ('STB_602', 'cat_cafe');
INSERT OR REPLACE INTO service_cafe_details (service_id, has_wifi) VALUES ('STB_602', 1);
INSERT OR REPLACE INTO services (service_id, brand_id, owner_id, plan_id, ext_place_id, ext_source, title, address, lat, lng, verification_level) VALUES ('STB_643', 'brand_starbucks', '01ARZ3NDEKTSV4RRFFQ69G5FAV', 'free', 'STB_OFFICIAL_643', 'starbucks_official', 'スターバックス コーヒー イオンモール水戸内原店', '茨城県 水戸市 内原2-1', 36.3745336299, 140.359309126, 1);
INSERT OR REPLACE INTO service_category_rel (service_id, category_id) VALUES ('STB_643', 'cat_cafe');
INSERT OR REPLACE INTO service_cafe_details (service_id, has_wifi) VALUES ('STB_643', 1);
INSERT OR REPLACE INTO services (service_id, brand_id, owner_id, plan_id, ext_place_id, ext_source, title, address, lat, lng, verification_level) VALUES ('STB_659', 'brand_starbucks', '01ARZ3NDEKTSV4RRFFQ69G5FAV', 'free', 'STB_OFFICIAL_659', 'starbucks_official', 'スターバックス コーヒー つくば店', '茨城県 つくば市 稲荷前12-2', 36.0483150538, 140.128921614, 1);
INSERT OR REPLACE INTO service_category_rel (service_id, category_id) VALUES ('STB_659', 'cat_cafe');
INSERT OR REPLACE INTO service_cafe_details (service_id, has_wifi) VALUES ('STB_659', 1);
INSERT OR REPLACE INTO services (service_id, brand_id, owner_id, plan_id, ext_place_id, ext_source, title, address, lat, lng, verification_level) VALUES ('STB_722', 'brand_starbucks', '01ARZ3NDEKTSV4RRFFQ69G5FAV', 'free', 'STB_OFFICIAL_722', 'starbucks_official', 'スターバックス コーヒー ひたちなか店', '茨城県 ひたちなか市 馬渡砂久保542-3', 36.4013896391, 140.581534156, 1);
INSERT OR REPLACE INTO service_category_rel (service_id, category_id) VALUES ('STB_722', 'cat_cafe');
INSERT OR REPLACE INTO service_cafe_details (service_id, has_wifi) VALUES ('STB_722', 1);
INSERT OR REPLACE INTO services (service_id, brand_id, owner_id, plan_id, ext_place_id, ext_source, title, address, lat, lng, verification_level) VALUES ('STB_818', 'brand_starbucks', '01ARZ3NDEKTSV4RRFFQ69G5FAV', 'free', 'STB_OFFICIAL_818', 'starbucks_official', 'スターバックス コーヒー 水戸　県庁前店', '茨城県 水戸市 笠原町978-40', 36.3387559974, 140.450694573, 1);
INSERT OR REPLACE INTO service_category_rel (service_id, category_id) VALUES ('STB_818', 'cat_cafe');
INSERT OR REPLACE INTO service_cafe_details (service_id, has_wifi) VALUES ('STB_818', 1);
INSERT OR REPLACE INTO services (service_id, brand_id, owner_id, plan_id, ext_place_id, ext_source, title, address, lat, lng, verification_level) VALUES ('STB_831', 'brand_starbucks', '01ARZ3NDEKTSV4RRFFQ69G5FAV', 'free', 'STB_OFFICIAL_831', 'starbucks_official', 'スターバックス コーヒー 筑波大学中央図書館店', '茨城県 つくば市 天王台1-1-1 筑波大学中央図書館', 36.1091047367, 140.101349993, 1);
INSERT OR REPLACE INTO service_category_rel (service_id, category_id) VALUES ('STB_831', 'cat_cafe');
INSERT OR REPLACE INTO service_cafe_details (service_id, has_wifi) VALUES ('STB_831', 1);
INSERT OR REPLACE INTO services (service_id, brand_id, owner_id, plan_id, ext_place_id, ext_source, title, address, lat, lng, verification_level) VALUES ('STB_847', 'brand_starbucks', '01ARZ3NDEKTSV4RRFFQ69G5FAV', 'free', 'STB_OFFICIAL_847', 'starbucks_official', 'スターバックス コーヒー つくば研究学園店', '茨城県 つくば市 学園南3-20-6', 36.0725433648, 140.08517552, 1);
INSERT OR REPLACE INTO service_category_rel (service_id, category_id) VALUES ('STB_847', 'cat_cafe');
INSERT OR REPLACE INTO service_cafe_details (service_id, has_wifi) VALUES ('STB_847', 1);
INSERT OR REPLACE INTO services (service_id, brand_id, owner_id, plan_id, ext_place_id, ext_source, title, address, lat, lng, verification_level) VALUES ('STB_854', 'brand_starbucks', '01ARZ3NDEKTSV4RRFFQ69G5FAV', 'free', 'STB_OFFICIAL_854', 'starbucks_official', 'スターバックス コーヒー 土浦店', '茨城県 土浦市 真鍋新町19-17', 36.0911882443, 140.208350265, 1);
INSERT OR REPLACE INTO service_category_rel (service_id, category_id) VALUES ('STB_854', 'cat_cafe');
INSERT OR REPLACE INTO service_cafe_details (service_id, has_wifi) VALUES ('STB_854', 1);
INSERT OR REPLACE INTO services (service_id, brand_id, owner_id, plan_id, ext_place_id, ext_source, title, address, lat, lng, verification_level) VALUES ('STB_870', 'brand_starbucks', '01ARZ3NDEKTSV4RRFFQ69G5FAV', 'free', 'STB_OFFICIAL_870', 'starbucks_official', 'スターバックス コーヒー イーアスつくば店', '茨城県 つくば市 研究学園5-19 イーアスつくば', 36.0867012786, 140.084239946, 1);
INSERT OR REPLACE INTO service_category_rel (service_id, category_id) VALUES ('STB_870', 'cat_cafe');
INSERT OR REPLACE INTO service_cafe_details (service_id, has_wifi) VALUES ('STB_870', 1);
INSERT OR REPLACE INTO services (service_id, brand_id, owner_id, plan_id, ext_place_id, ext_source, title, address, lat, lng, verification_level) VALUES ('STB_879', 'brand_starbucks', '01ARZ3NDEKTSV4RRFFQ69G5FAV', 'free', 'STB_OFFICIAL_879', 'starbucks_official', 'スターバックス コーヒー イオンモール下妻店', '茨城県 下妻市 堀篭972-1 イオンモール下妻', 36.1896016793, 139.989862768, 1);
INSERT OR REPLACE INTO service_category_rel (service_id, category_id) VALUES ('STB_879', 'cat_cafe');
INSERT OR REPLACE INTO service_cafe_details (service_id, has_wifi) VALUES ('STB_879', 1);
INSERT OR REPLACE INTO services (service_id, brand_id, owner_id, plan_id, ext_place_id, ext_source, title, address, lat, lng, verification_level) VALUES ('STB_894', 'brand_starbucks', '01ARZ3NDEKTSV4RRFFQ69G5FAV', 'free', 'STB_OFFICIAL_894', 'starbucks_official', 'スターバックス コーヒー つくば駅店', '茨城県 つくば市 吾妻2-128', 36.0827119008, 140.111336768, 1);
INSERT OR REPLACE INTO service_category_rel (service_id, category_id) VALUES ('STB_894', 'cat_cafe');
INSERT OR REPLACE INTO service_cafe_details (service_id, has_wifi) VALUES ('STB_894', 1);
INSERT OR REPLACE INTO services (service_id, brand_id, owner_id, plan_id, ext_place_id, ext_source, title, address, lat, lng, verification_level) VALUES ('STB_927', 'brand_starbucks', '01ARZ3NDEKTSV4RRFFQ69G5FAV', 'free', 'STB_OFFICIAL_927', 'starbucks_official', 'スターバックス コーヒー イオンモール土浦店', '茨城県 土浦市 上高津367 イオンモール土浦', 36.0803069811, 140.180720283, 1);
INSERT OR REPLACE INTO service_category_rel (service_id, category_id) VALUES ('STB_927', 'cat_cafe');
INSERT OR REPLACE INTO service_cafe_details (service_id, has_wifi) VALUES ('STB_927', 1);
INSERT OR REPLACE INTO services (service_id, brand_id, owner_id, plan_id, ext_place_id, ext_source, title, address, lat, lng, verification_level) VALUES ('STB_947', 'brand_starbucks', '01ARZ3NDEKTSV4RRFFQ69G5FAV', 'free', 'STB_OFFICIAL_947', 'starbucks_official', 'スターバックス コーヒー ひたち野うしく店', '茨城県 牛久市 ひたち野東2-7-1 アクロスプラザひたち野うしく', 36.0078452637, 140.163471997, 1);
INSERT OR REPLACE INTO service_category_rel (service_id, category_id) VALUES ('STB_947', 'cat_cafe');
INSERT OR REPLACE INTO service_cafe_details (service_id, has_wifi) VALUES ('STB_947', 1);
INSERT OR REPLACE INTO services (service_id, brand_id, owner_id, plan_id, ext_place_id, ext_source, title, address, lat, lng, verification_level) VALUES ('STB_1030', 'brand_starbucks', '01ARZ3NDEKTSV4RRFFQ69G5FAV', 'free', 'STB_OFFICIAL_1030', 'starbucks_official', 'スターバックス コーヒー 友部サービスエリア（上り線）店', '茨城県 笠間市 長兎路梶山久保1059-6 友部サービスエリア（上り線）', 36.3102849429, 140.343205088, 1);
INSERT OR REPLACE INTO service_category_rel (service_id, category_id) VALUES ('STB_1030', 'cat_cafe');
INSERT OR REPLACE INTO service_cafe_details (service_id, has_wifi) VALUES ('STB_1030', 1);
INSERT OR REPLACE INTO services (service_id, brand_id, owner_id, plan_id, ext_place_id, ext_source, title, address, lat, lng, verification_level) VALUES ('STB_1031', 'brand_starbucks', '01ARZ3NDEKTSV4RRFFQ69G5FAV', 'free', 'STB_OFFICIAL_1031', 'starbucks_official', 'スターバックス コーヒー 友部サービスエリア（下り線）店', '茨城県 笠間市 長兎路梶山久保1051-3 友部サービスエリア（下り線）', 36.309280261, 140.339357954, 1);
INSERT OR REPLACE INTO service_category_rel (service_id, category_id) VALUES ('STB_1031', 'cat_cafe');
INSERT OR REPLACE INTO service_cafe_details (service_id, has_wifi) VALUES ('STB_1031', 1);
INSERT OR REPLACE INTO services (service_id, brand_id, owner_id, plan_id, ext_place_id, ext_source, title, address, lat, lng, verification_level) VALUES ('STB_1103', 'brand_starbucks', '01ARZ3NDEKTSV4RRFFQ69G5FAV', 'free', 'STB_OFFICIAL_1103', 'starbucks_official', 'スターバックス コーヒー 水戸赤塚店', '茨城県 水戸市 姫子2-751-16', 36.3786784962, 140.42474239, 1);
INSERT OR REPLACE INTO service_category_rel (service_id, category_id) VALUES ('STB_1103', 'cat_cafe');
INSERT OR REPLACE INTO service_cafe_details (service_id, has_wifi) VALUES ('STB_1103', 1);
INSERT OR REPLACE INTO services (service_id, brand_id, owner_id, plan_id, ext_place_id, ext_source, title, address, lat, lng, verification_level) VALUES ('STB_1134', 'brand_starbucks', '01ARZ3NDEKTSV4RRFFQ69G5FAV', 'free', 'STB_OFFICIAL_1134', 'starbucks_official', 'スターバックス コーヒー イオンモールつくば店', '茨城県 つくば市 稲岡66-1', 36.0347260171, 140.132662762, 1);
INSERT OR REPLACE INTO service_category_rel (service_id, category_id) VALUES ('STB_1134', 'cat_cafe');
INSERT OR REPLACE INTO service_cafe_details (service_id, has_wifi) VALUES ('STB_1134', 1);
INSERT OR REPLACE INTO services (service_id, brand_id, owner_id, plan_id, ext_place_id, ext_source, title, address, lat, lng, verification_level) VALUES ('STB_1137', 'brand_starbucks', '01ARZ3NDEKTSV4RRFFQ69G5FAV', 'free', 'STB_OFFICIAL_1137', 'starbucks_official', 'スターバックス コーヒー 龍ケ崎店', '茨城県 龍ケ崎市 中根台4-1-13', 35.9314058614, 140.17489179, 1);
INSERT OR REPLACE INTO service_category_rel (service_id, category_id) VALUES ('STB_1137', 'cat_cafe');
INSERT OR REPLACE INTO service_cafe_details (service_id, has_wifi) VALUES ('STB_1137', 1);
INSERT OR REPLACE INTO services (service_id, brand_id, owner_id, plan_id, ext_place_id, ext_source, title, address, lat, lng, verification_level) VALUES ('STB_1161', 'brand_starbucks', '01ARZ3NDEKTSV4RRFFQ69G5FAV', 'free', 'STB_OFFICIAL_1161', 'starbucks_official', 'スターバックス コーヒー 常陸多賀店', '茨城県 日立市 桜川町1-2-15', 36.5572768482, 140.628903877, 1);
INSERT OR REPLACE INTO service_category_rel (service_id, category_id) VALUES ('STB_1161', 'cat_cafe');
INSERT OR REPLACE INTO service_cafe_details (service_id, has_wifi) VALUES ('STB_1161', 1);
INSERT OR REPLACE INTO services (service_id, brand_id, owner_id, plan_id, ext_place_id, ext_source, title, address, lat, lng, verification_level) VALUES ('STB_1165', 'brand_starbucks', '01ARZ3NDEKTSV4RRFFQ69G5FAV', 'free', 'STB_OFFICIAL_1165', 'starbucks_official', 'スターバックス コーヒー 守谷サービスエリア（上り線）店', '茨城県 守谷市 大柏166', 35.9395544703, 139.970216191, 1);
INSERT OR REPLACE INTO service_category_rel (service_id, category_id) VALUES ('STB_1165', 'cat_cafe');
INSERT OR REPLACE INTO service_cafe_details (service_id, has_wifi) VALUES ('STB_1165', 1);
INSERT OR REPLACE INTO services (service_id, brand_id, owner_id, plan_id, ext_place_id, ext_source, title, address, lat, lng, verification_level) VALUES ('STB_1196', 'brand_starbucks', '01ARZ3NDEKTSV4RRFFQ69G5FAV', 'free', 'STB_OFFICIAL_1196', 'starbucks_official', 'スターバックス コーヒー 水戸駅南中央通り店', '茨城県 水戸市 元吉田町303-1', 36.3560939908, 140.473787967, 1);
INSERT OR REPLACE INTO service_category_rel (service_id, category_id) VALUES ('STB_1196', 'cat_cafe');
INSERT OR REPLACE INTO service_cafe_details (service_id, has_wifi) VALUES ('STB_1196', 1);
INSERT OR REPLACE INTO services (service_id, brand_id, owner_id, plan_id, ext_place_id, ext_source, title, address, lat, lng, verification_level) VALUES ('STB_1227', 'brand_starbucks', '01ARZ3NDEKTSV4RRFFQ69G5FAV', 'free', 'STB_OFFICIAL_1227', 'starbucks_official', 'スターバックス コーヒー 水戸エクセル店', '茨城県 水戸市 宮町1-1-1 エクセル', 36.3711543523, 140.475390474, 1);
INSERT OR REPLACE INTO service_category_rel (service_id, category_id) VALUES ('STB_1227', 'cat_cafe');
INSERT OR REPLACE INTO service_cafe_details (service_id, has_wifi) VALUES ('STB_1227', 1);
INSERT OR REPLACE INTO services (service_id, brand_id, owner_id, plan_id, ext_place_id, ext_source, title, address, lat, lng, verification_level) VALUES ('STB_1264', 'brand_starbucks', '01ARZ3NDEKTSV4RRFFQ69G5FAV', 'free', 'STB_OFFICIAL_1264', 'starbucks_official', 'スターバックス コーヒー 神栖店', '茨城県 神栖市 平泉281-22', 35.9159239242, 140.637097729, 1);
INSERT OR REPLACE INTO service_category_rel (service_id, category_id) VALUES ('STB_1264', 'cat_cafe');
INSERT OR REPLACE INTO service_cafe_details (service_id, has_wifi) VALUES ('STB_1264', 1);
INSERT OR REPLACE INTO services (service_id, brand_id, owner_id, plan_id, ext_place_id, ext_source, title, address, lat, lng, verification_level) VALUES ('STB_1307', 'brand_starbucks', '01ARZ3NDEKTSV4RRFFQ69G5FAV', 'free', 'STB_OFFICIAL_1307', 'starbucks_official', 'スターバックス コーヒー 守谷サービスエリア(下り線)店', '茨城県 守谷市 野木崎97-3 Pasar守谷(下り線)', 35.9397924479, 139.967210874, 1);
INSERT OR REPLACE INTO service_category_rel (service_id, category_id) VALUES ('STB_1307', 'cat_cafe');
INSERT OR REPLACE INTO service_cafe_details (service_id, has_wifi) VALUES ('STB_1307', 1);
INSERT OR REPLACE INTO services (service_id, brand_id, owner_id, plan_id, ext_place_id, ext_source, title, address, lat, lng, verification_level) VALUES ('STB_1331', 'brand_starbucks', '01ARZ3NDEKTSV4RRFFQ69G5FAV', 'free', 'STB_OFFICIAL_1331', 'starbucks_official', 'スターバックス コーヒー 水戸エクセル5階店', '茨城県 水戸市 宮町1-1-1 水戸エクセル5階', 36.371134921, 140.476023756, 1);
INSERT OR REPLACE INTO service_category_rel (service_id, category_id) VALUES ('STB_1331', 'cat_cafe');
INSERT OR REPLACE INTO service_cafe_details (service_id, has_wifi) VALUES ('STB_1331', 1);
INSERT OR REPLACE INTO services (service_id, brand_id, owner_id, plan_id, ext_place_id, ext_source, title, address, lat, lng, verification_level) VALUES ('STB_1395', 'brand_starbucks', '01ARZ3NDEKTSV4RRFFQ69G5FAV', 'free', 'STB_OFFICIAL_1395', 'starbucks_official', 'スターバックス コーヒー ひたちなか西光地店', '茨城県 ひたちなか市 西光地2-17-2', 36.4169001637, 140.531617587, 1);
INSERT OR REPLACE INTO service_category_rel (service_id, category_id) VALUES ('STB_1395', 'cat_cafe');
INSERT OR REPLACE INTO service_cafe_details (service_id, has_wifi) VALUES ('STB_1395', 1);
INSERT OR REPLACE INTO services (service_id, brand_id, owner_id, plan_id, ext_place_id, ext_source, title, address, lat, lng, verification_level) VALUES ('STB_1495', 'brand_starbucks', '01ARZ3NDEKTSV4RRFFQ69G5FAV', 'free', 'STB_OFFICIAL_1495', 'starbucks_official', 'スターバックス コーヒー 鹿島店', '茨城県 鹿嶋市 鉢形980', 35.9577648396, 140.643561654, 1);
INSERT OR REPLACE INTO service_category_rel (service_id, category_id) VALUES ('STB_1495', 'cat_cafe');
INSERT OR REPLACE INTO service_cafe_details (service_id, has_wifi) VALUES ('STB_1495', 1);
INSERT OR REPLACE INTO services (service_id, brand_id, owner_id, plan_id, ext_place_id, ext_source, title, address, lat, lng, verification_level) VALUES ('STB_1555', 'brand_starbucks', '01ARZ3NDEKTSV4RRFFQ69G5FAV', 'free', 'STB_OFFICIAL_1555', 'starbucks_official', 'スターバックス コーヒー 筑波大学附属病院店', '茨城県 つくば市 天久保2-1-18 筑波大学付属病院 桐の葉モール', 36.0923259777, 140.101456035, 1);
INSERT OR REPLACE INTO service_category_rel (service_id, category_id) VALUES ('STB_1555', 'cat_cafe');
INSERT OR REPLACE INTO service_cafe_details (service_id, has_wifi) VALUES ('STB_1555', 1);
INSERT OR REPLACE INTO services (service_id, brand_id, owner_id, plan_id, ext_place_id, ext_source, title, address, lat, lng, verification_level) VALUES ('STB_1578', 'brand_starbucks', '01ARZ3NDEKTSV4RRFFQ69G5FAV', 'free', 'STB_OFFICIAL_1578', 'starbucks_official', 'スターバックス コーヒー 道の駅グランテラス筑西店', '茨城県 筑西市 川澄1850 グランテラス筑西', 36.3236249036, 139.993265758, 1);
INSERT OR REPLACE INTO service_category_rel (service_id, category_id) VALUES ('STB_1578', 'cat_cafe');
INSERT OR REPLACE INTO service_cafe_details (service_id, has_wifi) VALUES ('STB_1578', 1);
INSERT OR REPLACE INTO services (service_id, brand_id, owner_id, plan_id, ext_place_id, ext_source, title, address, lat, lng, verification_level) VALUES ('STB_1621', 'brand_starbucks', '01ARZ3NDEKTSV4RRFFQ69G5FAV', 'free', 'STB_OFFICIAL_1621', 'starbucks_official', 'スターバックス コーヒー 日立シーマークスクエア店', '茨城県 日立市 東滑川町5-1-6 シーマークスクエア', 36.6191660746, 140.677339227, 1);
INSERT OR REPLACE INTO service_category_rel (service_id, category_id) VALUES ('STB_1621', 'cat_cafe');
INSERT OR REPLACE INTO service_cafe_details (service_id, has_wifi) VALUES ('STB_1621', 1);
INSERT OR REPLACE INTO services (service_id, brand_id, owner_id, plan_id, ext_place_id, ext_source, title, address, lat, lng, verification_level) VALUES ('STB_1627', 'brand_starbucks', '01ARZ3NDEKTSV4RRFFQ69G5FAV', 'free', 'STB_OFFICIAL_1627', 'starbucks_official', 'スターバックス コーヒー つくば学園の森店', '茨城県 つくば市 研究学園3-23-1', 36.0889325384, 140.074611476, 1);
INSERT OR REPLACE INTO service_category_rel (service_id, category_id) VALUES ('STB_1627', 'cat_cafe');
INSERT OR REPLACE INTO service_cafe_details (service_id, has_wifi) VALUES ('STB_1627', 1);
INSERT OR REPLACE INTO services (service_id, brand_id, owner_id, plan_id, ext_place_id, ext_source, title, address, lat, lng, verification_level) VALUES ('STB_1857', 'brand_starbucks', '01ARZ3NDEKTSV4RRFFQ69G5FAV', 'free', 'STB_OFFICIAL_1857', 'starbucks_official', 'スターバックス コーヒー イオンタウン守谷店', '茨城県 守谷市 百合ヶ丘3-249-1 イオンタウン守谷', 35.9448776027, 139.991311416, 1);
INSERT OR REPLACE INTO service_category_rel (service_id, category_id) VALUES ('STB_1857', 'cat_cafe');
INSERT OR REPLACE INTO service_cafe_details (service_id, has_wifi) VALUES ('STB_1857', 1);
INSERT OR REPLACE INTO services (service_id, brand_id, owner_id, plan_id, ext_place_id, ext_source, title, address, lat, lng, verification_level) VALUES ('STB_2055', 'brand_starbucks', '01ARZ3NDEKTSV4RRFFQ69G5FAV', 'free', 'STB_OFFICIAL_2055', 'starbucks_official', 'スターバックス コーヒー 日立総合病院店', '茨城県 日立市 城南町2-1-1', 36.5898575344, 140.645053813, 1);
INSERT OR REPLACE INTO service_category_rel (service_id, category_id) VALUES ('STB_2055', 'cat_cafe');
INSERT OR REPLACE INTO service_cafe_details (service_id, has_wifi) VALUES ('STB_2055', 0);
INSERT OR REPLACE INTO services (service_id, brand_id, owner_id, plan_id, ext_place_id, ext_source, title, address, lat, lng, verification_level) VALUES ('STB_2206', 'brand_starbucks', '01ARZ3NDEKTSV4RRFFQ69G5FAV', 'free', 'STB_OFFICIAL_2206', 'starbucks_official', 'スターバックス コーヒー TSUTAYA BOOKSTORE 常総インターチェンジ店', '茨城県 常総市 むすびまち3 TSUTAYA BOOKSTORE 常総インターチェンジ', 36.0818620166, 139.985536699, 1);
INSERT OR REPLACE INTO service_category_rel (service_id, category_id) VALUES ('STB_2206', 'cat_cafe');
INSERT OR REPLACE INTO service_cafe_details (service_id, has_wifi) VALUES ('STB_2206', 1);
INSERT OR REPLACE INTO services (service_id, brand_id, owner_id, plan_id, ext_place_id, ext_source, title, address, lat, lng, verification_level) VALUES ('STB_4079', 'brand_starbucks', '01ARZ3NDEKTSV4RRFFQ69G5FAV', 'free', 'STB_OFFICIAL_4079', 'starbucks_official', 'スターバックス コーヒー 石岡店', '茨城県 石岡市 石岡2925-1', 36.1926072245, 140.293919322, 1);
INSERT OR REPLACE INTO service_category_rel (service_id, category_id) VALUES ('STB_4079', 'cat_cafe');
INSERT OR REPLACE INTO service_cafe_details (service_id, has_wifi) VALUES ('STB_4079', 1);
INSERT OR REPLACE INTO services (service_id, brand_id, owner_id, plan_id, ext_place_id, ext_source, title, address, lat, lng, verification_level) VALUES ('STB_4157', 'brand_starbucks', '01ARZ3NDEKTSV4RRFFQ69G5FAV', 'free', 'STB_OFFICIAL_4157', 'starbucks_official', 'スターバックス コーヒー 神栖神之池緑地店', '茨城県 神栖市 奥野谷4463-1 神之池緑地', 35.8865182332, 140.671913136, 1);
INSERT OR REPLACE INTO service_category_rel (service_id, category_id) VALUES ('STB_4157', 'cat_cafe');
INSERT OR REPLACE INTO service_cafe_details (service_id, has_wifi) VALUES ('STB_4157', 1);
INSERT OR REPLACE INTO services (service_id, brand_id, owner_id, plan_id, ext_place_id, ext_source, title, address, lat, lng, verification_level) VALUES ('STB_4166', 'brand_starbucks', '01ARZ3NDEKTSV4RRFFQ69G5FAV', 'free', 'STB_OFFICIAL_4166', 'starbucks_official', 'スターバックス コーヒー ニューポートひたちなか店', '茨城県 ひたちなか市 新光町34-1', 36.4065303339, 140.589184673, 1);
INSERT OR REPLACE INTO service_category_rel (service_id, category_id) VALUES ('STB_4166', 'cat_cafe');
INSERT OR REPLACE INTO service_cafe_details (service_id, has_wifi) VALUES ('STB_4166', 1);
INSERT OR REPLACE INTO services (service_id, brand_id, owner_id, plan_id, ext_place_id, ext_source, title, address, lat, lng, verification_level) VALUES ('STB_4167', 'brand_starbucks', '01ARZ3NDEKTSV4RRFFQ69G5FAV', 'free', 'STB_OFFICIAL_4167', 'starbucks_official', 'スターバックス コーヒー ひたちなか6号店', '茨城県 ひたちなか市 市毛941－4', 36.3992430023, 140.506487987, 1);
INSERT OR REPLACE INTO service_category_rel (service_id, category_id) VALUES ('STB_4167', 'cat_cafe');
INSERT OR REPLACE INTO service_cafe_details (service_id, has_wifi) VALUES ('STB_4167', 1);
INSERT OR REPLACE INTO services (service_id, brand_id, owner_id, plan_id, ext_place_id, ext_source, title, address, lat, lng, verification_level) VALUES ('STB_4347', 'brand_starbucks', '01ARZ3NDEKTSV4RRFFQ69G5FAV', 'free', 'STB_OFFICIAL_4347', 'starbucks_official', 'スターバックス コーヒー 水戸50号店', '茨城県 水戸市 見川町2135－2', 36.3571484932, 140.419952112, 1);
INSERT OR REPLACE INTO service_category_rel (service_id, category_id) VALUES ('STB_4347', 'cat_cafe');
INSERT OR REPLACE INTO service_cafe_details (service_id, has_wifi) VALUES ('STB_4347', 1);
INSERT OR REPLACE INTO services (service_id, brand_id, owner_id, plan_id, ext_place_id, ext_source, title, address, lat, lng, verification_level) VALUES ('STB_4401', 'brand_starbucks', '01ARZ3NDEKTSV4RRFFQ69G5FAV', 'free', 'STB_OFFICIAL_4401', 'starbucks_official', 'スターバックス コーヒー カインズ古河店', '茨城県 古河市 西牛谷中明1524', 36.1984814624, 139.729665079, 1);
INSERT OR REPLACE INTO service_category_rel (service_id, category_id) VALUES ('STB_4401', 'cat_cafe');
INSERT OR REPLACE INTO service_cafe_details (service_id, has_wifi) VALUES ('STB_4401', 1);
INSERT OR REPLACE INTO services (service_id, brand_id, owner_id, plan_id, ext_place_id, ext_source, title, address, lat, lng, verification_level) VALUES ('STB_4514', 'brand_starbucks', '01ARZ3NDEKTSV4RRFFQ69G5FAV', 'free', 'STB_OFFICIAL_4514', 'starbucks_official', 'スターバックス コーヒー 水戸京成百貨店', '茨城県 水戸市 泉町1-6-1 水戸京成百貨店 B1階', 36.3782059058, 140.46437912, 1);
INSERT OR REPLACE INTO service_category_rel (service_id, category_id) VALUES ('STB_4514', 'cat_cafe');
INSERT OR REPLACE INTO service_cafe_details (service_id, has_wifi) VALUES ('STB_4514', 1);
INSERT OR REPLACE INTO services (service_id, brand_id, owner_id, plan_id, ext_place_id, ext_source, title, address, lat, lng, verification_level) VALUES ('STB_217', 'brand_starbucks', '01ARZ3NDEKTSV4RRFFQ69G5FAV', 'free', 'STB_OFFICIAL_217', 'starbucks_official', 'スターバックス コーヒー 宇都宮福田屋店', '栃木県 宇都宮市 今泉町237 福田屋ショッピングプラザ宇都宮店', 36.5735670995, 139.900199478, 1);
INSERT OR REPLACE INTO service_category_rel (service_id, category_id) VALUES ('STB_217', 'cat_cafe');
INSERT OR REPLACE INTO service_cafe_details (service_id, has_wifi) VALUES ('STB_217', 1);
INSERT OR REPLACE INTO services (service_id, brand_id, owner_id, plan_id, ext_place_id, ext_source, title, address, lat, lng, verification_level) VALUES ('STB_458', 'brand_starbucks', '01ARZ3NDEKTSV4RRFFQ69G5FAV', 'free', 'STB_OFFICIAL_458', 'starbucks_official', 'スターバックス コーヒー 佐野プレミアム・アウトレット 370区店', '栃木県 佐野市 越名町2058番地 佐野プレミアム・アウトレット 370区', 36.2922961896, 139.604705304, 1);
INSERT OR REPLACE INTO service_category_rel (service_id, category_id) VALUES ('STB_458', 'cat_cafe');
INSERT OR REPLACE INTO service_cafe_details (service_id, has_wifi) VALUES ('STB_458', 1);
INSERT OR REPLACE INTO services (service_id, brand_id, owner_id, plan_id, ext_place_id, ext_source, title, address, lat, lng, verification_level) VALUES ('STB_491', 'brand_starbucks', '01ARZ3NDEKTSV4RRFFQ69G5FAV', 'free', 'STB_OFFICIAL_491', 'starbucks_official', 'スターバックス コーヒー イオンモール佐野新都市店', '栃木県 佐野市 高萩町1324-1 イオンモール佐野新都市', 36.2990338311, 139.606352912, 1);
INSERT OR REPLACE INTO service_category_rel (service_id, category_id) VALUES ('STB_491', 'cat_cafe');
INSERT OR REPLACE INTO service_cafe_details (service_id, has_wifi) VALUES ('STB_491', 1);
INSERT OR REPLACE INTO services (service_id, brand_id, owner_id, plan_id, ext_place_id, ext_source, title, address, lat, lng, verification_level) VALUES ('STB_510', 'brand_starbucks', '01ARZ3NDEKTSV4RRFFQ69G5FAV', 'free', 'STB_OFFICIAL_510', 'starbucks_official', 'スターバックス コーヒー ＦＫＤ宇都宮インターパーク店', '栃木県 宇都宮市 インターパーク6-1-1 FKDショッピングモール宇都宮インターパーク', 36.4910254778, 139.906217224, 1);
INSERT OR REPLACE INTO service_category_rel (service_id, category_id) VALUES ('STB_510', 'cat_cafe');
INSERT OR REPLACE INTO service_cafe_details (service_id, has_wifi) VALUES ('STB_510', 1);
INSERT OR REPLACE INTO services (service_id, brand_id, owner_id, plan_id, ext_place_id, ext_source, title, address, lat, lng, verification_level) VALUES ('STB_522', 'brand_starbucks', '01ARZ3NDEKTSV4RRFFQ69G5FAV', 'free', 'STB_OFFICIAL_522', 'starbucks_official', 'スターバックス コーヒー 宇都宮パセオ店', '栃木県 宇都宮市 川向町1-23 パセオ 1F', 36.558856134, 139.897967008, 1);
INSERT OR REPLACE INTO service_category_rel (service_id, category_id) VALUES ('STB_522', 'cat_cafe');
INSERT OR REPLACE INTO service_cafe_details (service_id, has_wifi) VALUES ('STB_522', 1);
INSERT OR REPLACE INTO services (service_id, brand_id, owner_id, plan_id, ext_place_id, ext_source, title, address, lat, lng, verification_level) VALUES ('STB_574', 'brand_starbucks', '01ARZ3NDEKTSV4RRFFQ69G5FAV', 'free', 'STB_OFFICIAL_574', 'starbucks_official', 'スターバックス コーヒー 宇都宮イトーヨーカドー店', '栃木県 宇都宮市 陽東6-2-1 イトーヨーカドー宇都宮店', 36.5551537244, 139.928178558, 1);
INSERT OR REPLACE INTO service_category_rel (service_id, category_id) VALUES ('STB_574', 'cat_cafe');
INSERT OR REPLACE INTO service_cafe_details (service_id, has_wifi) VALUES ('STB_574', 1);
INSERT OR REPLACE INTO services (service_id, brand_id, owner_id, plan_id, ext_place_id, ext_source, title, address, lat, lng, verification_level) VALUES ('STB_688', 'brand_starbucks', '01ARZ3NDEKTSV4RRFFQ69G5FAV', 'free', 'STB_OFFICIAL_688', 'starbucks_official', 'スターバックス コーヒー 獨協医科大学病院店', '栃木県 下都賀郡 壬生町北小林880', 36.4723099537, 139.825221479, 1);
INSERT OR REPLACE INTO service_category_rel (service_id, category_id) VALUES ('STB_688', 'cat_cafe');
INSERT OR REPLACE INTO service_cafe_details (service_id, has_wifi) VALUES ('STB_688', 1);
INSERT OR REPLACE INTO services (service_id, brand_id, owner_id, plan_id, ext_place_id, ext_source, title, address, lat, lng, verification_level) VALUES ('STB_755', 'brand_starbucks', '01ARZ3NDEKTSV4RRFFQ69G5FAV', 'free', 'STB_OFFICIAL_755', 'starbucks_official', 'スターバックス コーヒー おやまゆうえんハーヴェストウォーク店', '栃木県 小山市 喜沢1475 おやまゆうえんハーヴェストウォーク', 36.3351857106, 139.808105881, 1);
INSERT OR REPLACE INTO service_category_rel (service_id, category_id) VALUES ('STB_755', 'cat_cafe');
INSERT OR REPLACE INTO service_cafe_details (service_id, has_wifi) VALUES ('STB_755', 1);
INSERT OR REPLACE INTO services (service_id, brand_id, owner_id, plan_id, ext_place_id, ext_source, title, address, lat, lng, verification_level) VALUES ('STB_773', 'brand_starbucks', '01ARZ3NDEKTSV4RRFFQ69G5FAV', 'free', 'STB_OFFICIAL_773', 'starbucks_official', 'スターバックス コーヒー 宇都宮上戸祭店', '栃木県 宇都宮市 上戸祭町欠ノ上366-7', 36.5877991309, 139.865100905, 1);
INSERT OR REPLACE INTO service_category_rel (service_id, category_id) VALUES ('STB_773', 'cat_cafe');
INSERT OR REPLACE INTO service_cafe_details (service_id, has_wifi) VALUES ('STB_773', 1);
INSERT OR REPLACE INTO services (service_id, brand_id, owner_id, plan_id, ext_place_id, ext_source, title, address, lat, lng, verification_level) VALUES ('STB_874', 'brand_starbucks', '01ARZ3NDEKTSV4RRFFQ69G5FAV', 'free', 'STB_OFFICIAL_874', 'starbucks_official', 'スターバックス コーヒー 自治医科大学附属病院店', '栃木県 下野市 薬師寺3311-1 自治医科大学附属病院', 36.3984559569, 139.859780898, 1);
INSERT OR REPLACE INTO service_category_rel (service_id, category_id) VALUES ('STB_874', 'cat_cafe');
INSERT OR REPLACE INTO service_cafe_details (service_id, has_wifi) VALUES ('STB_874', 1);
INSERT OR REPLACE INTO services (service_id, brand_id, owner_id, plan_id, ext_place_id, ext_source, title, address, lat, lng, verification_level) VALUES ('STB_992', 'brand_starbucks', '01ARZ3NDEKTSV4RRFFQ69G5FAV', 'free', 'STB_OFFICIAL_992', 'starbucks_official', 'スターバックス コーヒー 小山店', '栃木県 小山市 東城南1-27-１', 36.2969467487, 139.808313458, 1);
INSERT OR REPLACE INTO service_category_rel (service_id, category_id) VALUES ('STB_992', 'cat_cafe');
INSERT OR REPLACE INTO service_cafe_details (service_id, has_wifi) VALUES ('STB_992', 1);
INSERT OR REPLACE INTO services (service_id, brand_id, owner_id, plan_id, ext_place_id, ext_source, title, address, lat, lng, verification_level) VALUES ('STB_1053', 'brand_starbucks', '01ARZ3NDEKTSV4RRFFQ69G5FAV', 'free', 'STB_OFFICIAL_1053', 'starbucks_official', 'スターバックス コーヒー ヴァル小山店', '栃木県 小山市 城山町3-3-22 VAL小山', 36.3126136441, 139.806027093, 1);
INSERT OR REPLACE INTO service_category_rel (service_id, category_id) VALUES ('STB_1053', 'cat_cafe');
INSERT OR REPLACE INTO service_cafe_details (service_id, has_wifi) VALUES ('STB_1053', 1);
INSERT OR REPLACE INTO services (service_id, brand_id, owner_id, plan_id, ext_place_id, ext_source, title, address, lat, lng, verification_level) VALUES ('STB_1159', 'brand_starbucks', '01ARZ3NDEKTSV4RRFFQ69G5FAV', 'free', 'STB_OFFICIAL_1159', 'starbucks_official', 'スターバックス コーヒー 宇都宮インターパークステージ店', '栃木県 宇都宮市 インターパーク4-2-3 インターパークステージ', 36.4938274502, 139.909071858, 1);
INSERT OR REPLACE INTO service_category_rel (service_id, category_id) VALUES ('STB_1159', 'cat_cafe');
INSERT OR REPLACE INTO service_cafe_details (service_id, has_wifi) VALUES ('STB_1159', 1);
INSERT OR REPLACE INTO services (service_id, brand_id, owner_id, plan_id, ext_place_id, ext_source, title, address, lat, lng, verification_level) VALUES ('STB_1174', 'brand_starbucks', '01ARZ3NDEKTSV4RRFFQ69G5FAV', 'free', 'STB_OFFICIAL_1174', 'starbucks_official', 'スターバックス コーヒー 宇都宮城東店', '栃木県 宇都宮市 城東2-24-11', 36.549583638, 139.905026848, 1);
INSERT OR REPLACE INTO service_category_rel (service_id, category_id) VALUES ('STB_1174', 'cat_cafe');
INSERT OR REPLACE INTO service_cafe_details (service_id, has_wifi) VALUES ('STB_1174', 1);
INSERT OR REPLACE INTO services (service_id, brand_id, owner_id, plan_id, ext_place_id, ext_source, title, address, lat, lng, verification_level) VALUES ('STB_1278', 'brand_starbucks', '01ARZ3NDEKTSV4RRFFQ69G5FAV', 'free', 'STB_OFFICIAL_1278', 'starbucks_official', 'スターバックス コーヒー 宇都宮ゆいの杜店', '栃木県 宇都宮市 ゆいの杜4-12-17', 36.5680512366, 139.991948502, 1);
INSERT OR REPLACE INTO service_category_rel (service_id, category_id) VALUES ('STB_1278', 'cat_cafe');
INSERT OR REPLACE INTO service_cafe_details (service_id, has_wifi) VALUES ('STB_1278', 1);
INSERT OR REPLACE INTO services (service_id, brand_id, owner_id, plan_id, ext_place_id, ext_source, title, address, lat, lng, verification_level) VALUES ('STB_1334', 'brand_starbucks', '01ARZ3NDEKTSV4RRFFQ69G5FAV', 'free', 'STB_OFFICIAL_1334', 'starbucks_official', 'スターバックス コーヒー 鹿沼店', '栃木県 鹿沼市 西茂呂3-12-3', 36.5508799741, 139.766817989, 1);
INSERT OR REPLACE INTO service_category_rel (service_id, category_id) VALUES ('STB_1334', 'cat_cafe');
INSERT OR REPLACE INTO service_cafe_details (service_id, has_wifi) VALUES ('STB_1334', 1);
INSERT OR REPLACE INTO services (service_id, brand_id, owner_id, plan_id, ext_place_id, ext_source, title, address, lat, lng, verification_level) VALUES ('STB_1434', 'brand_starbucks', '01ARZ3NDEKTSV4RRFFQ69G5FAV', 'free', 'STB_OFFICIAL_1434', 'starbucks_official', 'スターバックス コーヒー 済生会宇都宮病院店', '栃木県 宇都宮市 竹林町911-1 恩賜財団 済生会宇都宮病院', 36.5791256237, 139.897453895, 1);
INSERT OR REPLACE INTO service_category_rel (service_id, category_id) VALUES ('STB_1434', 'cat_cafe');
INSERT OR REPLACE INTO service_cafe_details (service_id, has_wifi) VALUES ('STB_1434', 0);
INSERT OR REPLACE INTO services (service_id, brand_id, owner_id, plan_id, ext_place_id, ext_source, title, address, lat, lng, verification_level) VALUES ('STB_1435', 'brand_starbucks', '01ARZ3NDEKTSV4RRFFQ69G5FAV', 'free', 'STB_OFFICIAL_1435', 'starbucks_official', 'スターバックス コーヒー 真岡店', '栃木県 真岡市 下高間木1-14-4', 36.4325853517, 139.986420198, 1);
INSERT OR REPLACE INTO service_category_rel (service_id, category_id) VALUES ('STB_1435', 'cat_cafe');
INSERT OR REPLACE INTO service_cafe_details (service_id, has_wifi) VALUES ('STB_1435', 1);
INSERT OR REPLACE INTO services (service_id, brand_id, owner_id, plan_id, ext_place_id, ext_source, title, address, lat, lng, verification_level) VALUES ('STB_1462', 'brand_starbucks', '01ARZ3NDEKTSV4RRFFQ69G5FAV', 'free', 'STB_OFFICIAL_1462', 'starbucks_official', 'スターバックス コーヒー 西那須野店', '栃木県 那須塩原市 五軒町5-19', 36.8922857687, 139.978668841, 1);
INSERT OR REPLACE INTO service_category_rel (service_id, category_id) VALUES ('STB_1462', 'cat_cafe');
INSERT OR REPLACE INTO service_cafe_details (service_id, has_wifi) VALUES ('STB_1462', 1);
INSERT OR REPLACE INTO services (service_id, brand_id, owner_id, plan_id, ext_place_id, ext_source, title, address, lat, lng, verification_level) VALUES ('STB_1468', 'brand_starbucks', '01ARZ3NDEKTSV4RRFFQ69G5FAV', 'free', 'STB_OFFICIAL_1468', 'starbucks_official', 'スターバックス コーヒー 宇都宮鶴田店', '栃木県 宇都宮市 鶴田2-12-12', 36.5625786026, 139.855353709, 1);
INSERT OR REPLACE INTO service_category_rel (service_id, category_id) VALUES ('STB_1468', 'cat_cafe');
INSERT OR REPLACE INTO service_cafe_details (service_id, has_wifi) VALUES ('STB_1468', 1);
INSERT OR REPLACE INTO services (service_id, brand_id, owner_id, plan_id, ext_place_id, ext_source, title, address, lat, lng, verification_level) VALUES ('STB_1482', 'brand_starbucks', '01ARZ3NDEKTSV4RRFFQ69G5FAV', 'free', 'STB_OFFICIAL_1482', 'starbucks_official', 'スターバックス コーヒー 栃木倭町店', '栃木県 栃木市 倭町7-1 TS-TOWN Tochigi', 36.3784228333, 139.733216221, 1);
INSERT OR REPLACE INTO service_category_rel (service_id, category_id) VALUES ('STB_1482', 'cat_cafe');
INSERT OR REPLACE INTO service_cafe_details (service_id, has_wifi) VALUES ('STB_1482', 1);
INSERT OR REPLACE INTO services (service_id, brand_id, owner_id, plan_id, ext_place_id, ext_source, title, address, lat, lng, verification_level) VALUES ('STB_1689', 'brand_starbucks', '01ARZ3NDEKTSV4RRFFQ69G5FAV', 'free', 'STB_OFFICIAL_1689', 'starbucks_official', 'スターバックス コーヒー 道の駅しもつけ店', '栃木県 下野市 薬師寺3720-1 道の駅しもつけ', 36.3961160652, 139.883457651, 1);
INSERT OR REPLACE INTO service_category_rel (service_id, category_id) VALUES ('STB_1689', 'cat_cafe');
INSERT OR REPLACE INTO service_cafe_details (service_id, has_wifi) VALUES ('STB_1689', 1);
INSERT OR REPLACE INTO services (service_id, brand_id, owner_id, plan_id, ext_place_id, ext_source, title, address, lat, lng, verification_level) VALUES ('STB_1732', 'brand_starbucks', '01ARZ3NDEKTSV4RRFFQ69G5FAV', 'free', 'STB_OFFICIAL_1732', 'starbucks_official', 'スターバックス コーヒー 那須ガーデンアウトレット店', '栃木県 那須塩原市 塩野崎184-7 那須ガーデンアウトレット', 36.9666971747, 139.990028916, 1);
INSERT OR REPLACE INTO service_category_rel (service_id, category_id) VALUES ('STB_1732', 'cat_cafe');
INSERT OR REPLACE INTO service_cafe_details (service_id, has_wifi) VALUES ('STB_1732', 1);
INSERT OR REPLACE INTO services (service_id, brand_id, owner_id, plan_id, ext_place_id, ext_source, title, address, lat, lng, verification_level) VALUES ('STB_1746', 'brand_starbucks', '01ARZ3NDEKTSV4RRFFQ69G5FAV', 'free', 'STB_OFFICIAL_1746', 'starbucks_official', 'スターバックス コーヒー 大田原美原店', '栃木県 大田原市 美原2-3232-7', 36.8670172211, 140.002500526, 1);
INSERT OR REPLACE INTO service_category_rel (service_id, category_id) VALUES ('STB_1746', 'cat_cafe');
INSERT OR REPLACE INTO service_cafe_details (service_id, has_wifi) VALUES ('STB_1746', 1);
INSERT OR REPLACE INTO services (service_id, brand_id, owner_id, plan_id, ext_place_id, ext_source, title, address, lat, lng, verification_level) VALUES ('STB_1856', 'brand_starbucks', '01ARZ3NDEKTSV4RRFFQ69G5FAV', 'free', 'STB_OFFICIAL_1856', 'starbucks_official', 'スターバックス コーヒー 足利福居町店', '栃木県 足利市 福居町254-6', 36.311270005, 139.446336194, 1);
INSERT OR REPLACE INTO service_category_rel (service_id, category_id) VALUES ('STB_1856', 'cat_cafe');
INSERT OR REPLACE INTO service_cafe_details (service_id, has_wifi) VALUES ('STB_1856', 1);
INSERT OR REPLACE INTO services (service_id, brand_id, owner_id, plan_id, ext_place_id, ext_source, title, address, lat, lng, verification_level) VALUES ('STB_2111', 'brand_starbucks', '01ARZ3NDEKTSV4RRFFQ69G5FAV', 'free', 'STB_OFFICIAL_2111', 'starbucks_official', 'スターバックス コーヒー TSUTAYA 佐野店', '栃木県 佐野市 田島町51', 36.299738891, 139.566390088, 1);
INSERT OR REPLACE INTO service_category_rel (service_id, category_id) VALUES ('STB_2111', 'cat_cafe');
INSERT OR REPLACE INTO service_cafe_details (service_id, has_wifi) VALUES ('STB_2111', 1);
INSERT OR REPLACE INTO services (service_id, brand_id, owner_id, plan_id, ext_place_id, ext_source, title, address, lat, lng, verification_level) VALUES ('STB_4149', 'brand_starbucks', '01ARZ3NDEKTSV4RRFFQ69G5FAV', 'free', 'STB_OFFICIAL_4149', 'starbucks_official', 'スターバックス コーヒー カインズ壬生店', '栃木県 下都賀郡 壬生町安塚3376-21', 36.4622309995, 139.839276609, 1);
INSERT OR REPLACE INTO service_category_rel (service_id, category_id) VALUES ('STB_4149', 'cat_cafe');
INSERT OR REPLACE INTO service_cafe_details (service_id, has_wifi) VALUES ('STB_4149', 1);
INSERT OR REPLACE INTO services (service_id, brand_id, owner_id, plan_id, ext_place_id, ext_source, title, address, lat, lng, verification_level) VALUES ('STB_4196', 'brand_starbucks', '01ARZ3NDEKTSV4RRFFQ69G5FAV', 'free', 'STB_OFFICIAL_4196', 'starbucks_official', 'スターバックス コーヒー 佐野サービスエリア（下り線）店', '栃木県 佐野市 黒袴町東山1021 佐野サービスエリア（下り線）', 36.3164613534, 139.618928843, 1);
INSERT OR REPLACE INTO service_category_rel (service_id, category_id) VALUES ('STB_4196', 'cat_cafe');
INSERT OR REPLACE INTO service_cafe_details (service_id, has_wifi) VALUES ('STB_4196', 1);
INSERT OR REPLACE INTO services (service_id, brand_id, owner_id, plan_id, ext_place_id, ext_source, title, address, lat, lng, verification_level) VALUES ('STB_4215', 'brand_starbucks', '01ARZ3NDEKTSV4RRFFQ69G5FAV', 'free', 'STB_OFFICIAL_4215', 'starbucks_official', 'スターバックス コーヒー 宇都宮西川田店', '栃木県 宇都宮市 西川田本町3-4-3', 36.5150860023, 139.845037863, 1);
INSERT OR REPLACE INTO service_category_rel (service_id, category_id) VALUES ('STB_4215', 'cat_cafe');
INSERT OR REPLACE INTO service_cafe_details (service_id, has_wifi) VALUES ('STB_4215', 1);
INSERT OR REPLACE INTO services (service_id, brand_id, owner_id, plan_id, ext_place_id, ext_source, title, address, lat, lng, verification_level) VALUES ('STB_4271', 'brand_starbucks', '01ARZ3NDEKTSV4RRFFQ69G5FAV', 'free', 'STB_OFFICIAL_4271', 'starbucks_official', 'スターバックス コーヒー 小山宮本店', '栃木県 小山市 宮本町2-8-21', 36.3111370202, 139.799429931, 1);
INSERT OR REPLACE INTO service_category_rel (service_id, category_id) VALUES ('STB_4271', 'cat_cafe');
INSERT OR REPLACE INTO service_cafe_details (service_id, has_wifi) VALUES ('STB_4271', 1);
INSERT OR REPLACE INTO services (service_id, brand_id, owner_id, plan_id, ext_place_id, ext_source, title, address, lat, lng, verification_level) VALUES ('STB_4294', 'brand_starbucks', '01ARZ3NDEKTSV4RRFFQ69G5FAV', 'free', 'STB_OFFICIAL_4294', 'starbucks_official', 'スターバックス コーヒー 栃木箱森店', '栃木県 栃木市 箱森町38-5', 36.3922834188, 139.724387982, 1);
INSERT OR REPLACE INTO service_category_rel (service_id, category_id) VALUES ('STB_4294', 'cat_cafe');
INSERT OR REPLACE INTO service_cafe_details (service_id, has_wifi) VALUES ('STB_4294', 1);
INSERT OR REPLACE INTO services (service_id, brand_id, owner_id, plan_id, ext_place_id, ext_source, title, address, lat, lng, verification_level) VALUES ('STB_4371', 'brand_starbucks', '01ARZ3NDEKTSV4RRFFQ69G5FAV', 'free', 'STB_OFFICIAL_4371', 'starbucks_official', 'スターバックス コーヒー 宇都宮鹿沼インター通り店', '栃木県 宇都宮市 鶴田町1311-1', 36.5498321634, 139.853933025, 1);
INSERT OR REPLACE INTO service_category_rel (service_id, category_id) VALUES ('STB_4371', 'cat_cafe');
INSERT OR REPLACE INTO service_cafe_details (service_id, has_wifi) VALUES ('STB_4371', 1);
INSERT OR REPLACE INTO services (service_id, brand_id, owner_id, plan_id, ext_place_id, ext_source, title, address, lat, lng, verification_level) VALUES ('STB_4376', 'brand_starbucks', '01ARZ3NDEKTSV4RRFFQ69G5FAV', 'free', 'STB_OFFICIAL_4376', 'starbucks_official', 'スターバックス コーヒー 宇都宮八幡台店', '栃木県 宇都宮市 八幡台2-16', 36.5750433668, 139.886375836, 1);
INSERT OR REPLACE INTO service_category_rel (service_id, category_id) VALUES ('STB_4376', 'cat_cafe');
INSERT OR REPLACE INTO service_cafe_details (service_id, has_wifi) VALUES ('STB_4376', 1);
INSERT OR REPLACE INTO services (service_id, brand_id, owner_id, plan_id, ext_place_id, ext_source, title, address, lat, lng, verification_level) VALUES ('STB_4422', 'brand_starbucks', '01ARZ3NDEKTSV4RRFFQ69G5FAV', 'free', 'STB_OFFICIAL_4422', 'starbucks_official', 'スターバックス コーヒー アシコタウンあしかが店', '栃木県 足利市 大月町3-2', 36.3357106858, 139.475948165, 1);
INSERT OR REPLACE INTO service_category_rel (service_id, category_id) VALUES ('STB_4422', 'cat_cafe');
INSERT OR REPLACE INTO service_cafe_details (service_id, has_wifi) VALUES ('STB_4422', 1);
INSERT OR REPLACE INTO services (service_id, brand_id, owner_id, plan_id, ext_place_id, ext_source, title, address, lat, lng, verification_level) VALUES ('STB_4480', 'brand_starbucks', '01ARZ3NDEKTSV4RRFFQ69G5FAV', 'free', 'STB_OFFICIAL_4480', 'starbucks_official', 'スターバックス コーヒー 小山雨ケ谷店', '栃木県 小山市 雨ケ谷463-2', 36.2833349625, 139.813538651, 1);
INSERT OR REPLACE INTO service_category_rel (service_id, category_id) VALUES ('STB_4480', 'cat_cafe');
INSERT OR REPLACE INTO service_cafe_details (service_id, has_wifi) VALUES ('STB_4480', 1);
INSERT OR REPLACE INTO services (service_id, brand_id, owner_id, plan_id, ext_place_id, ext_source, title, address, lat, lng, verification_level) VALUES ('STB_4546', 'brand_starbucks', '01ARZ3NDEKTSV4RRFFQ69G5FAV', 'free', 'STB_OFFICIAL_4546', 'starbucks_official', 'スターバックス コーヒー 佐野プレミアム・アウトレット 1125区店', '栃木県 佐野市 越名町2058番地 佐野プレミアム・アウトレット 1125区', 36.2946225965, 139.604080526, 1);
INSERT OR REPLACE INTO service_category_rel (service_id, category_id) VALUES ('STB_4546', 'cat_cafe');
INSERT OR REPLACE INTO service_cafe_details (service_id, has_wifi) VALUES ('STB_4546', 1);
INSERT OR REPLACE INTO services (service_id, brand_id, owner_id, plan_id, ext_place_id, ext_source, title, address, lat, lng, verification_level) VALUES ('STB_231', 'brand_starbucks', '01ARZ3NDEKTSV4RRFFQ69G5FAV', 'free', 'STB_OFFICIAL_231', 'starbucks_official', 'スターバックス コーヒー 高崎駅ビル モントレー店', '群馬県 高崎市 八島町222 高崎駅ビル モントレー 2F', 36.3228811735, 139.0118348, 1);
INSERT OR REPLACE INTO service_category_rel (service_id, category_id) VALUES ('STB_231', 'cat_cafe');
INSERT OR REPLACE INTO service_cafe_details (service_id, has_wifi) VALUES ('STB_231', 1);
INSERT OR REPLACE INTO services (service_id, brand_id, owner_id, plan_id, ext_place_id, ext_source, title, address, lat, lng, verification_level) VALUES ('STB_529', 'brand_starbucks', '01ARZ3NDEKTSV4RRFFQ69G5FAV', 'free', 'STB_OFFICIAL_529', 'starbucks_official', 'スターバックス コーヒー イオンモール太田 レストラン街店', '群馬県 太田市 石原町81 イオンモール太田1階', 36.2944490622, 139.400677149, 1);
INSERT OR REPLACE INTO service_category_rel (service_id, category_id) VALUES ('STB_529', 'cat_cafe');
INSERT OR REPLACE INTO service_cafe_details (service_id, has_wifi) VALUES ('STB_529', 1);
INSERT OR REPLACE INTO services (service_id, brand_id, owner_id, plan_id, ext_place_id, ext_source, title, address, lat, lng, verification_level) VALUES ('STB_603', 'brand_starbucks', '01ARZ3NDEKTSV4RRFFQ69G5FAV', 'free', 'STB_OFFICIAL_603', 'starbucks_official', 'スターバックス コーヒー カインズホーム前橋吉岡店', '群馬県 北群馬郡 吉岡町大久保821 カインズスーパーセンター前橋吉岡店', 36.4200701952, 139.026169967, 1);
INSERT OR REPLACE INTO service_category_rel (service_id, category_id) VALUES ('STB_603', 'cat_cafe');
INSERT OR REPLACE INTO service_cafe_details (service_id, has_wifi) VALUES ('STB_603', 1);
INSERT OR REPLACE INTO services (service_id, brand_id, owner_id, plan_id, ext_place_id, ext_source, title, address, lat, lng, verification_level) VALUES ('STB_710', 'brand_starbucks', '01ARZ3NDEKTSV4RRFFQ69G5FAV', 'free', 'STB_OFFICIAL_710', 'starbucks_official', 'スターバックス コーヒー イオンモール高崎 1階店', '群馬県 高崎市 棟高町1400', 36.3903599891, 139.007376507, 1);
INSERT OR REPLACE INTO service_category_rel (service_id, category_id) VALUES ('STB_710', 'cat_cafe');
INSERT OR REPLACE INTO service_cafe_details (service_id, has_wifi) VALUES ('STB_710', 1);
INSERT OR REPLACE INTO services (service_id, brand_id, owner_id, plan_id, ext_place_id, ext_source, title, address, lat, lng, verification_level) VALUES ('STB_749', 'brand_starbucks', '01ARZ3NDEKTSV4RRFFQ69G5FAV', 'free', 'STB_OFFICIAL_749', 'starbucks_official', 'スターバックス コーヒー けやきウォーク前橋店', '群馬県 前橋市 文京町2-1-1 けやきウォーク前橋', 36.3790460476, 139.078205312, 1);
INSERT OR REPLACE INTO service_category_rel (service_id, category_id) VALUES ('STB_749', 'cat_cafe');
INSERT OR REPLACE INTO service_cafe_details (service_id, has_wifi) VALUES ('STB_749', 1);
INSERT OR REPLACE INTO services (service_id, brand_id, owner_id, plan_id, ext_place_id, ext_source, title, address, lat, lng, verification_level) VALUES ('STB_833', 'brand_starbucks', '01ARZ3NDEKTSV4RRFFQ69G5FAV', 'free', 'STB_OFFICIAL_833', 'starbucks_official', 'スターバックス コーヒー 高崎貝沢店', '群馬県 高崎市 貝沢町1327-3', 36.3391635935, 139.027448309, 1);
INSERT OR REPLACE INTO service_category_rel (service_id, category_id) VALUES ('STB_833', 'cat_cafe');
INSERT OR REPLACE INTO service_cafe_details (service_id, has_wifi) VALUES ('STB_833', 1);
INSERT OR REPLACE INTO services (service_id, brand_id, owner_id, plan_id, ext_place_id, ext_source, title, address, lat, lng, verification_level) VALUES ('STB_884', 'brand_starbucks', '01ARZ3NDEKTSV4RRFFQ69G5FAV', 'free', 'STB_OFFICIAL_884', 'starbucks_official', 'スターバックス コーヒー 横川サービスエリア(上り線)店', '群馬県 安中市 松井田町横川917 上信越自動車道 横川サービスエリア（上り線）内', 36.3419360581, 138.740245644, 1);
INSERT OR REPLACE INTO service_category_rel (service_id, category_id) VALUES ('STB_884', 'cat_cafe');
INSERT OR REPLACE INTO service_cafe_details (service_id, has_wifi) VALUES ('STB_884', 1);
INSERT OR REPLACE INTO services (service_id, brand_id, owner_id, plan_id, ext_place_id, ext_source, title, address, lat, lng, verification_level) VALUES ('STB_908', 'brand_starbucks', '01ARZ3NDEKTSV4RRFFQ69G5FAV', 'free', 'STB_OFFICIAL_908', 'starbucks_official', 'スターバックス コーヒー スマーク伊勢崎 1階 はるなプラザ店', '群馬県 伊勢崎市 西小保方町368 スマーク伊勢崎 1F', 36.3392657757, 139.232519329, 1);
INSERT OR REPLACE INTO service_category_rel (service_id, category_id) VALUES ('STB_908', 'cat_cafe');
INSERT OR REPLACE INTO service_cafe_details (service_id, has_wifi) VALUES ('STB_908', 1);
INSERT OR REPLACE INTO services (service_id, brand_id, owner_id, plan_id, ext_place_id, ext_source, title, address, lat, lng, verification_level) VALUES ('STB_1020', 'brand_starbucks', '01ARZ3NDEKTSV4RRFFQ69G5FAV', 'free', 'STB_OFFICIAL_1020', 'starbucks_official', 'スターバックス コーヒー イーサイト高崎店', '群馬県 高崎市 八島町222 イーサイト高崎1階', 36.3219540797, 139.013509703, 1);
INSERT OR REPLACE INTO service_category_rel (service_id, category_id) VALUES ('STB_1020', 'cat_cafe');
INSERT OR REPLACE INTO service_cafe_details (service_id, has_wifi) VALUES ('STB_1020', 1);
INSERT OR REPLACE INTO services (service_id, brand_id, owner_id, plan_id, ext_place_id, ext_source, title, address, lat, lng, verification_level) VALUES ('STB_1034', 'brand_starbucks', '01ARZ3NDEKTSV4RRFFQ69G5FAV', 'free', 'STB_OFFICIAL_1034', 'starbucks_official', 'スターバックス コーヒー パワーモール前橋みなみ店', '群馬県 前橋市 新堀町938 パワーモール前橋みなみ', 36.3293767071, 139.098061506, 1);
INSERT OR REPLACE INTO service_category_rel (service_id, category_id) VALUES ('STB_1034', 'cat_cafe');
INSERT OR REPLACE INTO service_cafe_details (service_id, has_wifi) VALUES ('STB_1034', 1);
INSERT OR REPLACE INTO services (service_id, brand_id, owner_id, plan_id, ext_place_id, ext_source, title, address, lat, lng, verification_level) VALUES ('STB_1228', 'brand_starbucks', '01ARZ3NDEKTSV4RRFFQ69G5FAV', 'free', 'STB_OFFICIAL_1228', 'starbucks_official', 'スターバックス コーヒー ベイシア西部モール店', '群馬県 伊勢崎市 宮子町3430-6', 36.3311306451, 139.159319116, 1);
INSERT OR REPLACE INTO service_category_rel (service_id, category_id) VALUES ('STB_1228', 'cat_cafe');
INSERT OR REPLACE INTO service_cafe_details (service_id, has_wifi) VALUES ('STB_1228', 1);
INSERT OR REPLACE INTO services (service_id, brand_id, owner_id, plan_id, ext_place_id, ext_source, title, address, lat, lng, verification_level) VALUES ('STB_1240', 'brand_starbucks', '01ARZ3NDEKTSV4RRFFQ69G5FAV', 'free', 'STB_OFFICIAL_1240', 'starbucks_official', 'スターバックス コーヒー 高崎上中居店', '群馬県 高崎市 上中居町1746', 36.3215791962, 139.033785259, 1);
INSERT OR REPLACE INTO service_category_rel (service_id, category_id) VALUES ('STB_1240', 'cat_cafe');
INSERT OR REPLACE INTO service_cafe_details (service_id, has_wifi) VALUES ('STB_1240', 1);
INSERT OR REPLACE INTO services (service_id, brand_id, owner_id, plan_id, ext_place_id, ext_source, title, address, lat, lng, verification_level) VALUES ('STB_1438', 'brand_starbucks', '01ARZ3NDEKTSV4RRFFQ69G5FAV', 'free', 'STB_OFFICIAL_1438', 'starbucks_official', 'スターバックス コーヒー 太田西矢島店', '群馬県 太田市 西矢島町718-1', 36.2760231192, 139.376982465, 1);
INSERT OR REPLACE INTO service_category_rel (service_id, category_id) VALUES ('STB_1438', 'cat_cafe');
INSERT OR REPLACE INTO service_cafe_details (service_id, has_wifi) VALUES ('STB_1438', 1);
INSERT OR REPLACE INTO services (service_id, brand_id, owner_id, plan_id, ext_place_id, ext_source, title, address, lat, lng, verification_level) VALUES ('STB_1493', 'brand_starbucks', '01ARZ3NDEKTSV4RRFFQ69G5FAV', 'free', 'STB_OFFICIAL_1493', 'starbucks_official', 'スターバックス コーヒー 前橋元総社店', '群馬県 前橋市 元総社町2-3-10', 36.3930671909, 139.03868406, 1);
INSERT OR REPLACE INTO service_category_rel (service_id, category_id) VALUES ('STB_1493', 'cat_cafe');
INSERT OR REPLACE INTO service_cafe_details (service_id, has_wifi) VALUES ('STB_1493', 1);
INSERT OR REPLACE INTO services (service_id, brand_id, owner_id, plan_id, ext_place_id, ext_source, title, address, lat, lng, verification_level) VALUES ('STB_1532', 'brand_starbucks', '01ARZ3NDEKTSV4RRFFQ69G5FAV', 'free', 'STB_OFFICIAL_1532', 'starbucks_official', 'スターバックス コーヒー 高崎オーパ店', '群馬県 高崎市 八島町46-1 高崎OPA', 36.3230344834, 139.011435103, 1);
INSERT OR REPLACE INTO service_category_rel (service_id, category_id) VALUES ('STB_1532', 'cat_cafe');
INSERT OR REPLACE INTO service_cafe_details (service_id, has_wifi) VALUES ('STB_1532', 1);
INSERT OR REPLACE INTO services (service_id, brand_id, owner_id, plan_id, ext_place_id, ext_source, title, address, lat, lng, verification_level) VALUES ('STB_1625', 'brand_starbucks', '01ARZ3NDEKTSV4RRFFQ69G5FAV', 'free', 'STB_OFFICIAL_1625', 'starbucks_official', 'スターバックス コーヒー 館林朝日町店', '群馬県 館林市 朝日町12-36', 36.2519879985, 139.540949399, 1);
INSERT OR REPLACE INTO service_category_rel (service_id, category_id) VALUES ('STB_1625', 'cat_cafe');
INSERT OR REPLACE INTO service_cafe_details (service_id, has_wifi) VALUES ('STB_1625', 1);
INSERT OR REPLACE INTO services (service_id, brand_id, owner_id, plan_id, ext_place_id, ext_source, title, address, lat, lng, verification_level) VALUES ('STB_1634', 'brand_starbucks', '01ARZ3NDEKTSV4RRFFQ69G5FAV', 'free', 'STB_OFFICIAL_1634', 'starbucks_official', 'スターバックス コーヒー 富岡店', '群馬県 富岡市 富岡1894-7', 36.2631303399, 138.900383473, 1);
INSERT OR REPLACE INTO service_category_rel (service_id, category_id) VALUES ('STB_1634', 'cat_cafe');
INSERT OR REPLACE INTO service_cafe_details (service_id, has_wifi) VALUES ('STB_1634', 1);
INSERT OR REPLACE INTO services (service_id, brand_id, owner_id, plan_id, ext_place_id, ext_source, title, address, lat, lng, verification_level) VALUES ('STB_1787', 'brand_starbucks', '01ARZ3NDEKTSV4RRFFQ69G5FAV', 'free', 'STB_OFFICIAL_1787', 'starbucks_official', 'スターバックス コーヒー 敷島公園店', '群馬県 前橋市 敷島町77', 36.4092018219, 139.052746871, 1);
INSERT OR REPLACE INTO service_category_rel (service_id, category_id) VALUES ('STB_1787', 'cat_cafe');
INSERT OR REPLACE INTO service_cafe_details (service_id, has_wifi) VALUES ('STB_1787', 1);
INSERT OR REPLACE INTO services (service_id, brand_id, owner_id, plan_id, ext_place_id, ext_source, title, address, lat, lng, verification_level) VALUES ('STB_1850', 'brand_starbucks', '01ARZ3NDEKTSV4RRFFQ69G5FAV', 'free', 'STB_OFFICIAL_1850', 'starbucks_official', 'スターバックス コーヒー 高崎大八木店', '群馬県 高崎市 大八木町2113-3', 36.3600064636, 139.00133674, 1);
INSERT OR REPLACE INTO service_category_rel (service_id, category_id) VALUES ('STB_1850', 'cat_cafe');
INSERT OR REPLACE INTO service_cafe_details (service_id, has_wifi) VALUES ('STB_1850', 1);
INSERT OR REPLACE INTO services (service_id, brand_id, owner_id, plan_id, ext_place_id, ext_source, title, address, lat, lng, verification_level) VALUES ('STB_1864', 'brand_starbucks', '01ARZ3NDEKTSV4RRFFQ69G5FAV', 'free', 'STB_OFFICIAL_1864', 'starbucks_official', 'スターバックス コーヒー イオンモール高崎 2階店', '群馬県 高崎市 棟高町1400 イオンモール高崎', 36.3917376191, 139.007351723, 1);
INSERT OR REPLACE INTO service_category_rel (service_id, category_id) VALUES ('STB_1864', 'cat_cafe');
INSERT OR REPLACE INTO service_cafe_details (service_id, has_wifi) VALUES ('STB_1864', 1);
INSERT OR REPLACE INTO services (service_id, brand_id, owner_id, plan_id, ext_place_id, ext_source, title, address, lat, lng, verification_level) VALUES ('STB_4006', 'brand_starbucks', '01ARZ3NDEKTSV4RRFFQ69G5FAV', 'free', 'STB_OFFICIAL_4006', 'starbucks_official', 'スターバックス コーヒー 太田小舞木店', '群馬県 太田市 小舞木町328-1', 36.2848459273, 139.38503889, 1);
INSERT OR REPLACE INTO service_category_rel (service_id, category_id) VALUES ('STB_4006', 'cat_cafe');
INSERT OR REPLACE INTO service_cafe_details (service_id, has_wifi) VALUES ('STB_4006', 1);
INSERT OR REPLACE INTO services (service_id, brand_id, owner_id, plan_id, ext_place_id, ext_source, title, address, lat, lng, verification_level) VALUES ('STB_4117', 'brand_starbucks', '01ARZ3NDEKTSV4RRFFQ69G5FAV', 'free', 'STB_OFFICIAL_4117', 'starbucks_official', 'スターバックス コーヒー カインズ伊勢崎店', '群馬県 伊勢崎市 宮子町3161-1', 36.3337548341, 139.160764986, 1);
INSERT OR REPLACE INTO service_category_rel (service_id, category_id) VALUES ('STB_4117', 'cat_cafe');
INSERT OR REPLACE INTO service_cafe_details (service_id, has_wifi) VALUES ('STB_4117', 0);
INSERT OR REPLACE INTO services (service_id, brand_id, owner_id, plan_id, ext_place_id, ext_source, title, address, lat, lng, verification_level) VALUES ('STB_4134', 'brand_starbucks', '01ARZ3NDEKTSV4RRFFQ69G5FAV', 'free', 'STB_OFFICIAL_4134', 'starbucks_official', 'スターバックス コーヒー スマーク伊勢崎 2階 あかぎプラザ店', '群馬県 伊勢崎市 西小保方町368 スマーク伊勢崎 2F', 36.3386169651, 139.233022928, 1);
INSERT OR REPLACE INTO service_category_rel (service_id, category_id) VALUES ('STB_4134', 'cat_cafe');
INSERT OR REPLACE INTO service_cafe_details (service_id, has_wifi) VALUES ('STB_4134', 1);
INSERT OR REPLACE INTO services (service_id, brand_id, owner_id, plan_id, ext_place_id, ext_source, title, address, lat, lng, verification_level) VALUES ('STB_4147', 'brand_starbucks', '01ARZ3NDEKTSV4RRFFQ69G5FAV', 'free', 'STB_OFFICIAL_4147', 'starbucks_official', 'スターバックス コーヒー 伊勢崎今泉店', '群馬県 伊勢崎市 今泉町2-338-2', 36.3114688998, 139.193447464, 1);
INSERT OR REPLACE INTO service_category_rel (service_id, category_id) VALUES ('STB_4147', 'cat_cafe');
INSERT OR REPLACE INTO service_cafe_details (service_id, has_wifi) VALUES ('STB_4147', 1);
INSERT OR REPLACE INTO services (service_id, brand_id, owner_id, plan_id, ext_place_id, ext_source, title, address, lat, lng, verification_level) VALUES ('STB_4307', 'brand_starbucks', '01ARZ3NDEKTSV4RRFFQ69G5FAV', 'free', 'STB_OFFICIAL_4307', 'starbucks_official', 'スターバックス コーヒー 前橋六供町店', '群馬県 前橋市 六供町2-41-12', 36.3697038831, 139.07200959, 1);
INSERT OR REPLACE INTO service_category_rel (service_id, category_id) VALUES ('STB_4307', 'cat_cafe');
INSERT OR REPLACE INTO service_cafe_details (service_id, has_wifi) VALUES ('STB_4307', 1);
INSERT OR REPLACE INTO services (service_id, brand_id, owner_id, plan_id, ext_place_id, ext_source, title, address, lat, lng, verification_level) VALUES ('STB_4341', 'brand_starbucks', '01ARZ3NDEKTSV4RRFFQ69G5FAV', 'free', 'STB_OFFICIAL_4341', 'starbucks_official', 'スターバックス コーヒー イオンモール太田 WESTMALL店', '群馬県 太田市 石原町81 イオンモール太田 WESTMALL1階', 36.2937921586, 139.398991486, 1);
INSERT OR REPLACE INTO service_category_rel (service_id, category_id) VALUES ('STB_4341', 'cat_cafe');
INSERT OR REPLACE INTO service_cafe_details (service_id, has_wifi) VALUES ('STB_4341', 1);
INSERT OR REPLACE INTO services (service_id, brand_id, owner_id, plan_id, ext_place_id, ext_source, title, address, lat, lng, verification_level) VALUES ('STB_4420', 'brand_starbucks', '01ARZ3NDEKTSV4RRFFQ69G5FAV', 'free', 'STB_OFFICIAL_4420', 'starbucks_official', 'スターバックス コーヒー 桐生市場店', '群馬県 みどり市 笠懸町阿左美2761-1', 36.3933520191, 139.300940045, 1);
INSERT OR REPLACE INTO service_category_rel (service_id, category_id) VALUES ('STB_4420', 'cat_cafe');
INSERT OR REPLACE INTO service_cafe_details (service_id, has_wifi) VALUES ('STB_4420', 1);
INSERT OR REPLACE INTO services (service_id, brand_id, owner_id, plan_id, ext_place_id, ext_source, title, address, lat, lng, verification_level) VALUES ('STB_4572', 'brand_starbucks', '01ARZ3NDEKTSV4RRFFQ69G5FAV', 'free', 'STB_OFFICIAL_4572', 'starbucks_official', 'スターバックス コーヒー 伊勢崎下道寺店', '群馬県 伊勢崎市 下道寺町510-5', 36.2774420412, 139.196737647, 1);
INSERT OR REPLACE INTO service_category_rel (service_id, category_id) VALUES ('STB_4572', 'cat_cafe');
INSERT OR REPLACE INTO service_cafe_details (service_id, has_wifi) VALUES ('STB_4572', 1);
INSERT OR REPLACE INTO services (service_id, brand_id, owner_id, plan_id, ext_place_id, ext_source, title, address, lat, lng, verification_level) VALUES ('STB_162', 'brand_starbucks', '01ARZ3NDEKTSV4RRFFQ69G5FAV', 'free', 'STB_OFFICIAL_162', 'starbucks_official', 'スターバックス コーヒー 志木駅前店', '埼玉県 新座市 東北2-39-1 井下田第２ビル 1F', 35.8227950522, 139.574808572, 1);
INSERT OR REPLACE INTO service_category_rel (service_id, category_id) VALUES ('STB_162', 'cat_cafe');
INSERT OR REPLACE INTO service_cafe_details (service_id, has_wifi) VALUES ('STB_162', 1);
INSERT OR REPLACE INTO services (service_id, brand_id, owner_id, plan_id, ext_place_id, ext_source, title, address, lat, lng, verification_level) VALUES ('STB_164', 'brand_starbucks', '01ARZ3NDEKTSV4RRFFQ69G5FAV', 'free', 'STB_OFFICIAL_164', 'starbucks_official', 'スターバックス コーヒー イオンモール川口前川 1階店', '埼玉県 川口市 前川1-1-11 イオンモール川口前川 1階', 35.8325121472, 139.706539963, 1);
INSERT OR REPLACE INTO service_category_rel (service_id, category_id) VALUES ('STB_164', 'cat_cafe');
INSERT OR REPLACE INTO service_cafe_details (service_id, has_wifi) VALUES ('STB_164', 1);
INSERT OR REPLACE INTO services (service_id, brand_id, owner_id, plan_id, ext_place_id, ext_source, title, address, lat, lng, verification_level) VALUES ('STB_240', 'brand_starbucks', '01ARZ3NDEKTSV4RRFFQ69G5FAV', 'free', 'STB_OFFICIAL_240', 'starbucks_official', 'スターバックス コーヒー 飯能ＰｅＰｅ店', '埼玉県 飯能市 仲町11-21 飯能ＰｅＰｅ 2F', 35.8509325863, 139.319685131, 1);
INSERT OR REPLACE INTO service_category_rel (service_id, category_id) VALUES ('STB_240', 'cat_cafe');
INSERT OR REPLACE INTO service_cafe_details (service_id, has_wifi) VALUES ('STB_240', 1);
INSERT OR REPLACE INTO services (service_id, brand_id, owner_id, plan_id, ext_place_id, ext_source, title, address, lat, lng, verification_level) VALUES ('STB_251', 'brand_starbucks', '01ARZ3NDEKTSV4RRFFQ69G5FAV', 'free', 'STB_OFFICIAL_251', 'starbucks_official', 'スターバックス コーヒー 武蔵浦和ＢＥＡＮＳ店', '埼玉県 さいたま市南区 別所7-12-1 武蔵浦和ビーンズ 1F', 35.8457146937, 139.646925694, 1);
INSERT OR REPLACE INTO service_category_rel (service_id, category_id) VALUES ('STB_251', 'cat_cafe');
INSERT OR REPLACE INTO service_cafe_details (service_id, has_wifi) VALUES ('STB_251', 1);
INSERT OR REPLACE INTO services (service_id, brand_id, owner_id, plan_id, ext_place_id, ext_source, title, address, lat, lng, verification_level) VALUES ('STB_261', 'brand_starbucks', '01ARZ3NDEKTSV4RRFFQ69G5FAV', 'free', 'STB_OFFICIAL_261', 'starbucks_official', 'スターバックス コーヒー ルミネ大宮 LUMINE2店', '埼玉県 さいたま市大宮区 錦町630 ルミネ大宮 LUMINE2 3F', 35.9062558835, 139.624583651, 1);
INSERT OR REPLACE INTO service_category_rel (service_id, category_id) VALUES ('STB_261', 'cat_cafe');
INSERT OR REPLACE INTO service_cafe_details (service_id, has_wifi) VALUES ('STB_261', 1);
INSERT OR REPLACE INTO services (service_id, brand_id, owner_id, plan_id, ext_place_id, ext_source, title, address, lat, lng, verification_level) VALUES ('STB_281', 'brand_starbucks', '01ARZ3NDEKTSV4RRFFQ69G5FAV', 'free', 'STB_OFFICIAL_281', 'starbucks_official', 'スターバックス コーヒー 西武本川越駅店', '埼玉県 川越市 新富町1-22 本川越駅構内', 35.9145813855, 139.481664304, 1);
INSERT OR REPLACE INTO service_category_rel (service_id, category_id) VALUES ('STB_281', 'cat_cafe');
INSERT OR REPLACE INTO service_cafe_details (service_id, has_wifi) VALUES ('STB_281', 1);
INSERT OR REPLACE INTO services (service_id, brand_id, owner_id, plan_id, ext_place_id, ext_source, title, address, lat, lng, verification_level) VALUES ('STB_298', 'brand_starbucks', '01ARZ3NDEKTSV4RRFFQ69G5FAV', 'free', 'STB_OFFICIAL_298', 'starbucks_official', 'スターバックス コーヒー アズ熊谷店', '埼玉県 熊谷市 筑波2-115 熊谷駅ビルＡＺ２', 36.1395582103, 139.389407162, 1);
INSERT OR REPLACE INTO service_category_rel (service_id, category_id) VALUES ('STB_298', 'cat_cafe');
INSERT OR REPLACE INTO service_cafe_details (service_id, has_wifi) VALUES ('STB_298', 1);
INSERT OR REPLACE INTO services (service_id, brand_id, owner_id, plan_id, ext_place_id, ext_source, title, address, lat, lng, verification_level) VALUES ('STB_402', 'brand_starbucks', '01ARZ3NDEKTSV4RRFFQ69G5FAV', 'free', 'STB_OFFICIAL_402', 'starbucks_official', 'スターバックス コーヒー 大宮西口店', '埼玉県 さいたま市大宮区 桜木町1-1-12 NYビル', 35.9055920115, 139.621486717, 1);
INSERT OR REPLACE INTO service_category_rel (service_id, category_id) VALUES ('STB_402', 'cat_cafe');
INSERT OR REPLACE INTO service_cafe_details (service_id, has_wifi) VALUES ('STB_402', 1);
INSERT OR REPLACE INTO services (service_id, brand_id, owner_id, plan_id, ext_place_id, ext_source, title, address, lat, lng, verification_level) VALUES ('STB_471', 'brand_starbucks', '01ARZ3NDEKTSV4RRFFQ69G5FAV', 'free', 'STB_OFFICIAL_471', 'starbucks_official', 'スターバックス コーヒー 朝霞駅前店', '埼玉県 朝霞市 本町2-4-18 バモスビル', 35.7966330043, 139.599516058, 1);
INSERT OR REPLACE INTO service_category_rel (service_id, category_id) VALUES ('STB_471', 'cat_cafe');
INSERT OR REPLACE INTO service_cafe_details (service_id, has_wifi) VALUES ('STB_471', 1);
INSERT OR REPLACE INTO services (service_id, brand_id, owner_id, plan_id, ext_place_id, ext_source, title, address, lat, lng, verification_level) VALUES ('STB_501', 'brand_starbucks', '01ARZ3NDEKTSV4RRFFQ69G5FAV', 'free', 'STB_OFFICIAL_501', 'starbucks_official', 'スターバックス コーヒー イオン入間店', '埼玉県 入間市 上藤沢下原462 イオン入間ショッピングセンター', 35.8213762325, 139.395151891, 1);
INSERT OR REPLACE INTO service_category_rel (service_id, category_id) VALUES ('STB_501', 'cat_cafe');
INSERT OR REPLACE INTO service_cafe_details (service_id, has_wifi) VALUES ('STB_501', 1);
INSERT OR REPLACE INTO services (service_id, brand_id, owner_id, plan_id, ext_place_id, ext_source, title, address, lat, lng, verification_level) VALUES ('STB_537', 'brand_starbucks', '01ARZ3NDEKTSV4RRFFQ69G5FAV', 'free', 'STB_OFFICIAL_537', 'starbucks_official', 'スターバックス コーヒー ルミネ川越店', '埼玉県 川越市 脇田本町39-19 ルミネ川越', 35.9070136045, 139.482848165, 1);
INSERT OR REPLACE INTO service_category_rel (service_id, category_id) VALUES ('STB_537', 'cat_cafe');
INSERT OR REPLACE INTO service_cafe_details (service_id, has_wifi) VALUES ('STB_537', 1);
INSERT OR REPLACE INTO services (service_id, brand_id, owner_id, plan_id, ext_place_id, ext_source, title, address, lat, lng, verification_level) VALUES ('STB_557', 'brand_starbucks', '01ARZ3NDEKTSV4RRFFQ69G5FAV', 'free', 'STB_OFFICIAL_557', 'starbucks_official', 'スターバックス コーヒー 大宮宮原ステラタウン店', '埼玉県 さいたま市北区 宮原町1-854-1 ステラタウン', 35.9332226864, 139.622581465, 1);
INSERT OR REPLACE INTO service_category_rel (service_id, category_id) VALUES ('STB_557', 'cat_cafe');
INSERT OR REPLACE INTO service_cafe_details (service_id, has_wifi) VALUES ('STB_557', 1);
INSERT OR REPLACE INTO services (service_id, brand_id, owner_id, plan_id, ext_place_id, ext_source, title, address, lat, lng, verification_level) VALUES ('STB_581', 'brand_starbucks', '01ARZ3NDEKTSV4RRFFQ69G5FAV', 'free', 'STB_OFFICIAL_581', 'starbucks_official', 'スターバックス コーヒー イオンモール北戸田店', '埼玉県 戸田市 美女木東1-3-1 イオンモール北戸田', 35.8262754987, 139.653485211, 1);
INSERT OR REPLACE INTO service_category_rel (service_id, category_id) VALUES ('STB_581', 'cat_cafe');
INSERT OR REPLACE INTO service_cafe_details (service_id, has_wifi) VALUES ('STB_581', 1);
INSERT OR REPLACE INTO services (service_id, brand_id, owner_id, plan_id, ext_place_id, ext_source, title, address, lat, lng, verification_level) VALUES ('STB_588', 'brand_starbucks', '01ARZ3NDEKTSV4RRFFQ69G5FAV', 'free', 'STB_OFFICIAL_588', 'starbucks_official', 'スターバックス コーヒー イオンモール与野店', '埼玉県 さいたま市中央区 本町西5-2-9 イオンモール与野', 35.8910723389, 139.614930152, 1);
INSERT OR REPLACE INTO service_category_rel (service_id, category_id) VALUES ('STB_588', 'cat_cafe');
INSERT OR REPLACE INTO service_cafe_details (service_id, has_wifi) VALUES ('STB_588', 1);
INSERT OR REPLACE INTO services (service_id, brand_id, owner_id, plan_id, ext_place_id, ext_source, title, address, lat, lng, verification_level) VALUES ('STB_617', 'brand_starbucks', '01ARZ3NDEKTSV4RRFFQ69G5FAV', 'free', 'STB_OFFICIAL_617', 'starbucks_official', 'スターバックス コーヒー 三郷イトーヨーカドー店', '埼玉県 三郷市 ピアラシティ1-1-1 イトーヨーカドー三郷店', 35.8433052362, 139.854061936, 1);
INSERT OR REPLACE INTO service_category_rel (service_id, category_id) VALUES ('STB_617', 'cat_cafe');
INSERT OR REPLACE INTO service_cafe_details (service_id, has_wifi) VALUES ('STB_617', 1);
INSERT OR REPLACE INTO services (service_id, brand_id, owner_id, plan_id, ext_place_id, ext_source, title, address, lat, lng, verification_level) VALUES ('STB_667', 'brand_starbucks', '01ARZ3NDEKTSV4RRFFQ69G5FAV', 'free', 'STB_OFFICIAL_667', 'starbucks_official', 'スターバックス コーヒー カインズホーム鶴ヶ島店', '埼玉県 鶴ヶ島市 三ツ木奥仲580-1', 35.9271262563, 139.392061168, 1);
INSERT OR REPLACE INTO service_category_rel (service_id, category_id) VALUES ('STB_667', 'cat_cafe');
INSERT OR REPLACE INTO service_cafe_details (service_id, has_wifi) VALUES ('STB_667', 1);
INSERT OR REPLACE INTO services (service_id, brand_id, owner_id, plan_id, ext_place_id, ext_source, title, address, lat, lng, verification_level) VALUES ('STB_668', 'brand_starbucks', '01ARZ3NDEKTSV4RRFFQ69G5FAV', 'free', 'STB_OFFICIAL_668', 'starbucks_official', 'スターバックス コーヒー イオンモール浦和美園店', '埼玉県 さいたま市緑区 美園5-50-1 イオンモール浦和美園', 35.8919231579, 139.730638837, 1);
INSERT OR REPLACE INTO service_category_rel (service_id, category_id) VALUES ('STB_668', 'cat_cafe');
INSERT OR REPLACE INTO service_cafe_details (service_id, has_wifi) VALUES ('STB_668', 1);
INSERT OR REPLACE INTO services (service_id, brand_id, owner_id, plan_id, ext_place_id, ext_source, title, address, lat, lng, verification_level) VALUES ('STB_682', 'brand_starbucks', '01ARZ3NDEKTSV4RRFFQ69G5FAV', 'free', 'STB_OFFICIAL_682', 'starbucks_official', 'スターバックス コーヒー 東武久喜駅店', '埼玉県 久喜市 中央2-1-1 東武久喜駅', 36.0655164435, 139.677708295, 1);
INSERT OR REPLACE INTO service_category_rel (service_id, category_id) VALUES ('STB_682', 'cat_cafe');
INSERT OR REPLACE INTO service_cafe_details (service_id, has_wifi) VALUES ('STB_682', 1);
INSERT OR REPLACE INTO services (service_id, brand_id, owner_id, plan_id, ext_place_id, ext_source, title, address, lat, lng, verification_level) VALUES ('STB_687', 'brand_starbucks', '01ARZ3NDEKTSV4RRFFQ69G5FAV', 'free', 'STB_OFFICIAL_687', 'starbucks_official', 'スターバックス コーヒー なめがわ森林モール店', '埼玉県 比企郡 滑川町羽尾2806－1', 36.0584573817, 139.370139441, 1);
INSERT OR REPLACE INTO service_category_rel (service_id, category_id) VALUES ('STB_687', 'cat_cafe');
INSERT OR REPLACE INTO service_cafe_details (service_id, has_wifi) VALUES ('STB_687', 1);
INSERT OR REPLACE INTO services (service_id, brand_id, owner_id, plan_id, ext_place_id, ext_source, title, address, lat, lng, verification_level) VALUES ('STB_720', 'brand_starbucks', '01ARZ3NDEKTSV4RRFFQ69G5FAV', 'free', 'STB_OFFICIAL_720', 'starbucks_official', 'スターバックス コーヒー カインズスーパーモールかわじま店', '埼玉県 比企郡 川島町上伊草210 カインズスーパーモールかわじま', 35.9772083178, 139.466897646, 1);
INSERT OR REPLACE INTO service_category_rel (service_id, category_id) VALUES ('STB_720', 'cat_cafe');
INSERT OR REPLACE INTO service_cafe_details (service_id, has_wifi) VALUES ('STB_720', 1);
INSERT OR REPLACE INTO services (service_id, brand_id, owner_id, plan_id, ext_place_id, ext_source, title, address, lat, lng, verification_level) VALUES ('STB_752', 'brand_starbucks', '01ARZ3NDEKTSV4RRFFQ69G5FAV', 'free', 'STB_OFFICIAL_752', 'starbucks_official', 'スターバックス コーヒー 埼玉医科大学国際医療センター店', '埼玉県 日高市 山根稲荷山1397-1 埼玉医科大学国際医療センター', 35.921249001, 139.322371948, 1);
INSERT OR REPLACE INTO service_category_rel (service_id, category_id) VALUES ('STB_752', 'cat_cafe');
INSERT OR REPLACE INTO service_cafe_details (service_id, has_wifi) VALUES ('STB_752', 1);
INSERT OR REPLACE INTO services (service_id, brand_id, owner_id, plan_id, ext_place_id, ext_source, title, address, lat, lng, verification_level) VALUES ('STB_768', 'brand_starbucks', '01ARZ3NDEKTSV4RRFFQ69G5FAV', 'free', 'STB_OFFICIAL_768', 'starbucks_official', 'スターバックス コーヒー ララガーデン春日部店', '埼玉県 春日部市 南1-1-1(店舗番号1230) ララガーデン春日部', 35.9775752575, 139.755122304, 1);
INSERT OR REPLACE INTO service_category_rel (service_id, category_id) VALUES ('STB_768', 'cat_cafe');
INSERT OR REPLACE INTO service_cafe_details (service_id, has_wifi) VALUES ('STB_768', 1);
INSERT OR REPLACE INTO services (service_id, brand_id, owner_id, plan_id, ext_place_id, ext_source, title, address, lat, lng, verification_level) VALUES ('STB_790', 'brand_starbucks', '01ARZ3NDEKTSV4RRFFQ69G5FAV', 'free', 'STB_OFFICIAL_790', 'starbucks_official', 'スターバックス コーヒー イオンモール羽生1階店', '埼玉県 羽生市 川崎2-281-3 イオンモール羽生1階', 36.1433846146, 139.540937457, 1);
INSERT OR REPLACE INTO service_category_rel (service_id, category_id) VALUES ('STB_790', 'cat_cafe');
INSERT OR REPLACE INTO service_cafe_details (service_id, has_wifi) VALUES ('STB_790', 1);
INSERT OR REPLACE INTO services (service_id, brand_id, owner_id, plan_id, ext_place_id, ext_source, title, address, lat, lng, verification_level) VALUES ('STB_799', 'brand_starbucks', '01ARZ3NDEKTSV4RRFFQ69G5FAV', 'free', 'STB_OFFICIAL_799', 'starbucks_official', 'スターバックス コーヒー 三芳パーキングエリア(下り線)店', '埼玉県 入間郡 三芳町上富2218-1 三芳パーキングエリア(下り線)', 35.8416556577, 139.502325946, 1);
INSERT OR REPLACE INTO service_category_rel (service_id, category_id) VALUES ('STB_799', 'cat_cafe');
INSERT OR REPLACE INTO service_cafe_details (service_id, has_wifi) VALUES ('STB_799', 1);
INSERT OR REPLACE INTO services (service_id, brand_id, owner_id, plan_id, ext_place_id, ext_source, title, address, lat, lng, verification_level) VALUES ('STB_800', 'brand_starbucks', '01ARZ3NDEKTSV4RRFFQ69G5FAV', 'free', 'STB_OFFICIAL_800', 'starbucks_official', 'スターバックス コーヒー 上里サービスエリア(上り線)店', '埼玉県 児玉郡 上里町五明849-1 上里サービスエリア(上り線)', 36.2559946579, 139.119793914, 1);
INSERT OR REPLACE INTO service_category_rel (service_id, category_id) VALUES ('STB_800', 'cat_cafe');
INSERT OR REPLACE INTO service_cafe_details (service_id, has_wifi) VALUES ('STB_800', 1);
INSERT OR REPLACE INTO services (service_id, brand_id, owner_id, plan_id, ext_place_id, ext_source, title, address, lat, lng, verification_level) VALUES ('STB_815', 'brand_starbucks', '01ARZ3NDEKTSV4RRFFQ69G5FAV', 'free', 'STB_OFFICIAL_815', 'starbucks_official', 'スターバックス コーヒー 上里サービスエリア（下り線）店', '埼玉県 児玉郡 上里町五明820 上里サービスエリア（下り線）', 36.2546920074, 139.119100976, 1);
INSERT OR REPLACE INTO service_category_rel (service_id, category_id) VALUES ('STB_815', 'cat_cafe');
INSERT OR REPLACE INTO service_cafe_details (service_id, has_wifi) VALUES ('STB_815', 1);
INSERT OR REPLACE INTO services (service_id, brand_id, owner_id, plan_id, ext_place_id, ext_source, title, address, lat, lng, verification_level) VALUES ('STB_821', 'brand_starbucks', '01ARZ3NDEKTSV4RRFFQ69G5FAV', 'free', 'STB_OFFICIAL_821', 'starbucks_official', 'スターバックス コーヒー 浦和別所店', '埼玉県 さいたま市南区 別所3-2-2', 35.854997876, 139.647415782, 1);
INSERT OR REPLACE INTO service_category_rel (service_id, category_id) VALUES ('STB_821', 'cat_cafe');
INSERT OR REPLACE INTO service_cafe_details (service_id, has_wifi) VALUES ('STB_821', 1);
INSERT OR REPLACE INTO services (service_id, brand_id, owner_id, plan_id, ext_place_id, ext_source, title, address, lat, lng, verification_level) VALUES ('STB_823', 'brand_starbucks', '01ARZ3NDEKTSV4RRFFQ69G5FAV', 'free', 'STB_OFFICIAL_823', 'starbucks_official', 'スターバックス コーヒー 獨協医科大学埼玉医療センター店', '埼玉県 越谷市 南越谷2-1-50 獨協医科大学埼玉医療センター', 35.8777432111, 139.789977617, 1);
INSERT OR REPLACE INTO service_category_rel (service_id, category_id) VALUES ('STB_823', 'cat_cafe');
INSERT OR REPLACE INTO service_cafe_details (service_id, has_wifi) VALUES ('STB_823', 0);
INSERT OR REPLACE INTO services (service_id, brand_id, owner_id, plan_id, ext_place_id, ext_source, title, address, lat, lng, verification_level) VALUES ('STB_864', 'brand_starbucks', '01ARZ3NDEKTSV4RRFFQ69G5FAV', 'free', 'STB_OFFICIAL_864', 'starbucks_official', 'スターバックス コーヒー 越谷イオンレイクタウン mori 1階店', '埼玉県 越谷市 レイクタウン3-1-1 イオンレイクタウン mori', 35.8820453711, 139.828663373, 1);
INSERT OR REPLACE INTO service_category_rel (service_id, category_id) VALUES ('STB_864', 'cat_cafe');
INSERT OR REPLACE INTO service_cafe_details (service_id, has_wifi) VALUES ('STB_864', 1);
INSERT OR REPLACE INTO services (service_id, brand_id, owner_id, plan_id, ext_place_id, ext_source, title, address, lat, lng, verification_level) VALUES ('STB_865', 'brand_starbucks', '01ARZ3NDEKTSV4RRFFQ69G5FAV', 'free', 'STB_OFFICIAL_865', 'starbucks_official', 'スターバックス コーヒー 越谷イオンレイクタウン mori ガーデンウォーク店', '埼玉県 越谷市 レイクタウン3-1-1 イオンレイクタウン mori', 35.8810740716, 139.827831542, 1);
INSERT OR REPLACE INTO service_category_rel (service_id, category_id) VALUES ('STB_865', 'cat_cafe');
INSERT OR REPLACE INTO service_cafe_details (service_id, has_wifi) VALUES ('STB_865', 1);
INSERT OR REPLACE INTO services (service_id, brand_id, owner_id, plan_id, ext_place_id, ext_source, title, address, lat, lng, verification_level) VALUES ('STB_866', 'brand_starbucks', '01ARZ3NDEKTSV4RRFFQ69G5FAV', 'free', 'STB_OFFICIAL_866', 'starbucks_official', 'スターバックス コーヒー 越谷イオンレイクタウン mori 3階店', '埼玉県 越谷市 レイクタウン3-1-1 イオンレイクタウン mori', 35.8802241657, 139.828014622, 1);
INSERT OR REPLACE INTO service_category_rel (service_id, category_id) VALUES ('STB_866', 'cat_cafe');
INSERT OR REPLACE INTO service_cafe_details (service_id, has_wifi) VALUES ('STB_866', 1);
INSERT OR REPLACE INTO services (service_id, brand_id, owner_id, plan_id, ext_place_id, ext_source, title, address, lat, lng, verification_level) VALUES ('STB_867', 'brand_starbucks', '01ARZ3NDEKTSV4RRFFQ69G5FAV', 'free', 'STB_OFFICIAL_867', 'starbucks_official', 'スターバックス コーヒー 越谷イオンレイクタウン kaze 1階店', '埼玉県 越谷市 レイクタウン4-2-2 イオンレイクタウン kaze 1F', 35.8770147241, 139.824427012, 1);
INSERT OR REPLACE INTO service_category_rel (service_id, category_id) VALUES ('STB_867', 'cat_cafe');
INSERT OR REPLACE INTO service_cafe_details (service_id, has_wifi) VALUES ('STB_867', 1);
INSERT OR REPLACE INTO services (service_id, brand_id, owner_id, plan_id, ext_place_id, ext_source, title, address, lat, lng, verification_level) VALUES ('STB_872', 'brand_starbucks', '01ARZ3NDEKTSV4RRFFQ69G5FAV', 'free', 'STB_OFFICIAL_872', 'starbucks_official', 'スターバックス コーヒー ララガーデン川口店', '埼玉県 川口市 宮町18-9 ララガーデン川口', 35.8058326419, 139.698711286, 1);
INSERT OR REPLACE INTO service_category_rel (service_id, category_id) VALUES ('STB_872', 'cat_cafe');
INSERT OR REPLACE INTO service_cafe_details (service_id, has_wifi) VALUES ('STB_872', 1);
INSERT OR REPLACE INTO services (service_id, brand_id, owner_id, plan_id, ext_place_id, ext_source, title, address, lat, lng, verification_level) VALUES ('STB_951', 'brand_starbucks', '01ARZ3NDEKTSV4RRFFQ69G5FAV', 'free', 'STB_OFFICIAL_951', 'starbucks_official', 'スターバックス コーヒー 羽生パーキングエリア（下り線）店', '埼玉県 羽生市 弥勒三新田824 Pasar羽生', 36.1803403244, 139.585237076, 1);
INSERT OR REPLACE INTO service_category_rel (service_id, category_id) VALUES ('STB_951', 'cat_cafe');
INSERT OR REPLACE INTO service_cafe_details (service_id, has_wifi) VALUES ('STB_951', 1);
INSERT OR REPLACE INTO services (service_id, brand_id, owner_id, plan_id, ext_place_id, ext_source, title, address, lat, lng, verification_level) VALUES ('STB_953', 'brand_starbucks', '01ARZ3NDEKTSV4RRFFQ69G5FAV', 'free', 'STB_OFFICIAL_953', 'starbucks_official', 'スターバックス コーヒー ピオニウォーク東松山店', '埼玉県 東松山市 あずま町4-3', 36.0050823962, 139.409893319, 1);
INSERT OR REPLACE INTO service_category_rel (service_id, category_id) VALUES ('STB_953', 'cat_cafe');
INSERT OR REPLACE INTO service_cafe_details (service_id, has_wifi) VALUES ('STB_953', 1);
INSERT OR REPLACE INTO services (service_id, brand_id, owner_id, plan_id, ext_place_id, ext_source, title, address, lat, lng, verification_level) VALUES ('STB_971', 'brand_starbucks', '01ARZ3NDEKTSV4RRFFQ69G5FAV', 'free', 'STB_OFFICIAL_971', 'starbucks_official', 'スターバックス コーヒー ふじみ野店', '埼玉県 ふじみ野市 ふじみ野4-9-1', 35.8577252963, 139.51642959, 1);
INSERT OR REPLACE INTO service_category_rel (service_id, category_id) VALUES ('STB_971', 'cat_cafe');
INSERT OR REPLACE INTO service_cafe_details (service_id, has_wifi) VALUES ('STB_971', 1);
INSERT OR REPLACE INTO services (service_id, brand_id, owner_id, plan_id, ext_place_id, ext_source, title, address, lat, lng, verification_level) VALUES ('STB_1026', 'brand_starbucks', '01ARZ3NDEKTSV4RRFFQ69G5FAV', 'free', 'STB_OFFICIAL_1026', 'starbucks_official', 'スターバックス コーヒー 越谷レイクタウン アウトレット店', '埼玉県 越谷市 レイクタウン4-1-1 レイクタウンアウトレット', 35.8801985634, 139.825181247, 1);
INSERT OR REPLACE INTO service_category_rel (service_id, category_id) VALUES ('STB_1026', 'cat_cafe');
INSERT OR REPLACE INTO service_cafe_details (service_id, has_wifi) VALUES ('STB_1026', 1);
INSERT OR REPLACE INTO services (service_id, brand_id, owner_id, plan_id, ext_place_id, ext_source, title, address, lat, lng, verification_level) VALUES ('STB_1036', 'brand_starbucks', '01ARZ3NDEKTSV4RRFFQ69G5FAV', 'free', 'STB_OFFICIAL_1036', 'starbucks_official', 'スターバックス コーヒー モラージュ菖蒲1階店', '埼玉県 久喜市 菖蒲町菖蒲6005-1 モラージュ菖蒲1階', 36.0751792561, 139.611649447, 1);
INSERT OR REPLACE INTO service_category_rel (service_id, category_id) VALUES ('STB_1036', 'cat_cafe');
INSERT OR REPLACE INTO service_cafe_details (service_id, has_wifi) VALUES ('STB_1036', 1);
INSERT OR REPLACE INTO services (service_id, brand_id, owner_id, plan_id, ext_place_id, ext_source, title, address, lat, lng, verification_level) VALUES ('STB_1104', 'brand_starbucks', '01ARZ3NDEKTSV4RRFFQ69G5FAV', 'free', 'STB_OFFICIAL_1104', 'starbucks_official', 'スターバックス コーヒー 大宮マルイ店', '埼玉県 さいたま市大宮区 桜木町2-3 大宮マルイ', 35.9066530211, 139.622168556, 1);
INSERT OR REPLACE INTO service_category_rel (service_id, category_id) VALUES ('STB_1104', 'cat_cafe');
INSERT OR REPLACE INTO service_cafe_details (service_id, has_wifi) VALUES ('STB_1104', 0);
INSERT OR REPLACE INTO services (service_id, brand_id, owner_id, plan_id, ext_place_id, ext_source, title, address, lat, lng, verification_level) VALUES ('STB_1128', 'brand_starbucks', '01ARZ3NDEKTSV4RRFFQ69G5FAV', 'free', 'STB_OFFICIAL_1128', 'starbucks_official', 'スターバックス コーヒー イオンモール春日部店', '埼玉県 春日部市 下柳420-1', 35.9878194549, 139.787803562, 1);
INSERT OR REPLACE INTO service_category_rel (service_id, category_id) VALUES ('STB_1128', 'cat_cafe');
INSERT OR REPLACE INTO service_cafe_details (service_id, has_wifi) VALUES ('STB_1128', 1);
INSERT OR REPLACE INTO services (service_id, brand_id, owner_id, plan_id, ext_place_id, ext_source, title, address, lat, lng, verification_level) VALUES ('STB_1152', 'brand_starbucks', '01ARZ3NDEKTSV4RRFFQ69G5FAV', 'free', 'STB_OFFICIAL_1152', 'starbucks_official', 'スターバックス コーヒー 所沢けやき台店', '埼玉県 所沢市 けやき台2-17-10', 35.796379685, 139.455639963, 1);
INSERT OR REPLACE INTO service_category_rel (service_id, category_id) VALUES ('STB_1152', 'cat_cafe');
INSERT OR REPLACE INTO service_cafe_details (service_id, has_wifi) VALUES ('STB_1152', 1);
INSERT OR REPLACE INTO services (service_id, brand_id, owner_id, plan_id, ext_place_id, ext_source, title, address, lat, lng, verification_level) VALUES ('STB_1246', 'brand_starbucks', '01ARZ3NDEKTSV4RRFFQ69G5FAV', 'free', 'STB_OFFICIAL_1246', 'starbucks_official', 'スターバックス コーヒー ららぽーと富士見2階店', '埼玉県 富士見市 山室1-1313 ららぽーと富士見2階', 35.8585882656, 139.548581602, 1);
INSERT OR REPLACE INTO service_category_rel (service_id, category_id) VALUES ('STB_1246', 'cat_cafe');
INSERT OR REPLACE INTO service_cafe_details (service_id, has_wifi) VALUES ('STB_1246', 1);
INSERT OR REPLACE INTO services (service_id, brand_id, owner_id, plan_id, ext_place_id, ext_source, title, address, lat, lng, verification_level) VALUES ('STB_1270', 'brand_starbucks', '01ARZ3NDEKTSV4RRFFQ69G5FAV', 'free', 'STB_OFFICIAL_1270', 'starbucks_official', 'スターバックス コーヒー さいたま新都心 コクーンシティ コクーン2店', '埼玉県 さいたま市大宮区 吉敷町4-263-1 コクーンシティ', 35.8962804644, 139.634919919, 1);
INSERT OR REPLACE INTO service_category_rel (service_id, category_id) VALUES ('STB_1270', 'cat_cafe');
INSERT OR REPLACE INTO service_cafe_details (service_id, has_wifi) VALUES ('STB_1270', 1);
INSERT OR REPLACE INTO services (service_id, brand_id, owner_id, plan_id, ext_place_id, ext_source, title, address, lat, lng, verification_level) VALUES ('STB_1360', 'brand_starbucks', '01ARZ3NDEKTSV4RRFFQ69G5FAV', 'free', 'STB_OFFICIAL_1360', 'starbucks_official', 'スターバックス コーヒー ビーンズ戸田公園店', '埼玉県 戸田市 本町4-15-1 ビーンズ戸田公園', 35.8077395846, 139.678484544, 1);
INSERT OR REPLACE INTO service_category_rel (service_id, category_id) VALUES ('STB_1360', 'cat_cafe');
INSERT OR REPLACE INTO service_cafe_details (service_id, has_wifi) VALUES ('STB_1360', 1);
INSERT OR REPLACE INTO services (service_id, brand_id, owner_id, plan_id, ext_place_id, ext_source, title, address, lat, lng, verification_level) VALUES ('STB_1398', 'brand_starbucks', '01ARZ3NDEKTSV4RRFFQ69G5FAV', 'free', 'STB_OFFICIAL_1398', 'starbucks_official', 'スターバックス コーヒー さいたま大和田店', '埼玉県 さいたま市見沼区 大和田町1-1931', 35.9236981762, 139.655912468, 1);
INSERT OR REPLACE INTO service_category_rel (service_id, category_id) VALUES ('STB_1398', 'cat_cafe');
INSERT OR REPLACE INTO service_cafe_details (service_id, has_wifi) VALUES ('STB_1398', 1);
INSERT OR REPLACE INTO services (service_id, brand_id, owner_id, plan_id, ext_place_id, ext_source, title, address, lat, lng, verification_level) VALUES ('STB_1411', 'brand_starbucks', '01ARZ3NDEKTSV4RRFFQ69G5FAV', 'free', 'STB_OFFICIAL_1411', 'starbucks_official', 'スターバックス コーヒー さいたま新都心店', '埼玉県 さいたま市中央区 新都心10 けやきひろば(013区画）', 35.8936231866, 139.631372558, 1);
INSERT OR REPLACE INTO service_category_rel (service_id, category_id) VALUES ('STB_1411', 'cat_cafe');
INSERT OR REPLACE INTO service_cafe_details (service_id, has_wifi) VALUES ('STB_1411', 1);
INSERT OR REPLACE INTO services (service_id, brand_id, owner_id, plan_id, ext_place_id, ext_source, title, address, lat, lng, verification_level) VALUES ('STB_1437', 'brand_starbucks', '01ARZ3NDEKTSV4RRFFQ69G5FAV', 'free', 'STB_OFFICIAL_1437', 'starbucks_official', 'スターバックス コーヒー 所沢小手指バイパス店', '埼玉県 所沢市 北野1-2-67', 35.7966875103, 139.428444152, 1);
INSERT OR REPLACE INTO service_category_rel (service_id, category_id) VALUES ('STB_1437', 'cat_cafe');
INSERT OR REPLACE INTO service_cafe_details (service_id, has_wifi) VALUES ('STB_1437', 1);
INSERT OR REPLACE INTO services (service_id, brand_id, owner_id, plan_id, ext_place_id, ext_source, title, address, lat, lng, verification_level) VALUES ('STB_1447', 'brand_starbucks', '01ARZ3NDEKTSV4RRFFQ69G5FAV', 'free', 'STB_OFFICIAL_1447', 'starbucks_official', 'スターバックス コーヒー 上尾二ツ宮店', '埼玉県 上尾市 二ツ宮957-1', 35.9814080223, 139.602918379, 1);
INSERT OR REPLACE INTO service_category_rel (service_id, category_id) VALUES ('STB_1447', 'cat_cafe');
INSERT OR REPLACE INTO service_cafe_details (service_id, has_wifi) VALUES ('STB_1447', 1);
INSERT OR REPLACE INTO services (service_id, brand_id, owner_id, plan_id, ext_place_id, ext_source, title, address, lat, lng, verification_level) VALUES ('STB_1481', 'brand_starbucks', '01ARZ3NDEKTSV4RRFFQ69G5FAV', 'free', 'STB_OFFICIAL_1481', 'starbucks_official', 'スターバックス コーヒー 桶川下日出谷店', '埼玉県 桶川市 下日出谷東3-2', 35.9987666686, 139.552198458, 1);
INSERT OR REPLACE INTO service_category_rel (service_id, category_id) VALUES ('STB_1481', 'cat_cafe');
INSERT OR REPLACE INTO service_cafe_details (service_id, has_wifi) VALUES ('STB_1481', 1);
INSERT OR REPLACE INTO services (service_id, brand_id, owner_id, plan_id, ext_place_id, ext_source, title, address, lat, lng, verification_level) VALUES ('STB_1490', 'brand_starbucks', '01ARZ3NDEKTSV4RRFFQ69G5FAV', 'free', 'STB_OFFICIAL_1490', 'starbucks_official', 'スターバックス コーヒー アリオ川口店', '埼玉県 川口市 並木元町1-79 アリオ川口1F', 35.8069222429, 139.71434577, 1);
INSERT OR REPLACE INTO service_category_rel (service_id, category_id) VALUES ('STB_1490', 'cat_cafe');
INSERT OR REPLACE INTO service_cafe_details (service_id, has_wifi) VALUES ('STB_1490', 1);
INSERT OR REPLACE INTO services (service_id, brand_id, owner_id, plan_id, ext_place_id, ext_source, title, address, lat, lng, verification_level) VALUES ('STB_1531', 'brand_starbucks', '01ARZ3NDEKTSV4RRFFQ69G5FAV', 'free', 'STB_OFFICIAL_1531', 'starbucks_official', 'スターバックス コーヒー グランエミオ所沢東口2階店', '埼玉県 所沢市 くすのき台1-14-5 グランエミオ所沢', 35.7870315638, 139.474153856, 1);
INSERT OR REPLACE INTO service_category_rel (service_id, category_id) VALUES ('STB_1531', 'cat_cafe');
INSERT OR REPLACE INTO service_cafe_details (service_id, has_wifi) VALUES ('STB_1531', 1);
INSERT OR REPLACE INTO services (service_id, brand_id, owner_id, plan_id, ext_place_id, ext_source, title, address, lat, lng, verification_level) VALUES ('STB_1554', 'brand_starbucks', '01ARZ3NDEKTSV4RRFFQ69G5FAV', 'free', 'STB_OFFICIAL_1554', 'starbucks_official', 'スターバックス コーヒー 川越鐘つき通り店', '埼玉県 川越市 幸町15-18', 35.9236701737, 139.483844815, 1);
INSERT OR REPLACE INTO service_category_rel (service_id, category_id) VALUES ('STB_1554', 'cat_cafe');
INSERT OR REPLACE INTO service_cafe_details (service_id, has_wifi) VALUES ('STB_1554', 1);
INSERT OR REPLACE INTO services (service_id, brand_id, owner_id, plan_id, ext_place_id, ext_source, title, address, lat, lng, verification_level) VALUES ('STB_1575', 'brand_starbucks', '01ARZ3NDEKTSV4RRFFQ69G5FAV', 'free', 'STB_OFFICIAL_1575', 'starbucks_official', 'スターバックス コーヒー さいたま南与野店', '埼玉県 さいたま市中央区 鈴谷5-3-18', 35.8705072969, 139.629717926, 1);
INSERT OR REPLACE INTO service_category_rel (service_id, category_id) VALUES ('STB_1575', 'cat_cafe');
INSERT OR REPLACE INTO service_cafe_details (service_id, has_wifi) VALUES ('STB_1575', 1);
INSERT OR REPLACE INTO services (service_id, brand_id, owner_id, plan_id, ext_place_id, ext_source, title, address, lat, lng, verification_level) VALUES ('STB_1585', 'brand_starbucks', '01ARZ3NDEKTSV4RRFFQ69G5FAV', 'free', 'STB_OFFICIAL_1585', 'starbucks_official', 'スターバックス コーヒー グランエミオ所沢西口1階店', '埼玉県 所沢市 くすのき台1-14-5 グランエミオ所沢', 35.7868371203, 139.473016737, 1);
INSERT OR REPLACE INTO service_category_rel (service_id, category_id) VALUES ('STB_1585', 'cat_cafe');
INSERT OR REPLACE INTO service_cafe_details (service_id, has_wifi) VALUES ('STB_1585', 1);
INSERT OR REPLACE INTO services (service_id, brand_id, owner_id, plan_id, ext_place_id, ext_source, title, address, lat, lng, verification_level) VALUES ('STB_1587', 'brand_starbucks', '01ARZ3NDEKTSV4RRFFQ69G5FAV', 'free', 'STB_OFFICIAL_1587', 'starbucks_official', 'スターバックス コーヒー エキア志木店', '埼玉県 新座市 東北2-38-1 EQUiA志木', 35.8223987118, 139.575156617, 1);
INSERT OR REPLACE INTO service_category_rel (service_id, category_id) VALUES ('STB_1587', 'cat_cafe');
INSERT OR REPLACE INTO service_cafe_details (service_id, has_wifi) VALUES ('STB_1587', 1);
INSERT OR REPLACE INTO services (service_id, brand_id, owner_id, plan_id, ext_place_id, ext_source, title, address, lat, lng, verification_level) VALUES ('STB_1589', 'brand_starbucks', '01ARZ3NDEKTSV4RRFFQ69G5FAV', 'free', 'STB_OFFICIAL_1589', 'starbucks_official', 'スターバックス コーヒー ルミネ大宮 LUMINE1店', '埼玉県 さいたま市大宮区 錦町630 ルミネ大宮 LUMINE1 B1F', 35.9072613323, 139.624625268, 1);
INSERT OR REPLACE INTO service_category_rel (service_id, category_id) VALUES ('STB_1589', 'cat_cafe');
INSERT OR REPLACE INTO service_cafe_details (service_id, has_wifi) VALUES ('STB_1589', 1);
INSERT OR REPLACE INTO services (service_id, brand_id, owner_id, plan_id, ext_place_id, ext_source, title, address, lat, lng, verification_level) VALUES ('STB_1597', 'brand_starbucks', '01ARZ3NDEKTSV4RRFFQ69G5FAV', 'free', 'STB_OFFICIAL_1597', 'starbucks_official', 'スターバックス コーヒー カインズ熊谷籠原店', '埼玉県 熊谷市 新堀952-11 カインズ熊谷籠原', 36.1796767418, 139.328358718, 1);
INSERT OR REPLACE INTO service_category_rel (service_id, category_id) VALUES ('STB_1597', 'cat_cafe');
INSERT OR REPLACE INTO service_cafe_details (service_id, has_wifi) VALUES ('STB_1597', 1);
INSERT OR REPLACE INTO services (service_id, brand_id, owner_id, plan_id, ext_place_id, ext_source, title, address, lat, lng, verification_level) VALUES ('STB_1598', 'brand_starbucks', '01ARZ3NDEKTSV4RRFFQ69G5FAV', 'free', 'STB_OFFICIAL_1598', 'starbucks_official', 'スターバックス コーヒー くみまちMALL新座店', '埼玉県 新座市 大和田2-6-28 くみまちMALL新座', 35.8053658714, 139.546783369, 1);
INSERT OR REPLACE INTO service_category_rel (service_id, category_id) VALUES ('STB_1598', 'cat_cafe');
INSERT OR REPLACE INTO service_cafe_details (service_id, has_wifi) VALUES ('STB_1598', 1);
INSERT OR REPLACE INTO services (service_id, brand_id, owner_id, plan_id, ext_place_id, ext_source, title, address, lat, lng, verification_level) VALUES ('STB_1615', 'brand_starbucks', '01ARZ3NDEKTSV4RRFFQ69G5FAV', 'free', 'STB_OFFICIAL_1615', 'starbucks_official', 'スターバックス コーヒー ららぽーと新三郷店', '埼玉県 三郷市 新三郷ららシティ3-1-1 ららぽーと新三郷 2階', 35.8588057355, 139.866244655, 1);
INSERT OR REPLACE INTO service_category_rel (service_id, category_id) VALUES ('STB_1615', 'cat_cafe');
INSERT OR REPLACE INTO service_cafe_details (service_id, has_wifi) VALUES ('STB_1615', 1);
INSERT OR REPLACE INTO services (service_id, brand_id, owner_id, plan_id, ext_place_id, ext_source, title, address, lat, lng, verification_level) VALUES ('STB_1616', 'brand_starbucks', '01ARZ3NDEKTSV4RRFFQ69G5FAV', 'free', 'STB_OFFICIAL_1616', 'starbucks_official', 'スターバックス コーヒー 浦和パルコ店', '埼玉県 さいたま市浦和区 東高砂町11-1 浦和パルコ 1階', 35.858224401, 139.6590605, 1);
INSERT OR REPLACE INTO service_category_rel (service_id, category_id) VALUES ('STB_1616', 'cat_cafe');
INSERT OR REPLACE INTO service_cafe_details (service_id, has_wifi) VALUES ('STB_1616', 1);
INSERT OR REPLACE INTO services (service_id, brand_id, owner_id, plan_id, ext_place_id, ext_source, title, address, lat, lng, verification_level) VALUES ('STB_1635', 'brand_starbucks', '01ARZ3NDEKTSV4RRFFQ69G5FAV', 'free', 'STB_OFFICIAL_1635', 'starbucks_official', 'スターバックス コーヒー 川越伊勢原店', '埼玉県 川越市 伊勢原町3-2-3', 35.9217349578, 139.427834, 1);
INSERT OR REPLACE INTO service_category_rel (service_id, category_id) VALUES ('STB_1635', 'cat_cafe');
INSERT OR REPLACE INTO service_cafe_details (service_id, has_wifi) VALUES ('STB_1635', 1);
INSERT OR REPLACE INTO services (service_id, brand_id, owner_id, plan_id, ext_place_id, ext_source, title, address, lat, lng, verification_level) VALUES ('STB_1648', 'brand_starbucks', '01ARZ3NDEKTSV4RRFFQ69G5FAV', 'free', 'STB_OFFICIAL_1648', 'starbucks_official', 'スターバックス コーヒー 蓮田サービスエリア（上り線）店', '埼玉県 蓮田市 川島370 Pasar蓮田（上り線）', 35.9778450813, 139.667172095, 1);
INSERT OR REPLACE INTO service_category_rel (service_id, category_id) VALUES ('STB_1648', 'cat_cafe');
INSERT OR REPLACE INTO service_cafe_details (service_id, has_wifi) VALUES ('STB_1648', 1);
INSERT OR REPLACE INTO services (service_id, brand_id, owner_id, plan_id, ext_place_id, ext_source, title, address, lat, lng, verification_level) VALUES ('STB_1673', 'brand_starbucks', '01ARZ3NDEKTSV4RRFFQ69G5FAV', 'free', 'STB_OFFICIAL_1673', 'starbucks_official', 'スターバックス コーヒー 飯能メッツァビレッジ店', '埼玉県 飯能市 宮沢327-6 メッツァ', 35.8722777055, 139.329993292, 1);
INSERT OR REPLACE INTO service_category_rel (service_id, category_id) VALUES ('STB_1673', 'cat_cafe');
INSERT OR REPLACE INTO service_cafe_details (service_id, has_wifi) VALUES ('STB_1673', 1);
INSERT OR REPLACE INTO services (service_id, brand_id, owner_id, plan_id, ext_place_id, ext_source, title, address, lat, lng, verification_level) VALUES ('STB_1710', 'brand_starbucks', '01ARZ3NDEKTSV4RRFFQ69G5FAV', 'free', 'STB_OFFICIAL_1710', 'starbucks_official', 'スターバックス コーヒー 鶴ヶ島若葉店', '埼玉県 鶴ヶ島市 富士見2-2-8', 35.9515278903, 139.412392522, 1);
INSERT OR REPLACE INTO service_category_rel (service_id, category_id) VALUES ('STB_1710', 'cat_cafe');
INSERT OR REPLACE INTO service_cafe_details (service_id, has_wifi) VALUES ('STB_1710', 1);
INSERT OR REPLACE INTO services (service_id, brand_id, owner_id, plan_id, ext_place_id, ext_source, title, address, lat, lng, verification_level) VALUES ('STB_1794', 'brand_starbucks', '01ARZ3NDEKTSV4RRFFQ69G5FAV', 'free', 'STB_OFFICIAL_1794', 'starbucks_official', 'スターバックス コーヒー エキア プレミエ 和光店', '埼玉県 和光市 本町4-6', 35.7882880239, 139.613147811, 1);
INSERT OR REPLACE INTO service_category_rel (service_id, category_id) VALUES ('STB_1794', 'cat_cafe');
INSERT OR REPLACE INTO service_cafe_details (service_id, has_wifi) VALUES ('STB_1794', 1);
INSERT OR REPLACE INTO services (service_id, brand_id, owner_id, plan_id, ext_place_id, ext_source, title, address, lat, lng, verification_level) VALUES ('STB_1868', 'brand_starbucks', '01ARZ3NDEKTSV4RRFFQ69G5FAV', 'free', 'STB_OFFICIAL_1868', 'starbucks_official', 'スターバックス コーヒー 三郷中央店', '埼玉県 三郷市 中央4-11-3', 35.832255189, 139.879109532, 1);
INSERT OR REPLACE INTO service_category_rel (service_id, category_id) VALUES ('STB_1868', 'cat_cafe');
INSERT OR REPLACE INTO service_cafe_details (service_id, has_wifi) VALUES ('STB_1868', 1);
INSERT OR REPLACE INTO services (service_id, brand_id, owner_id, plan_id, ext_place_id, ext_source, title, address, lat, lng, verification_level) VALUES ('STB_1869', 'brand_starbucks', '01ARZ3NDEKTSV4RRFFQ69G5FAV', 'free', 'STB_OFFICIAL_1869', 'starbucks_official', 'スターバックス コーヒー 狭山市入間川にこにこテラス店', '埼玉県 狭山市 柏原2910-1', 35.8646575973, 139.404358578, 1);
INSERT OR REPLACE INTO service_category_rel (service_id, category_id) VALUES ('STB_1869', 'cat_cafe');
INSERT OR REPLACE INTO service_cafe_details (service_id, has_wifi) VALUES ('STB_1869', 1);
INSERT OR REPLACE INTO services (service_id, brand_id, owner_id, plan_id, ext_place_id, ext_source, title, address, lat, lng, verification_level) VALUES ('STB_1874', 'brand_starbucks', '01ARZ3NDEKTSV4RRFFQ69G5FAV', 'free', 'STB_OFFICIAL_1874', 'starbucks_official', 'スターバックス コーヒー イオンモール上尾店', '埼玉県 上尾市 愛宕3-8-1 イオンモール上尾1階', 35.965374973, 139.60051515, 1);
INSERT OR REPLACE INTO service_category_rel (service_id, category_id) VALUES ('STB_1874', 'cat_cafe');
INSERT OR REPLACE INTO service_cafe_details (service_id, has_wifi) VALUES ('STB_1874', 1);
INSERT OR REPLACE INTO services (service_id, brand_id, owner_id, plan_id, ext_place_id, ext_source, title, address, lat, lng, verification_level) VALUES ('STB_1882', 'brand_starbucks', '01ARZ3NDEKTSV4RRFFQ69G5FAV', 'free', 'STB_OFFICIAL_1882', 'starbucks_official', 'スターバックス コーヒー 浦和西口店', '埼玉県 さいたま市浦和区 高砂2-5-1 KOMON', 35.8575507724, 139.653932623, 1);
INSERT OR REPLACE INTO service_category_rel (service_id, category_id) VALUES ('STB_1882', 'cat_cafe');
INSERT OR REPLACE INTO service_cafe_details (service_id, has_wifi) VALUES ('STB_1882', 1);
INSERT OR REPLACE INTO services (service_id, brand_id, owner_id, plan_id, ext_place_id, ext_source, title, address, lat, lng, verification_level) VALUES ('STB_1883', 'brand_starbucks', '01ARZ3NDEKTSV4RRFFQ69G5FAV', 'free', 'STB_OFFICIAL_1883', 'starbucks_official', 'スターバックス コーヒー カインズ羽生店', '埼玉県 羽生市 小松514-1', 36.1561209009, 139.533543318, 1);
INSERT OR REPLACE INTO service_category_rel (service_id, category_id) VALUES ('STB_1883', 'cat_cafe');
INSERT OR REPLACE INTO service_cafe_details (service_id, has_wifi) VALUES ('STB_1883', 1);
INSERT OR REPLACE INTO services (service_id, brand_id, owner_id, plan_id, ext_place_id, ext_source, title, address, lat, lng, verification_level) VALUES ('STB_1898', 'brand_starbucks', '01ARZ3NDEKTSV4RRFFQ69G5FAV', 'free', 'STB_OFFICIAL_1898', 'starbucks_official', 'スターバックス コーヒー さいたま新都心 コクーンシティ コクーン1店', '埼玉県 さいたま市大宮区 吉敷町4-267-2 コクーンシティ', 35.8942137385, 139.634775026, 1);
INSERT OR REPLACE INTO service_category_rel (service_id, category_id) VALUES ('STB_1898', 'cat_cafe');
INSERT OR REPLACE INTO service_cafe_details (service_id, has_wifi) VALUES ('STB_1898', 1);
INSERT OR REPLACE INTO services (service_id, brand_id, owner_id, plan_id, ext_place_id, ext_source, title, address, lat, lng, verification_level) VALUES ('STB_2071', 'brand_starbucks', '01ARZ3NDEKTSV4RRFFQ69G5FAV', 'free', 'STB_OFFICIAL_2071', 'starbucks_official', 'スターバックス コーヒー 浦和 蔦屋書店', '埼玉県 さいたま市浦和区 高砂1-16-12 アトレ浦和', 35.8594250703, 139.657023669, 1);
INSERT OR REPLACE INTO service_category_rel (service_id, category_id) VALUES ('STB_2071', 'cat_cafe');
INSERT OR REPLACE INTO service_cafe_details (service_id, has_wifi) VALUES ('STB_2071', 0);
INSERT OR REPLACE INTO services (service_id, brand_id, owner_id, plan_id, ext_place_id, ext_source, title, address, lat, lng, verification_level) VALUES ('STB_2074', 'brand_starbucks', '01ARZ3NDEKTSV4RRFFQ69G5FAV', 'free', 'STB_OFFICIAL_2074', 'starbucks_official', 'スターバックス コーヒー TSUTAYA 坂戸八幡店', '埼玉県 坂戸市 八幡1-3-21', 35.9582942262, 139.403080484, 1);
INSERT OR REPLACE INTO service_category_rel (service_id, category_id) VALUES ('STB_2074', 'cat_cafe');
INSERT OR REPLACE INTO service_cafe_details (service_id, has_wifi) VALUES ('STB_2074', 1);
INSERT OR REPLACE INTO services (service_id, brand_id, owner_id, plan_id, ext_place_id, ext_source, title, address, lat, lng, verification_level) VALUES ('STB_2106', 'brand_starbucks', '01ARZ3NDEKTSV4RRFFQ69G5FAV', 'free', 'STB_OFFICIAL_2106', 'starbucks_official', 'スターバックス コーヒー TSUTAYA ハレノテラス東大宮店', '埼玉県 さいたま市見沼区 島町393', 35.945711573, 139.6512199, 1);
INSERT OR REPLACE INTO service_category_rel (service_id, category_id) VALUES ('STB_2106', 'cat_cafe');
INSERT OR REPLACE INTO service_cafe_details (service_id, has_wifi) VALUES ('STB_2106', 1);
INSERT OR REPLACE INTO services (service_id, brand_id, owner_id, plan_id, ext_place_id, ext_source, title, address, lat, lng, verification_level) VALUES ('STB_2142', 'brand_starbucks', '01ARZ3NDEKTSV4RRFFQ69G5FAV', 'free', 'STB_OFFICIAL_2142', 'starbucks_official', 'スターバックス コーヒー TSUTAYA 南古谷店', '埼玉県 川越市 泉町3-1 ウニクス南古谷', 35.9059845071, 139.512317154, 1);
INSERT OR REPLACE INTO service_category_rel (service_id, category_id) VALUES ('STB_2142', 'cat_cafe');
INSERT OR REPLACE INTO service_cafe_details (service_id, has_wifi) VALUES ('STB_2142', 1);
INSERT OR REPLACE INTO services (service_id, brand_id, owner_id, plan_id, ext_place_id, ext_source, title, address, lat, lng, verification_level) VALUES ('STB_2212', 'brand_starbucks', '01ARZ3NDEKTSV4RRFFQ69G5FAV', 'free', 'STB_OFFICIAL_2212', 'starbucks_official', 'スターバックス コーヒー エキュート大宮ノース店', '埼玉県 さいたま市大宮区 錦町630 エキュート大宮ノース', 35.9066416555, 139.62343484, 1);
INSERT OR REPLACE INTO service_category_rel (service_id, category_id) VALUES ('STB_2212', 'cat_cafe');
INSERT OR REPLACE INTO service_cafe_details (service_id, has_wifi) VALUES ('STB_2212', 1);
INSERT OR REPLACE INTO services (service_id, brand_id, owner_id, plan_id, ext_place_id, ext_source, title, address, lat, lng, verification_level) VALUES ('STB_4005', 'brand_starbucks', '01ARZ3NDEKTSV4RRFFQ69G5FAV', 'free', 'STB_OFFICIAL_4005', 'starbucks_official', 'スターバックス コーヒー 上尾壱丁目店', '埼玉県 上尾市 壱丁目北6-12', 35.9608829872, 139.570638671, 1);
INSERT OR REPLACE INTO service_category_rel (service_id, category_id) VALUES ('STB_4005', 'cat_cafe');
INSERT OR REPLACE INTO service_cafe_details (service_id, has_wifi) VALUES ('STB_4005', 1);
INSERT OR REPLACE INTO services (service_id, brand_id, owner_id, plan_id, ext_place_id, ext_source, title, address, lat, lng, verification_level) VALUES ('STB_4012', 'brand_starbucks', '01ARZ3NDEKTSV4RRFFQ69G5FAV', 'free', 'STB_OFFICIAL_4012', 'starbucks_official', 'スターバックス コーヒー イオンモール川口店', '埼玉県 川口市 安行領根岸3180 イオンモール川口', 35.8378349464, 139.724459618, 1);
INSERT OR REPLACE INTO service_category_rel (service_id, category_id) VALUES ('STB_4012', 'cat_cafe');
INSERT OR REPLACE INTO service_cafe_details (service_id, has_wifi) VALUES ('STB_4012', 1);
INSERT OR REPLACE INTO services (service_id, brand_id, owner_id, plan_id, ext_place_id, ext_source, title, address, lat, lng, verification_level) VALUES ('STB_4096', 'brand_starbucks', '01ARZ3NDEKTSV4RRFFQ69G5FAV', 'free', 'STB_OFFICIAL_4096', 'starbucks_official', 'スターバックス コーヒー ふじみ野清見店', '埼玉県 ふじみ野市 清見2-1-7', 35.8818166813, 139.520606467, 1);
INSERT OR REPLACE INTO service_category_rel (service_id, category_id) VALUES ('STB_4096', 'cat_cafe');
INSERT OR REPLACE INTO service_cafe_details (service_id, has_wifi) VALUES ('STB_4096', 1);
INSERT OR REPLACE INTO services (service_id, brand_id, owner_id, plan_id, ext_place_id, ext_source, title, address, lat, lng, verification_level) VALUES ('STB_4115', 'brand_starbucks', '01ARZ3NDEKTSV4RRFFQ69G5FAV', 'free', 'STB_OFFICIAL_4115', 'starbucks_official', 'スターバックス コーヒー 越谷イオンレイクタウン kaze 2階レイクタウンゲート店', '埼玉県 越谷市 レイクタウン4-2-2 イオンレイクタウン kaze 2F', 35.8765422474, 139.822867441, 1);
INSERT OR REPLACE INTO service_category_rel (service_id, category_id) VALUES ('STB_4115', 'cat_cafe');
INSERT OR REPLACE INTO service_cafe_details (service_id, has_wifi) VALUES ('STB_4115', 1);
INSERT OR REPLACE INTO services (service_id, brand_id, owner_id, plan_id, ext_place_id, ext_source, title, address, lat, lng, verification_level) VALUES ('STB_4124', 'brand_starbucks', '01ARZ3NDEKTSV4RRFFQ69G5FAV', 'free', 'STB_OFFICIAL_4124', 'starbucks_official', 'スターバックス コーヒー さいたま土呂店', '埼玉県 さいたま市北区 土呂町2-45-15', 35.9304765286, 139.634901123, 1);
INSERT OR REPLACE INTO service_category_rel (service_id, category_id) VALUES ('STB_4124', 'cat_cafe');
INSERT OR REPLACE INTO service_cafe_details (service_id, has_wifi) VALUES ('STB_4124', 1);
INSERT OR REPLACE INTO services (service_id, brand_id, owner_id, plan_id, ext_place_id, ext_source, title, address, lat, lng, verification_level) VALUES ('STB_4148', 'brand_starbucks', '01ARZ3NDEKTSV4RRFFQ69G5FAV', 'free', 'STB_OFFICIAL_4148', 'starbucks_official', 'スターバックス コーヒー ふかや花園プレミアム・アウトレット店', '埼玉県 深谷市 花園１番地 ふかや花園プレミアム・アウトレット', 36.1327159604, 139.250504568, 1);
INSERT OR REPLACE INTO service_category_rel (service_id, category_id) VALUES ('STB_4148', 'cat_cafe');
INSERT OR REPLACE INTO service_cafe_details (service_id, has_wifi) VALUES ('STB_4148', 1);
INSERT OR REPLACE INTO services (service_id, brand_id, owner_id, plan_id, ext_place_id, ext_source, title, address, lat, lng, verification_level) VALUES ('STB_4160', 'brand_starbucks', '01ARZ3NDEKTSV4RRFFQ69G5FAV', 'free', 'STB_OFFICIAL_4160', 'starbucks_official', 'スターバックス コーヒー モラージュ菖蒲122号バイパス店', '埼玉県 久喜市 菖蒲町菖蒲6005-1 モラージュ菖蒲', 36.0757119537, 139.610318422, 1);
INSERT OR REPLACE INTO service_category_rel (service_id, category_id) VALUES ('STB_4160', 'cat_cafe');
INSERT OR REPLACE INTO service_cafe_details (service_id, has_wifi) VALUES ('STB_4160', 1);
INSERT OR REPLACE INTO services (service_id, brand_id, owner_id, plan_id, ext_place_id, ext_source, title, address, lat, lng, verification_level) VALUES ('STB_4161', 'brand_starbucks', '01ARZ3NDEKTSV4RRFFQ69G5FAV', 'free', 'STB_OFFICIAL_4161', 'starbucks_official', 'スターバックス コーヒー 深谷国済寺店', '埼玉県 深谷市 国済寺町26-5', 36.1892861774, 139.307180867, 1);
INSERT OR REPLACE INTO service_category_rel (service_id, category_id) VALUES ('STB_4161', 'cat_cafe');
INSERT OR REPLACE INTO service_cafe_details (service_id, has_wifi) VALUES ('STB_4161', 1);
INSERT OR REPLACE INTO services (service_id, brand_id, owner_id, plan_id, ext_place_id, ext_source, title, address, lat, lng, verification_level) VALUES ('STB_4210', 'brand_starbucks', '01ARZ3NDEKTSV4RRFFQ69G5FAV', 'free', 'STB_OFFICIAL_4210', 'starbucks_official', 'スターバックス コーヒー エキア川越店', '埼玉県 川越市 脇田町24-9 EQUiA川越', 35.9072519189, 139.483223956, 1);
INSERT OR REPLACE INTO service_category_rel (service_id, category_id) VALUES ('STB_4210', 'cat_cafe');
INSERT OR REPLACE INTO service_cafe_details (service_id, has_wifi) VALUES ('STB_4210', 1);
INSERT OR REPLACE INTO services (service_id, brand_id, owner_id, plan_id, ext_place_id, ext_source, title, address, lat, lng, verification_level) VALUES ('STB_4243', 'brand_starbucks', '01ARZ3NDEKTSV4RRFFQ69G5FAV', 'free', 'STB_OFFICIAL_4243', 'starbucks_official', 'スターバックス コーヒー ふじみ野亀久保店', '埼玉県 ふじみ野市 亀久保4-9-27', 35.8573775077, 139.513676779, 1);
INSERT OR REPLACE INTO service_category_rel (service_id, category_id) VALUES ('STB_4243', 'cat_cafe');
INSERT OR REPLACE INTO service_cafe_details (service_id, has_wifi) VALUES ('STB_4243', 1);
INSERT OR REPLACE INTO services (service_id, brand_id, owner_id, plan_id, ext_place_id, ext_source, title, address, lat, lng, verification_level) VALUES ('STB_4329', 'brand_starbucks', '01ARZ3NDEKTSV4RRFFQ69G5FAV', 'free', 'STB_OFFICIAL_4329', 'starbucks_official', 'スターバックス コーヒー スターバックス ティー＆カフェ 越谷イオンレイクタウン kaze2階店', '埼玉県 越谷市 レイクタウン4-2-2 イオンレイクタウン kaze 2F', 35.8779754615, 139.824814991, 1);
INSERT OR REPLACE INTO service_category_rel (service_id, category_id) VALUES ('STB_4329', 'cat_cafe');
INSERT OR REPLACE INTO service_cafe_details (service_id, has_wifi) VALUES ('STB_4329', 1);
INSERT OR REPLACE INTO services (service_id, brand_id, owner_id, plan_id, ext_place_id, ext_source, title, address, lat, lng, verification_level) VALUES ('STB_4364', 'brand_starbucks', '01ARZ3NDEKTSV4RRFFQ69G5FAV', 'free', 'STB_OFFICIAL_4364', 'starbucks_official', 'スターバックス コーヒー イオンモール羽生3階店', '埼玉県 羽生市 川崎2-281-3 イオンモール羽生3階', 36.1428630191, 139.541822407, 1);
INSERT OR REPLACE INTO service_category_rel (service_id, category_id) VALUES ('STB_4364', 'cat_cafe');
INSERT OR REPLACE INTO service_cafe_details (service_id, has_wifi) VALUES ('STB_4364', 1);
INSERT OR REPLACE INTO services (service_id, brand_id, owner_id, plan_id, ext_place_id, ext_source, title, address, lat, lng, verification_level) VALUES ('STB_4366', 'brand_starbucks', '01ARZ3NDEKTSV4RRFFQ69G5FAV', 'free', 'STB_OFFICIAL_4366', 'starbucks_official', 'スターバックス コーヒー ららぽーと富士見3階店', '埼玉県 富士見市 山室1-1313 ららぽーと富士見3階', 35.8598864477, 139.547873546, 1);
INSERT OR REPLACE INTO service_category_rel (service_id, category_id) VALUES ('STB_4366', 'cat_cafe');
INSERT OR REPLACE INTO service_cafe_details (service_id, has_wifi) VALUES ('STB_4366', 1);
INSERT OR REPLACE INTO services (service_id, brand_id, owner_id, plan_id, ext_place_id, ext_source, title, address, lat, lng, verification_level) VALUES ('STB_4367', 'brand_starbucks', '01ARZ3NDEKTSV4RRFFQ69G5FAV', 'free', 'STB_OFFICIAL_4367', 'starbucks_official', 'スターバックス コーヒー 入間下藤沢店', '埼玉県 入間市 下藤沢2-34-3', 35.8190489202, 139.407546247, 1);
INSERT OR REPLACE INTO service_category_rel (service_id, category_id) VALUES ('STB_4367', 'cat_cafe');
INSERT OR REPLACE INTO service_cafe_details (service_id, has_wifi) VALUES ('STB_4367', 1);
INSERT OR REPLACE INTO services (service_id, brand_id, owner_id, plan_id, ext_place_id, ext_source, title, address, lat, lng, verification_level) VALUES ('STB_4374', 'brand_starbucks', '01ARZ3NDEKTSV4RRFFQ69G5FAV', 'free', 'STB_OFFICIAL_4374', 'starbucks_official', 'スターバックス コーヒー 新座野火止店', '埼玉県 新座市 野火止7-11-42', 35.8048396539, 139.569278747, 1);
INSERT OR REPLACE INTO service_category_rel (service_id, category_id) VALUES ('STB_4374', 'cat_cafe');
INSERT OR REPLACE INTO service_cafe_details (service_id, has_wifi) VALUES ('STB_4374', 1);
INSERT OR REPLACE INTO services (service_id, brand_id, owner_id, plan_id, ext_place_id, ext_source, title, address, lat, lng, verification_level) VALUES ('STB_4391', 'brand_starbucks', '01ARZ3NDEKTSV4RRFFQ69G5FAV', 'free', 'STB_OFFICIAL_4391', 'starbucks_official', 'スターバックス コーヒー 新越谷ヴァリエ店', '埼玉県 越谷市 南越谷1-11-4 新越谷ヴァリエ2階', 35.8757189819, 139.789901883, 1);
INSERT OR REPLACE INTO service_category_rel (service_id, category_id) VALUES ('STB_4391', 'cat_cafe');
INSERT OR REPLACE INTO service_cafe_details (service_id, has_wifi) VALUES ('STB_4391', 1);
INSERT OR REPLACE INTO services (service_id, brand_id, owner_id, plan_id, ext_place_id, ext_source, title, address, lat, lng, verification_level) VALUES ('STB_4409', 'brand_starbucks', '01ARZ3NDEKTSV4RRFFQ69G5FAV', 'free', 'STB_OFFICIAL_4409', 'starbucks_official', 'スターバックス コーヒー 三井アウトレットパーク入間店', '埼玉県 入間市 宮寺3169-1 三井アウトレットパーク入間', 35.8102469095, 139.38166158, 1);
INSERT OR REPLACE INTO service_category_rel (service_id, category_id) VALUES ('STB_4409', 'cat_cafe');
INSERT OR REPLACE INTO service_cafe_details (service_id, has_wifi) VALUES ('STB_4409', 1);
INSERT OR REPLACE INTO services (service_id, brand_id, owner_id, plan_id, ext_place_id, ext_source, title, address, lat, lng, verification_level) VALUES ('STB_4522', 'brand_starbucks', '01ARZ3NDEKTSV4RRFFQ69G5FAV', 'free', 'STB_OFFICIAL_4522', 'starbucks_official', 'スターバックス コーヒー ららテラス川口店', '埼玉県 川口市 栄町3-5-1 ららテラス川口4階', 35.8028269227, 139.718645602, 1);
INSERT OR REPLACE INTO service_category_rel (service_id, category_id) VALUES ('STB_4522', 'cat_cafe');
INSERT OR REPLACE INTO service_cafe_details (service_id, has_wifi) VALUES ('STB_4522', 1);
INSERT OR REPLACE INTO services (service_id, brand_id, owner_id, plan_id, ext_place_id, ext_source, title, address, lat, lng, verification_level) VALUES ('STB_4574', 'brand_starbucks', '01ARZ3NDEKTSV4RRFFQ69G5FAV', 'free', 'STB_OFFICIAL_4574', 'starbucks_official', 'スターバックス コーヒー ウニクス上里店', '埼玉県 児玉郡 上里町七本木2272-1', 36.2381154675, 139.152077611, 1);
INSERT OR REPLACE INTO service_category_rel (service_id, category_id) VALUES ('STB_4574', 'cat_cafe');
INSERT OR REPLACE INTO service_cafe_details (service_id, has_wifi) VALUES ('STB_4574', 1);
INSERT OR REPLACE INTO services (service_id, brand_id, owner_id, plan_id, ext_place_id, ext_source, title, address, lat, lng, verification_level) VALUES ('STB_4575', 'brand_starbucks', '01ARZ3NDEKTSV4RRFFQ69G5FAV', 'free', 'STB_OFFICIAL_4575', 'starbucks_official', 'スターバックス コーヒー イオンモール川口前川 3階店', '埼玉県 川口市 前川1-1-11 イオンモール川口前川 3階', 35.8330907068, 139.707136275, 1);
INSERT OR REPLACE INTO service_category_rel (service_id, category_id) VALUES ('STB_4575', 'cat_cafe');
INSERT OR REPLACE INTO service_cafe_details (service_id, has_wifi) VALUES ('STB_4575', 1);
INSERT OR REPLACE INTO services (service_id, brand_id, owner_id, plan_id, ext_place_id, ext_source, title, address, lat, lng, verification_level) VALUES ('STB_4578', 'brand_starbucks', '01ARZ3NDEKTSV4RRFFQ69G5FAV', 'free', 'STB_OFFICIAL_4578', 'starbucks_official', 'スターバックス コーヒー 草加ヴァリエ店', '埼玉県 草加市 氷川町1970 草加ヴァリエ1階', 35.828653704, 139.803844837, 1);
INSERT OR REPLACE INTO service_category_rel (service_id, category_id) VALUES ('STB_4578', 'cat_cafe');
INSERT OR REPLACE INTO service_cafe_details (service_id, has_wifi) VALUES ('STB_4578', 1);
INSERT OR REPLACE INTO services (service_id, brand_id, owner_id, plan_id, ext_place_id, ext_source, title, address, lat, lng, verification_level) VALUES ('STB_4579', 'brand_starbucks', '01ARZ3NDEKTSV4RRFFQ69G5FAV', 'free', 'STB_OFFICIAL_4579', 'starbucks_official', 'スターバックス コーヒー エキア越谷店', '埼玉県 越谷市 弥生町4-11 EQUiA越谷1階', 35.8883284002, 139.786104396, 1);
INSERT OR REPLACE INTO service_category_rel (service_id, category_id) VALUES ('STB_4579', 'cat_cafe');
INSERT OR REPLACE INTO service_cafe_details (service_id, has_wifi) VALUES ('STB_4579', 1);
INSERT OR REPLACE INTO services (service_id, brand_id, owner_id, plan_id, ext_place_id, ext_source, title, address, lat, lng, verification_level) VALUES ('STB_63', 'brand_starbucks', '01ARZ3NDEKTSV4RRFFQ69G5FAV', 'free', 'STB_OFFICIAL_63', 'starbucks_official', 'スターバックス コーヒー 津田沼ビート店', '千葉県 船橋市 前原西2-19-1 Viit', 35.6923204283, 140.021893006, 1);
INSERT OR REPLACE INTO service_category_rel (service_id, category_id) VALUES ('STB_63', 'cat_cafe');
INSERT OR REPLACE INTO service_cafe_details (service_id, has_wifi) VALUES ('STB_63', 1);
INSERT OR REPLACE INTO services (service_id, brand_id, owner_id, plan_id, ext_place_id, ext_source, title, address, lat, lng, verification_level) VALUES ('STB_103', 'brand_starbucks', '01ARZ3NDEKTSV4RRFFQ69G5FAV', 'free', 'STB_OFFICIAL_103', 'starbucks_official', 'スターバックス コーヒー イオンモール成田店', '千葉県 成田市 ウイング土屋24', 35.7955467724, 140.317475094, 1);
INSERT OR REPLACE INTO service_category_rel (service_id, category_id) VALUES ('STB_103', 'cat_cafe');
INSERT OR REPLACE INTO service_cafe_details (service_id, has_wifi) VALUES ('STB_103', 1);
INSERT OR REPLACE INTO services (service_id, brand_id, owner_id, plan_id, ext_place_id, ext_source, title, address, lat, lng, verification_level) VALUES ('STB_170', 'brand_starbucks', '01ARZ3NDEKTSV4RRFFQ69G5FAV', 'free', 'STB_OFFICIAL_170', 'starbucks_official', 'スターバックス コーヒー 柏 高島屋ステーションモール店', '千葉県 柏市 末広町1-1 柏高島屋ステーションモールＳ館 1F', 35.8628576833, 139.970760233, 1);
INSERT OR REPLACE INTO service_category_rel (service_id, category_id) VALUES ('STB_170', 'cat_cafe');
INSERT OR REPLACE INTO service_cafe_details (service_id, has_wifi) VALUES ('STB_170', 1);
INSERT OR REPLACE INTO services (service_id, brand_id, owner_id, plan_id, ext_place_id, ext_source, title, address, lat, lng, verification_level) VALUES ('STB_198', 'brand_starbucks', '01ARZ3NDEKTSV4RRFFQ69G5FAV', 'free', 'STB_OFFICIAL_198', 'starbucks_official', 'スターバックス コーヒー イオン海浜幕張店', '千葉県 千葉市美浜区 ひび野1-3 イオン幕張 1F', 35.651672949, 140.044517165, 1);
INSERT OR REPLACE INTO service_category_rel (service_id, category_id) VALUES ('STB_198', 'cat_cafe');
INSERT OR REPLACE INTO service_cafe_details (service_id, has_wifi) VALUES ('STB_198', 1);
INSERT OR REPLACE INTO services (service_id, brand_id, owner_id, plan_id, ext_place_id, ext_source, title, address, lat, lng, verification_level) VALUES ('STB_199', 'brand_starbucks', '01ARZ3NDEKTSV4RRFFQ69G5FAV', 'free', 'STB_OFFICIAL_199', 'starbucks_official', 'スターバックス コーヒー 成田空港店', '千葉県 成田市 三里塚御料牧場1-1 成田空港第１旅客ターミナルビル', 35.7654583838, 140.384507023, 1);
INSERT OR REPLACE INTO service_category_rel (service_id, category_id) VALUES ('STB_199', 'cat_cafe');
INSERT OR REPLACE INTO service_cafe_details (service_id, has_wifi) VALUES ('STB_199', 1);
INSERT OR REPLACE INTO services (service_id, brand_id, owner_id, plan_id, ext_place_id, ext_source, title, address, lat, lng, verification_level) VALUES ('STB_213', 'brand_starbucks', '01ARZ3NDEKTSV4RRFFQ69G5FAV', 'free', 'STB_OFFICIAL_213', 'starbucks_official', 'スターバックス コーヒー ヨドバシ千葉店', '千葉県 千葉市中央区 新町1001 ヨドバシHD千葉ビル', 35.6110688023, 140.115075675, 1);
INSERT OR REPLACE INTO service_category_rel (service_id, category_id) VALUES ('STB_213', 'cat_cafe');
INSERT OR REPLACE INTO service_cafe_details (service_id, has_wifi) VALUES ('STB_213', 1);
INSERT OR REPLACE INTO services (service_id, brand_id, owner_id, plan_id, ext_place_id, ext_source, title, address, lat, lng, verification_level) VALUES ('STB_262', 'brand_starbucks', '01ARZ3NDEKTSV4RRFFQ69G5FAV', 'free', 'STB_OFFICIAL_262', 'starbucks_official', 'スターバックス コーヒー ららぽーとTOKYO-BAY　南館店', '千葉県 船橋市 浜町2-1-1 ららぽーとTOKYO-BAY南館2Ｆ', 35.6847412774, 139.992283314, 1);
INSERT OR REPLACE INTO service_category_rel (service_id, category_id) VALUES ('STB_262', 'cat_cafe');
INSERT OR REPLACE INTO service_cafe_details (service_id, has_wifi) VALUES ('STB_262', 1);
INSERT OR REPLACE INTO services (service_id, brand_id, owner_id, plan_id, ext_place_id, ext_source, title, address, lat, lng, verification_level) VALUES ('STB_404', 'brand_starbucks', '01ARZ3NDEKTSV4RRFFQ69G5FAV', 'free', 'STB_OFFICIAL_404', 'starbucks_official', 'スターバックス コーヒー 千葉中央駅店', '千葉県 千葉市中央区 本千葉町15-1 ミラマーレショッピングセンターミーオ2', 35.6075167377, 140.118255019, 1);
INSERT OR REPLACE INTO service_category_rel (service_id, category_id) VALUES ('STB_404', 'cat_cafe');
INSERT OR REPLACE INTO service_cafe_details (service_id, has_wifi) VALUES ('STB_404', 1);
INSERT OR REPLACE INTO services (service_id, brand_id, owner_id, plan_id, ext_place_id, ext_source, title, address, lat, lng, verification_level) VALUES ('STB_436', 'brand_starbucks', '01ARZ3NDEKTSV4RRFFQ69G5FAV', 'free', 'STB_OFFICIAL_436', 'starbucks_official', 'スターバックス コーヒー 成田空港第1ターミナル店', '千葉県 成田市 三里塚御料牧場1-1 成田空港第1旅客ターミナル中央ビル', 35.763311383, 140.384035773, 1);
INSERT OR REPLACE INTO service_category_rel (service_id, category_id) VALUES ('STB_436', 'cat_cafe');
INSERT OR REPLACE INTO service_cafe_details (service_id, has_wifi) VALUES ('STB_436', 1);
INSERT OR REPLACE INTO services (service_id, brand_id, owner_id, plan_id, ext_place_id, ext_source, title, address, lat, lng, verification_level) VALUES ('STB_487', 'brand_starbucks', '01ARZ3NDEKTSV4RRFFQ69G5FAV', 'free', 'STB_OFFICIAL_487', 'starbucks_official', 'スターバックス コーヒー 千葉センシティタワー店', '千葉県 千葉市中央区 新町1000 千葉センシティタワー', 35.6113145714, 140.112905566, 1);
INSERT OR REPLACE INTO service_category_rel (service_id, category_id) VALUES ('STB_487', 'cat_cafe');
INSERT OR REPLACE INTO service_cafe_details (service_id, has_wifi) VALUES ('STB_487', 1);
INSERT OR REPLACE INTO services (service_id, brand_id, owner_id, plan_id, ext_place_id, ext_source, title, address, lat, lng, verification_level) VALUES ('STB_507', 'brand_starbucks', '01ARZ3NDEKTSV4RRFFQ69G5FAV', 'free', 'STB_OFFICIAL_507', 'starbucks_official', 'スターバックス コーヒー 浦安店', '千葉県 浦安市 北栄1-15-9 寿ビル', 35.6655349467, 139.893909868, 1);
INSERT OR REPLACE INTO service_category_rel (service_id, category_id) VALUES ('STB_507', 'cat_cafe');
INSERT OR REPLACE INTO service_cafe_details (service_id, has_wifi) VALUES ('STB_507', 1);
INSERT OR REPLACE INTO services (service_id, brand_id, owner_id, plan_id, ext_place_id, ext_source, title, address, lat, lng, verification_level) VALUES ('STB_568', 'brand_starbucks', '01ARZ3NDEKTSV4RRFFQ69G5FAV', 'free', 'STB_OFFICIAL_568', 'starbucks_official', 'スターバックス コーヒー モラージュ柏店', '千葉県 柏市 大山台2-3 モラージュ柏', 35.8828113573, 139.969324989, 1);
INSERT OR REPLACE INTO service_category_rel (service_id, category_id) VALUES ('STB_568', 'cat_cafe');
INSERT OR REPLACE INTO service_cafe_details (service_id, has_wifi) VALUES ('STB_568', 1);
INSERT OR REPLACE INTO services (service_id, brand_id, owner_id, plan_id, ext_place_id, ext_source, title, address, lat, lng, verification_level) VALUES ('STB_605', 'brand_starbucks', '01ARZ3NDEKTSV4RRFFQ69G5FAV', 'free', 'STB_OFFICIAL_605', 'starbucks_official', 'スターバックス コーヒー イオンモール八千代緑が丘店', '千葉県 八千代市 緑が丘2-1-3 イオンモール八千代緑が丘', 35.72872075, 140.072370749, 1);
INSERT OR REPLACE INTO service_category_rel (service_id, category_id) VALUES ('STB_605', 'cat_cafe');
INSERT OR REPLACE INTO service_cafe_details (service_id, has_wifi) VALUES ('STB_605', 1);
INSERT OR REPLACE INTO services (service_id, brand_id, owner_id, plan_id, ext_place_id, ext_source, title, address, lat, lng, verification_level) VALUES ('STB_607', 'brand_starbucks', '01ARZ3NDEKTSV4RRFFQ69G5FAV', 'free', 'STB_OFFICIAL_607', 'starbucks_official', 'スターバックス コーヒー 四街道イトーヨーカドー店', '千葉県 四街道市 中央5番地 イトーヨーカドー四街道店', 35.6669303673, 140.165075062, 1);
INSERT OR REPLACE INTO service_category_rel (service_id, category_id) VALUES ('STB_607', 'cat_cafe');
INSERT OR REPLACE INTO service_cafe_details (service_id, has_wifi) VALUES ('STB_607', 1);
INSERT OR REPLACE INTO services (service_id, brand_id, owner_id, plan_id, ext_place_id, ext_source, title, address, lat, lng, verification_level) VALUES ('STB_651', 'brand_starbucks', '01ARZ3NDEKTSV4RRFFQ69G5FAV', 'free', 'STB_OFFICIAL_651', 'starbucks_official', 'スターバックス コーヒー 幕張ＷＢＧ店', '千葉県 千葉市美浜区 中瀬2-6-1 WBG', 35.648510977, 140.03948134, 1);
INSERT OR REPLACE INTO service_category_rel (service_id, category_id) VALUES ('STB_651', 'cat_cafe');
INSERT OR REPLACE INTO service_cafe_details (service_id, has_wifi) VALUES ('STB_651', 1);
INSERT OR REPLACE INTO services (service_id, brand_id, owner_id, plan_id, ext_place_id, ext_source, title, address, lat, lng, verification_level) VALUES ('STB_669', 'brand_starbucks', '01ARZ3NDEKTSV4RRFFQ69G5FAV', 'free', 'STB_OFFICIAL_669', 'starbucks_official', 'スターバックス コーヒー アトレ新浦安店', '千葉県 浦安市 入船1-1-1 アトレ新浦安', 35.6499994455, 139.913208703, 1);
INSERT OR REPLACE INTO service_category_rel (service_id, category_id) VALUES ('STB_669', 'cat_cafe');
INSERT OR REPLACE INTO service_cafe_details (service_id, has_wifi) VALUES ('STB_669', 1);
INSERT OR REPLACE INTO services (service_id, brand_id, owner_id, plan_id, ext_place_id, ext_source, title, address, lat, lng, verification_level) VALUES ('STB_671', 'brand_starbucks', '01ARZ3NDEKTSV4RRFFQ69G5FAV', 'free', 'STB_OFFICIAL_671', 'starbucks_official', 'スターバックス コーヒー イオンモール千葉ニュータウン店', '千葉県 印西市 中央北3-2', 35.8022141735, 140.114099732, 1);
INSERT OR REPLACE INTO service_category_rel (service_id, category_id) VALUES ('STB_671', 'cat_cafe');
INSERT OR REPLACE INTO service_cafe_details (service_id, has_wifi) VALUES ('STB_671', 1);
INSERT OR REPLACE INTO services (service_id, brand_id, owner_id, plan_id, ext_place_id, ext_source, title, address, lat, lng, verification_level) VALUES ('STB_675', 'brand_starbucks', '01ARZ3NDEKTSV4RRFFQ69G5FAV', 'free', 'STB_OFFICIAL_675', 'starbucks_official', 'スターバックス コーヒー イオンモール柏店', '千葉県 柏市 豊町2-5-25 イオンモール柏', 35.8518389833, 139.961809539, 1);
INSERT OR REPLACE INTO service_category_rel (service_id, category_id) VALUES ('STB_675', 'cat_cafe');
INSERT OR REPLACE INTO service_cafe_details (service_id, has_wifi) VALUES ('STB_675', 1);
INSERT OR REPLACE INTO services (service_id, brand_id, owner_id, plan_id, ext_place_id, ext_source, title, address, lat, lng, verification_level) VALUES ('STB_721', 'brand_starbucks', '01ARZ3NDEKTSV4RRFFQ69G5FAV', 'free', 'STB_OFFICIAL_721', 'starbucks_official', 'スターバックス コーヒー ベイシア富里店', '千葉県 富里市 七栄532 ベイシア富里', 35.7498954038, 140.309435641, 1);
INSERT OR REPLACE INTO service_category_rel (service_id, category_id) VALUES ('STB_721', 'cat_cafe');
INSERT OR REPLACE INTO service_cafe_details (service_id, has_wifi) VALUES ('STB_721', 1);
INSERT OR REPLACE INTO services (service_id, brand_id, owner_id, plan_id, ext_place_id, ext_source, title, address, lat, lng, verification_level) VALUES ('STB_776', 'brand_starbucks', '01ARZ3NDEKTSV4RRFFQ69G5FAV', 'free', 'STB_OFFICIAL_776', 'starbucks_official', 'スターバックス コーヒー 海ほたるパーキングエリア店', '千葉県 木更津市 中島地先 海ほたる 海ほたるパーキングエリア', 35.4635220685, 139.87565152, 1);
INSERT OR REPLACE INTO service_category_rel (service_id, category_id) VALUES ('STB_776', 'cat_cafe');
INSERT OR REPLACE INTO service_cafe_details (service_id, has_wifi) VALUES ('STB_776', 1);
INSERT OR REPLACE INTO services (service_id, brand_id, owner_id, plan_id, ext_place_id, ext_source, title, address, lat, lng, verification_level) VALUES ('STB_796', 'brand_starbucks', '01ARZ3NDEKTSV4RRFFQ69G5FAV', 'free', 'STB_OFFICIAL_796', 'starbucks_official', 'スターバックス コーヒー ベイシア佐倉店', '千葉県 佐倉市 寺崎北6-1-2', 35.7136087919, 140.217591606, 1);
INSERT OR REPLACE INTO service_category_rel (service_id, category_id) VALUES ('STB_796', 'cat_cafe');
INSERT OR REPLACE INTO service_cafe_details (service_id, has_wifi) VALUES ('STB_796', 1);
INSERT OR REPLACE INTO services (service_id, brand_id, owner_id, plan_id, ext_place_id, ext_source, title, address, lat, lng, verification_level) VALUES ('STB_836', 'brand_starbucks', '01ARZ3NDEKTSV4RRFFQ69G5FAV', 'free', 'STB_OFFICIAL_836', 'starbucks_official', 'スターバックス コーヒー 舞浜　イクスピアリ店', '千葉県 浦安市 舞浜1-4 イクスピアリ (店舗番号169)', 35.6351524763, 139.884486494, 1);
INSERT OR REPLACE INTO service_category_rel (service_id, category_id) VALUES ('STB_836', 'cat_cafe');
INSERT OR REPLACE INTO service_cafe_details (service_id, has_wifi) VALUES ('STB_836', 1);
INSERT OR REPLACE INTO services (service_id, brand_id, owner_id, plan_id, ext_place_id, ext_source, title, address, lat, lng, verification_level) VALUES ('STB_857', 'brand_starbucks', '01ARZ3NDEKTSV4RRFFQ69G5FAV', 'free', 'STB_OFFICIAL_857', 'starbucks_official', 'スターバックス コーヒー 千葉美浜店', '千葉県 千葉市美浜区 幸町2-20-1', 35.626447269, 140.089658745, 1);
INSERT OR REPLACE INTO service_category_rel (service_id, category_id) VALUES ('STB_857', 'cat_cafe');
INSERT OR REPLACE INTO service_cafe_details (service_id, has_wifi) VALUES ('STB_857', 1);
INSERT OR REPLACE INTO services (service_id, brand_id, owner_id, plan_id, ext_place_id, ext_source, title, address, lat, lng, verification_level) VALUES ('STB_878', 'brand_starbucks', '01ARZ3NDEKTSV4RRFFQ69G5FAV', 'free', 'STB_OFFICIAL_878', 'starbucks_official', 'スターバックス コーヒー 新鎌ケ谷店', '千葉県 鎌ケ谷市 新鎌ケ谷3-1-5', 35.7748248521, 140.001130931, 1);
INSERT OR REPLACE INTO service_category_rel (service_id, category_id) VALUES ('STB_878', 'cat_cafe');
INSERT OR REPLACE INTO service_cafe_details (service_id, has_wifi) VALUES ('STB_878', 1);
INSERT OR REPLACE INTO services (service_id, brand_id, owner_id, plan_id, ext_place_id, ext_source, title, address, lat, lng, verification_level) VALUES ('STB_892', 'brand_starbucks', '01ARZ3NDEKTSV4RRFFQ69G5FAV', 'free', 'STB_OFFICIAL_892', 'starbucks_official', 'スターバックス コーヒー 木更津店', '千葉県 木更津市 ほたる野1-15-2', 35.376933398, 139.962230817, 1);
INSERT OR REPLACE INTO service_category_rel (service_id, category_id) VALUES ('STB_892', 'cat_cafe');
INSERT OR REPLACE INTO service_cafe_details (service_id, has_wifi) VALUES ('STB_892', 1);
INSERT OR REPLACE INTO services (service_id, brand_id, owner_id, plan_id, ext_place_id, ext_source, title, address, lat, lng, verification_level) VALUES ('STB_899', 'brand_starbucks', '01ARZ3NDEKTSV4RRFFQ69G5FAV', 'free', 'STB_OFFICIAL_899', 'starbucks_official', 'スターバックス コーヒー 酒々井パーキングエリア(下り線)店', '千葉県 印旛郡 酒々井町墨1420-11 酒々井パーキングエリア(下り線)', 35.7132813844, 140.284494399, 1);
INSERT OR REPLACE INTO service_category_rel (service_id, category_id) VALUES ('STB_899', 'cat_cafe');
INSERT OR REPLACE INTO service_cafe_details (service_id, has_wifi) VALUES ('STB_899', 1);
INSERT OR REPLACE INTO services (service_id, brand_id, owner_id, plan_id, ext_place_id, ext_source, title, address, lat, lng, verification_level) VALUES ('STB_917', 'brand_starbucks', '01ARZ3NDEKTSV4RRFFQ69G5FAV', 'free', 'STB_OFFICIAL_917', 'starbucks_official', 'スターバックス コーヒー 千葉おゆみ野店', '千葉県 千葉市緑区 おゆみ野南1-1-1', 35.5529129974, 140.158156442, 1);
INSERT OR REPLACE INTO service_category_rel (service_id, category_id) VALUES ('STB_917', 'cat_cafe');
INSERT OR REPLACE INTO service_cafe_details (service_id, has_wifi) VALUES ('STB_917', 1);
INSERT OR REPLACE INTO services (service_id, brand_id, owner_id, plan_id, ext_place_id, ext_source, title, address, lat, lng, verification_level) VALUES ('STB_942', 'brand_starbucks', '01ARZ3NDEKTSV4RRFFQ69G5FAV', 'free', 'STB_OFFICIAL_942', 'starbucks_official', 'スターバックス コーヒー 千葉若松店', '千葉県 千葉市若葉区 若松町1-1', 35.6395159602, 140.174268894, 1);
INSERT OR REPLACE INTO service_category_rel (service_id, category_id) VALUES ('STB_942', 'cat_cafe');
INSERT OR REPLACE INTO service_cafe_details (service_id, has_wifi) VALUES ('STB_942', 1);
INSERT OR REPLACE INTO services (service_id, brand_id, owner_id, plan_id, ext_place_id, ext_source, title, address, lat, lng, verification_level) VALUES ('STB_969', 'brand_starbucks', '01ARZ3NDEKTSV4RRFFQ69G5FAV', 'free', 'STB_OFFICIAL_969', 'starbucks_official', 'スターバックス コーヒー 湾岸幕張パーキングエリア（下り線）店', '千葉県 千葉市美浜区 浜田2-102 湾岸幕張パーキングエリア（下り線）', 35.6601301262, 140.030116861, 1);
INSERT OR REPLACE INTO service_category_rel (service_id, category_id) VALUES ('STB_969', 'cat_cafe');
INSERT OR REPLACE INTO service_cafe_details (service_id, has_wifi) VALUES ('STB_969', 1);
INSERT OR REPLACE INTO services (service_id, brand_id, owner_id, plan_id, ext_place_id, ext_source, title, address, lat, lng, verification_level) VALUES ('STB_1066', 'brand_starbucks', '01ARZ3NDEKTSV4RRFFQ69G5FAV', 'free', 'STB_OFFICIAL_1066', 'starbucks_official', 'スターバックス コーヒー イオンモール船橋店', '千葉県 船橋市 山手1-1-8', 35.7125686223, 139.97887759, 1);
INSERT OR REPLACE INTO service_category_rel (service_id, category_id) VALUES ('STB_1066', 'cat_cafe');
INSERT OR REPLACE INTO service_cafe_details (service_id, has_wifi) VALUES ('STB_1066', 1);
INSERT OR REPLACE INTO services (service_id, brand_id, owner_id, plan_id, ext_place_id, ext_source, title, address, lat, lng, verification_level) VALUES ('STB_1073', 'brand_starbucks', '01ARZ3NDEKTSV4RRFFQ69G5FAV', 'free', 'STB_OFFICIAL_1073', 'starbucks_official', 'スターバックス コーヒー 市原店', '千葉県 市原市 更級4-1-32', 35.5095799477, 140.09988161, 1);
INSERT OR REPLACE INTO service_category_rel (service_id, category_id) VALUES ('STB_1073', 'cat_cafe');
INSERT OR REPLACE INTO service_cafe_details (service_id, has_wifi) VALUES ('STB_1073', 1);
INSERT OR REPLACE INTO services (service_id, brand_id, owner_id, plan_id, ext_place_id, ext_source, title, address, lat, lng, verification_level) VALUES ('STB_1081', 'brand_starbucks', '01ARZ3NDEKTSV4RRFFQ69G5FAV', 'free', 'STB_OFFICIAL_1081', 'starbucks_official', 'スターバックス コーヒー 湾岸幕張パーキングエリア（上り線）店', '千葉県 千葉市美浜区 浜田2-102 湾岸幕張パーキングエリア（上り線）', 35.6596326569, 140.028828657, 1);
INSERT OR REPLACE INTO service_category_rel (service_id, category_id) VALUES ('STB_1081', 'cat_cafe');
INSERT OR REPLACE INTO service_cafe_details (service_id, has_wifi) VALUES ('STB_1081', 1);
INSERT OR REPLACE INTO services (service_id, brand_id, owner_id, plan_id, ext_place_id, ext_source, title, address, lat, lng, verification_level) VALUES ('STB_1114', 'brand_starbucks', '01ARZ3NDEKTSV4RRFFQ69G5FAV', 'free', 'STB_OFFICIAL_1114', 'starbucks_official', 'スターバックス コーヒー 酒々井プレミアム・アウトレット店', '千葉県 印旛郡 酒々井町飯積2-4-1', 35.7116047862, 140.294051738, 1);
INSERT OR REPLACE INTO service_category_rel (service_id, category_id) VALUES ('STB_1114', 'cat_cafe');
INSERT OR REPLACE INTO service_cafe_details (service_id, has_wifi) VALUES ('STB_1114', 1);
INSERT OR REPLACE INTO services (service_id, brand_id, owner_id, plan_id, ext_place_id, ext_source, title, address, lat, lng, verification_level) VALUES ('STB_1182', 'brand_starbucks', '01ARZ3NDEKTSV4RRFFQ69G5FAV', 'free', 'STB_OFFICIAL_1182', 'starbucks_official', 'スターバックス コーヒー イオンモール幕張新都心グランドモール店', '千葉県 千葉市美浜区 豊砂1-1 イオンモール幕張新都心グランドモール', 35.6548617959, 140.02983546, 1);
INSERT OR REPLACE INTO service_category_rel (service_id, category_id) VALUES ('STB_1182', 'cat_cafe');
INSERT OR REPLACE INTO service_cafe_details (service_id, has_wifi) VALUES ('STB_1182', 1);
INSERT OR REPLACE INTO services (service_id, brand_id, owner_id, plan_id, ext_place_id, ext_source, title, address, lat, lng, verification_level) VALUES ('STB_1183', 'brand_starbucks', '01ARZ3NDEKTSV4RRFFQ69G5FAV', 'free', 'STB_OFFICIAL_1183', 'starbucks_official', 'スターバックス コーヒー 柏 高島屋ステーションモール 6階店', '千葉県 柏市 末広町1-1 柏高島屋ステーションモールＳ館', 35.8625516048, 139.970751915, 1);
INSERT OR REPLACE INTO service_category_rel (service_id, category_id) VALUES ('STB_1183', 'cat_cafe');
INSERT OR REPLACE INTO service_cafe_details (service_id, has_wifi) VALUES ('STB_1183', 1);
INSERT OR REPLACE INTO services (service_id, brand_id, owner_id, plan_id, ext_place_id, ext_source, title, address, lat, lng, verification_level) VALUES ('STB_1214', 'brand_starbucks', '01ARZ3NDEKTSV4RRFFQ69G5FAV', 'free', 'STB_OFFICIAL_1214', 'starbucks_official', 'スターバックス コーヒー 千葉長沼店', '千葉県 千葉市稲毛区 長沼町333-10', 35.6583582608, 140.119206488, 1);
INSERT OR REPLACE INTO service_category_rel (service_id, category_id) VALUES ('STB_1214', 'cat_cafe');
INSERT OR REPLACE INTO service_cafe_details (service_id, has_wifi) VALUES ('STB_1214', 1);
INSERT OR REPLACE INTO services (service_id, brand_id, owner_id, plan_id, ext_place_id, ext_source, title, address, lat, lng, verification_level) VALUES ('STB_1237', 'brand_starbucks', '01ARZ3NDEKTSV4RRFFQ69G5FAV', 'free', 'STB_OFFICIAL_1237', 'starbucks_official', 'スターバックス コーヒー イオンモール木更津店', '千葉県 木更津市 築地1-4', 35.3659766826, 139.908253304, 1);
INSERT OR REPLACE INTO service_category_rel (service_id, category_id) VALUES ('STB_1237', 'cat_cafe');
INSERT OR REPLACE INTO service_cafe_details (service_id, has_wifi) VALUES ('STB_1237', 1);
INSERT OR REPLACE INTO services (service_id, brand_id, owner_id, plan_id, ext_place_id, ext_source, title, address, lat, lng, verification_level) VALUES ('STB_1268', 'brand_starbucks', '01ARZ3NDEKTSV4RRFFQ69G5FAV', 'free', 'STB_OFFICIAL_1268', 'starbucks_official', 'スターバックス コーヒー 西船橋メトロピア店', '千葉県 船橋市 西船4-27-7 東京地下鉄東西線西船橋駅構内', 35.7072346766, 139.958863109, 1);
INSERT OR REPLACE INTO service_category_rel (service_id, category_id) VALUES ('STB_1268', 'cat_cafe');
INSERT OR REPLACE INTO service_cafe_details (service_id, has_wifi) VALUES ('STB_1268', 0);
INSERT OR REPLACE INTO services (service_id, brand_id, owner_id, plan_id, ext_place_id, ext_source, title, address, lat, lng, verification_level) VALUES ('STB_1305', 'brand_starbucks', '01ARZ3NDEKTSV4RRFFQ69G5FAV', 'free', 'STB_OFFICIAL_1305', 'starbucks_official', 'スターバックス コーヒー 南流山店', '千葉県 流山市 南流山9-15-14', 35.8320363438, 139.896170625, 1);
INSERT OR REPLACE INTO service_category_rel (service_id, category_id) VALUES ('STB_1305', 'cat_cafe');
INSERT OR REPLACE INTO service_cafe_details (service_id, has_wifi) VALUES ('STB_1305', 1);
INSERT OR REPLACE INTO services (service_id, brand_id, owner_id, plan_id, ext_place_id, ext_source, title, address, lat, lng, verification_level) VALUES ('STB_1309', 'brand_starbucks', '01ARZ3NDEKTSV4RRFFQ69G5FAV', 'free', 'STB_OFFICIAL_1309', 'starbucks_official', 'スターバックス コーヒー イオンスタイル市川コルトンプラザ店', '千葉県 市川市 鬼高1-1-1  ニッケコルトンプラザ', 35.7161988662, 139.935556854, 1);
INSERT OR REPLACE INTO service_category_rel (service_id, category_id) VALUES ('STB_1309', 'cat_cafe');
INSERT OR REPLACE INTO service_cafe_details (service_id, has_wifi) VALUES ('STB_1309', 1);
INSERT OR REPLACE INTO services (service_id, brand_id, owner_id, plan_id, ext_place_id, ext_source, title, address, lat, lng, verification_level) VALUES ('STB_1310', 'brand_starbucks', '01ARZ3NDEKTSV4RRFFQ69G5FAV', 'free', 'STB_OFFICIAL_1310', 'starbucks_official', 'スターバックス コーヒー 千葉ニュータウン店', '千葉県 印西市 泉野3-1186-5', 35.8041611624, 140.128568163, 1);
INSERT OR REPLACE INTO service_category_rel (service_id, category_id) VALUES ('STB_1310', 'cat_cafe');
INSERT OR REPLACE INTO service_cafe_details (service_id, has_wifi) VALUES ('STB_1310', 1);
INSERT OR REPLACE INTO services (service_id, brand_id, owner_id, plan_id, ext_place_id, ext_source, title, address, lat, lng, verification_level) VALUES ('STB_1338', 'brand_starbucks', '01ARZ3NDEKTSV4RRFFQ69G5FAV', 'free', 'STB_OFFICIAL_1338', 'starbucks_official', 'スターバックス コーヒー シャポー船橋本館店', '千葉県 船橋市 本町7-1-1 シャポー船橋本館1階', 35.7015460324, 139.985745305, 1);
INSERT OR REPLACE INTO service_category_rel (service_id, category_id) VALUES ('STB_1338', 'cat_cafe');
INSERT OR REPLACE INTO service_cafe_details (service_id, has_wifi) VALUES ('STB_1338', 1);
INSERT OR REPLACE INTO services (service_id, brand_id, owner_id, plan_id, ext_place_id, ext_source, title, address, lat, lng, verification_level) VALUES ('STB_1373', 'brand_starbucks', '01ARZ3NDEKTSV4RRFFQ69G5FAV', 'free', 'STB_OFFICIAL_1373', 'starbucks_official', 'スターバックス コーヒー セブンパーク　アリオ柏店', '千葉県 柏市 大島田1-6-1 セブンパーク アリオ柏', 35.8332282574, 140.013021977, 1);
INSERT OR REPLACE INTO service_category_rel (service_id, category_id) VALUES ('STB_1373', 'cat_cafe');
INSERT OR REPLACE INTO service_cafe_details (service_id, has_wifi) VALUES ('STB_1373', 1);
INSERT OR REPLACE INTO services (service_id, brand_id, owner_id, plan_id, ext_place_id, ext_source, title, address, lat, lng, verification_level) VALUES ('STB_1384', 'brand_starbucks', '01ARZ3NDEKTSV4RRFFQ69G5FAV', 'free', 'STB_OFFICIAL_1384', 'starbucks_official', 'スターバックス コーヒー 香取佐原店', '千葉県 香取市 佐原ホ1238-3', 35.90091796, 140.490010635, 1);
INSERT OR REPLACE INTO service_category_rel (service_id, category_id) VALUES ('STB_1384', 'cat_cafe');
INSERT OR REPLACE INTO service_cafe_details (service_id, has_wifi) VALUES ('STB_1384', 1);
INSERT OR REPLACE INTO services (service_id, brand_id, owner_id, plan_id, ext_place_id, ext_source, title, address, lat, lng, verification_level) VALUES ('STB_1426', 'brand_starbucks', '01ARZ3NDEKTSV4RRFFQ69G5FAV', 'free', 'STB_OFFICIAL_1426', 'starbucks_official', 'スターバックス コーヒー プラーレ松戸店', '千葉県 松戸市 松戸1149-1 プラーレ松戸', 35.7836710659, 139.902152355, 1);
INSERT OR REPLACE INTO service_category_rel (service_id, category_id) VALUES ('STB_1426', 'cat_cafe');
INSERT OR REPLACE INTO service_cafe_details (service_id, has_wifi) VALUES ('STB_1426', 1);
INSERT OR REPLACE INTO services (service_id, brand_id, owner_id, plan_id, ext_place_id, ext_source, title, address, lat, lng, verification_level) VALUES ('STB_1444', 'brand_starbucks', '01ARZ3NDEKTSV4RRFFQ69G5FAV', 'free', 'STB_OFFICIAL_1444', 'starbucks_official', 'スターバックス コーヒー 流山おおたかの森S.C.店', '千葉県 流山市 おおたかの森南1-5-1 流山おおたかの森S.C. 本館 1階', 35.870995744, 139.925471397, 1);
INSERT OR REPLACE INTO service_category_rel (service_id, category_id) VALUES ('STB_1444', 'cat_cafe');
INSERT OR REPLACE INTO service_cafe_details (service_id, has_wifi) VALUES ('STB_1444', 1);
INSERT OR REPLACE INTO services (service_id, brand_id, owner_id, plan_id, ext_place_id, ext_source, title, address, lat, lng, verification_level) VALUES ('STB_1449', 'brand_starbucks', '01ARZ3NDEKTSV4RRFFQ69G5FAV', 'free', 'STB_OFFICIAL_1449', 'starbucks_official', 'スターバックス コーヒー 成田空港第2ターミナル店', '千葉県 成田市 古込1-1 成田空港第2旅客ターミナルビル', 35.7730090454, 140.38910546, 1);
INSERT OR REPLACE INTO service_category_rel (service_id, category_id) VALUES ('STB_1449', 'cat_cafe');
INSERT OR REPLACE INTO service_cafe_details (service_id, has_wifi) VALUES ('STB_1449', 0);
INSERT OR REPLACE INTO services (service_id, brand_id, owner_id, plan_id, ext_place_id, ext_source, title, address, lat, lng, verification_level) VALUES ('STB_1489', 'brand_starbucks', '01ARZ3NDEKTSV4RRFFQ69G5FAV', 'free', 'STB_OFFICIAL_1489', 'starbucks_official', 'スターバックス コーヒー 成田美郷台店', '千葉県 成田市 美郷台3-1-8', 35.7930510853, 140.310560227, 1);
INSERT OR REPLACE INTO service_category_rel (service_id, category_id) VALUES ('STB_1489', 'cat_cafe');
INSERT OR REPLACE INTO service_cafe_details (service_id, has_wifi) VALUES ('STB_1489', 1);
INSERT OR REPLACE INTO services (service_id, brand_id, owner_id, plan_id, ext_place_id, ext_source, title, address, lat, lng, verification_level) VALUES ('STB_1508', 'brand_starbucks', '01ARZ3NDEKTSV4RRFFQ69G5FAV', 'free', 'STB_OFFICIAL_1508', 'starbucks_official', 'スターバックス コーヒー ペリエ千葉店', '千葉県 千葉市中央区 新千葉1-1-1 ペリエ千葉', 35.6127591629, 140.114267609, 1);
INSERT OR REPLACE INTO service_category_rel (service_id, category_id) VALUES ('STB_1508', 'cat_cafe');
INSERT OR REPLACE INTO service_cafe_details (service_id, has_wifi) VALUES ('STB_1508', 1);
INSERT OR REPLACE INTO services (service_id, brand_id, owner_id, plan_id, ext_place_id, ext_source, title, address, lat, lng, verification_level) VALUES ('STB_1510', 'brand_starbucks', '01ARZ3NDEKTSV4RRFFQ69G5FAV', 'free', 'STB_OFFICIAL_1510', 'starbucks_official', 'スターバックス コーヒー 成田空港第2ターミナル到着ロビー南店', '千葉県 成田市 古込1-1', 35.7724593731, 140.388599139, 1);
INSERT OR REPLACE INTO service_category_rel (service_id, category_id) VALUES ('STB_1510', 'cat_cafe');
INSERT OR REPLACE INTO service_cafe_details (service_id, has_wifi) VALUES ('STB_1510', 0);
INSERT OR REPLACE INTO services (service_id, brand_id, owner_id, plan_id, ext_place_id, ext_source, title, address, lat, lng, verification_level) VALUES ('STB_1527', 'brand_starbucks', '01ARZ3NDEKTSV4RRFFQ69G5FAV', 'free', 'STB_OFFICIAL_1527', 'starbucks_official', 'スターバックス コーヒー 野田桜の里店', '千葉県 野田市 桜の里2-6-5', 35.9538838114, 139.84531396, 1);
INSERT OR REPLACE INTO service_category_rel (service_id, category_id) VALUES ('STB_1527', 'cat_cafe');
INSERT OR REPLACE INTO service_cafe_details (service_id, has_wifi) VALUES ('STB_1527', 1);
INSERT OR REPLACE INTO services (service_id, brand_id, owner_id, plan_id, ext_place_id, ext_source, title, address, lat, lng, verification_level) VALUES ('STB_1537', 'brand_starbucks', '01ARZ3NDEKTSV4RRFFQ69G5FAV', 'free', 'STB_OFFICIAL_1537', 'starbucks_official', 'スターバックス コーヒー アリオ蘇我店', '千葉県 千葉市中央区 川崎町52-7', 35.5886249453, 140.122594973, 1);
INSERT OR REPLACE INTO service_category_rel (service_id, category_id) VALUES ('STB_1537', 'cat_cafe');
INSERT OR REPLACE INTO service_cafe_details (service_id, has_wifi) VALUES ('STB_1537', 1);
INSERT OR REPLACE INTO services (service_id, brand_id, owner_id, plan_id, ext_place_id, ext_source, title, address, lat, lng, verification_level) VALUES ('STB_1560', 'brand_starbucks', '01ARZ3NDEKTSV4RRFFQ69G5FAV', 'free', 'STB_OFFICIAL_1560', 'starbucks_official', 'スターバックス コーヒー シャポー船橋南館店', '千葉県 船橋市 本町7-1-1 シャポー船橋南館2階', 35.7015904534, 139.984676781, 1);
INSERT OR REPLACE INTO service_category_rel (service_id, category_id) VALUES ('STB_1560', 'cat_cafe');
INSERT OR REPLACE INTO service_cafe_details (service_id, has_wifi) VALUES ('STB_1560', 1);
INSERT OR REPLACE INTO services (service_id, brand_id, owner_id, plan_id, ext_place_id, ext_source, title, address, lat, lng, verification_level) VALUES ('STB_1591', 'brand_starbucks', '01ARZ3NDEKTSV4RRFFQ69G5FAV', 'free', 'STB_OFFICIAL_1591', 'starbucks_official', 'スターバックス コーヒー 成田空港第1ターミナル第2サテライト店', '千葉県 成田市 三里塚御料牧場1-1 成田国際空港第1旅客ターミナルビル', 35.7644959644, 140.383225507, 1);
INSERT OR REPLACE INTO service_category_rel (service_id, category_id) VALUES ('STB_1591', 'cat_cafe');
INSERT OR REPLACE INTO service_cafe_details (service_id, has_wifi) VALUES ('STB_1591', 0);
INSERT OR REPLACE INTO services (service_id, brand_id, owner_id, plan_id, ext_place_id, ext_source, title, address, lat, lng, verification_level) VALUES ('STB_1599', 'brand_starbucks', '01ARZ3NDEKTSV4RRFFQ69G5FAV', 'free', 'STB_OFFICIAL_1599', 'starbucks_official', 'スターバックス コーヒー ユーカリが丘店', '千葉県 佐倉市 ユーカリが丘2-32-16', 35.7279178643, 140.156694616, 1);
INSERT OR REPLACE INTO service_category_rel (service_id, category_id) VALUES ('STB_1599', 'cat_cafe');
INSERT OR REPLACE INTO service_cafe_details (service_id, has_wifi) VALUES ('STB_1599', 1);
INSERT OR REPLACE INTO services (service_id, brand_id, owner_id, plan_id, ext_place_id, ext_source, title, address, lat, lng, verification_level) VALUES ('STB_1626', 'brand_starbucks', '01ARZ3NDEKTSV4RRFFQ69G5FAV', 'free', 'STB_OFFICIAL_1626', 'starbucks_official', 'スターバックス コーヒー MONA新浦安店', '千葉県 浦安市 入船1-5-1 MONA新浦安', 35.6493439593, 139.913168737, 1);
INSERT OR REPLACE INTO service_category_rel (service_id, category_id) VALUES ('STB_1626', 'cat_cafe');
INSERT OR REPLACE INTO service_cafe_details (service_id, has_wifi) VALUES ('STB_1626', 1);
INSERT OR REPLACE INTO services (service_id, brand_id, owner_id, plan_id, ext_place_id, ext_source, title, address, lat, lng, verification_level) VALUES ('STB_1680', 'brand_starbucks', '01ARZ3NDEKTSV4RRFFQ69G5FAV', 'free', 'STB_OFFICIAL_1680', 'starbucks_official', 'スターバックス コーヒー ちはら台モール店', '千葉県 市原市 ちはら台南2-32-2 もりまちちはら台モール', 35.5244103544, 140.18217326, 1);
INSERT OR REPLACE INTO service_category_rel (service_id, category_id) VALUES ('STB_1680', 'cat_cafe');
INSERT OR REPLACE INTO service_cafe_details (service_id, has_wifi) VALUES ('STB_1680', 1);
INSERT OR REPLACE INTO services (service_id, brand_id, owner_id, plan_id, ext_place_id, ext_source, title, address, lat, lng, verification_level) VALUES ('STB_1709', 'brand_starbucks', '01ARZ3NDEKTSV4RRFFQ69G5FAV', 'free', 'STB_OFFICIAL_1709', 'starbucks_official', 'スターバックス コーヒー 成田空港第2ターミナルサテライト店', '千葉県 成田市 古込1-1 成田空港第2旅客ターミナルビル 3階', 35.7749483504, 140.392998937, 1);
INSERT OR REPLACE INTO service_category_rel (service_id, category_id) VALUES ('STB_1709', 'cat_cafe');
INSERT OR REPLACE INTO service_cafe_details (service_id, has_wifi) VALUES ('STB_1709', 0);
INSERT OR REPLACE INTO services (service_id, brand_id, owner_id, plan_id, ext_place_id, ext_source, title, address, lat, lng, verification_level) VALUES ('STB_1719', 'brand_starbucks', '01ARZ3NDEKTSV4RRFFQ69G5FAV', 'free', 'STB_OFFICIAL_1719', 'starbucks_official', 'スターバックス コーヒー 成田空港第2ターミナル到着ロビー北店', '千葉県 成田市 古込1-1 成田空港第2旅客ターミナルビル 1階', 35.7743199842, 140.387268886, 1);
INSERT OR REPLACE INTO service_category_rel (service_id, category_id) VALUES ('STB_1719', 'cat_cafe');
INSERT OR REPLACE INTO service_cafe_details (service_id, has_wifi) VALUES ('STB_1719', 0);
INSERT OR REPLACE INTO services (service_id, brand_id, owner_id, plan_id, ext_place_id, ext_source, title, address, lat, lng, verification_level) VALUES ('STB_1720', 'brand_starbucks', '01ARZ3NDEKTSV4RRFFQ69G5FAV', 'free', 'STB_OFFICIAL_1720', 'starbucks_official', 'スターバックス コーヒー シャポー市川店', '千葉県 市川市 市川1-1-1 シャポー市川', 35.7287878815, 139.908559628, 1);
INSERT OR REPLACE INTO service_category_rel (service_id, category_id) VALUES ('STB_1720', 'cat_cafe');
INSERT OR REPLACE INTO service_cafe_details (service_id, has_wifi) VALUES ('STB_1720', 1);
INSERT OR REPLACE INTO services (service_id, brand_id, owner_id, plan_id, ext_place_id, ext_source, title, address, lat, lng, verification_level) VALUES ('STB_1721', 'brand_starbucks', '01ARZ3NDEKTSV4RRFFQ69G5FAV', 'free', 'STB_OFFICIAL_1721', 'starbucks_official', 'スターバックス コーヒー theGreen千葉ニュータウン店', '千葉県 印西市 鹿黒南5-2 theGreen', 35.8132641602, 140.133294574, 1);
INSERT OR REPLACE INTO service_category_rel (service_id, category_id) VALUES ('STB_1721', 'cat_cafe');
INSERT OR REPLACE INTO service_cafe_details (service_id, has_wifi) VALUES ('STB_1721', 1);
INSERT OR REPLACE INTO services (service_id, brand_id, owner_id, plan_id, ext_place_id, ext_source, title, address, lat, lng, verification_level) VALUES ('STB_1724', 'brand_starbucks', '01ARZ3NDEKTSV4RRFFQ69G5FAV', 'free', 'STB_OFFICIAL_1724', 'starbucks_official', 'スターバックス コーヒー 流山市野谷店', '千葉県 流山市 市野谷561-1(運A30街区1)', 35.8638650106, 139.919331125, 1);
INSERT OR REPLACE INTO service_category_rel (service_id, category_id) VALUES ('STB_1724', 'cat_cafe');
INSERT OR REPLACE INTO service_cafe_details (service_id, has_wifi) VALUES ('STB_1724', 1);
INSERT OR REPLACE INTO services (service_id, brand_id, owner_id, plan_id, ext_place_id, ext_source, title, address, lat, lng, verification_level) VALUES ('STB_1737', 'brand_starbucks', '01ARZ3NDEKTSV4RRFFQ69G5FAV', 'free', 'STB_OFFICIAL_1737', 'starbucks_official', 'スターバックス コーヒー ニッケコルトンプラザ　ツムグテラス店', '千葉県 市川市 鬼高1-1-1 ツムグテラス', 35.7166982157, 139.933175085, 1);
INSERT OR REPLACE INTO service_category_rel (service_id, category_id) VALUES ('STB_1737', 'cat_cafe');
INSERT OR REPLACE INTO service_cafe_details (service_id, has_wifi) VALUES ('STB_1737', 1);
INSERT OR REPLACE INTO services (service_id, brand_id, owner_id, plan_id, ext_place_id, ext_source, title, address, lat, lng, verification_level) VALUES ('STB_1758', 'brand_starbucks', '01ARZ3NDEKTSV4RRFFQ69G5FAV', 'free', 'STB_OFFICIAL_1758', 'starbucks_official', 'スターバックス コーヒー 舞浜 イクスピアリ2F トレイダーズ・パッセージ店', '千葉県 浦安市 舞浜1-4 イクスピアリ 2階', 35.6348428022, 139.885346437, 1);
INSERT OR REPLACE INTO service_category_rel (service_id, category_id) VALUES ('STB_1758', 'cat_cafe');
INSERT OR REPLACE INTO service_cafe_details (service_id, has_wifi) VALUES ('STB_1758', 1);
INSERT OR REPLACE INTO services (service_id, brand_id, owner_id, plan_id, ext_place_id, ext_source, title, address, lat, lng, verification_level) VALUES ('STB_1788', 'brand_starbucks', '01ARZ3NDEKTSV4RRFFQ69G5FAV', 'free', 'STB_OFFICIAL_1788', 'starbucks_official', 'スターバックス コーヒー ペリエ海浜幕張店', '千葉県 千葉市美浜区 ひび野2-110 ペリエ海浜幕張', 35.6487845973, 140.041680312, 1);
INSERT OR REPLACE INTO service_category_rel (service_id, category_id) VALUES ('STB_1788', 'cat_cafe');
INSERT OR REPLACE INTO service_cafe_details (service_id, has_wifi) VALUES ('STB_1788', 1);
INSERT OR REPLACE INTO services (service_id, brand_id, owner_id, plan_id, ext_place_id, ext_source, title, address, lat, lng, verification_level) VALUES ('STB_1793', 'brand_starbucks', '01ARZ3NDEKTSV4RRFFQ69G5FAV', 'free', 'STB_OFFICIAL_1793', 'starbucks_official', 'スターバックス コーヒー ペリエ千葉5階店', '千葉県 千葉市中央区 新千葉1-1-1 ペリエ千葉', 35.6127591629, 140.114267609, 1);
INSERT OR REPLACE INTO service_category_rel (service_id, category_id) VALUES ('STB_1793', 'cat_cafe');
INSERT OR REPLACE INTO service_cafe_details (service_id, has_wifi) VALUES ('STB_1793', 1);
INSERT OR REPLACE INTO services (service_id, brand_id, owner_id, plan_id, ext_place_id, ext_source, title, address, lat, lng, verification_level) VALUES ('STB_2091', 'brand_starbucks', '01ARZ3NDEKTSV4RRFFQ69G5FAV', 'free', 'STB_OFFICIAL_2091', 'starbucks_official', 'スターバックス コーヒー 柏の葉 蔦屋書店', '千葉県 柏市 若柴227-1', 35.8991704442, 139.953614429, 1);
INSERT OR REPLACE INTO service_category_rel (service_id, category_id) VALUES ('STB_2091', 'cat_cafe');
INSERT OR REPLACE INTO service_cafe_details (service_id, has_wifi) VALUES ('STB_2091', 1);
INSERT OR REPLACE INTO services (service_id, brand_id, owner_id, plan_id, ext_place_id, ext_source, title, address, lat, lng, verification_level) VALUES ('STB_2150', 'brand_starbucks', '01ARZ3NDEKTSV4RRFFQ69G5FAV', 'free', 'STB_OFFICIAL_2150', 'starbucks_official', 'スターバックス コーヒー TSUTAYA BOOKSTORE テラスモール松戸店', '千葉県 松戸市 八ヶ崎2-8-1 テラスモール松戸', 35.8180948789, 139.933675652, 1);
INSERT OR REPLACE INTO service_category_rel (service_id, category_id) VALUES ('STB_2150', 'cat_cafe');
INSERT OR REPLACE INTO service_cafe_details (service_id, has_wifi) VALUES ('STB_2150', 0);
INSERT OR REPLACE INTO services (service_id, brand_id, owner_id, plan_id, ext_place_id, ext_source, title, address, lat, lng, verification_level) VALUES ('STB_2248', 'brand_starbucks', '01ARZ3NDEKTSV4RRFFQ69G5FAV', 'free', 'STB_OFFICIAL_2248', 'starbucks_official', 'スターバックス コーヒー 舞浜駅店', '千葉県 浦安市 舞浜26-5 JR舞浜駅南口改札外', 35.6358165746, 139.884642006, 1);
INSERT OR REPLACE INTO service_category_rel (service_id, category_id) VALUES ('STB_2248', 'cat_cafe');
INSERT OR REPLACE INTO service_cafe_details (service_id, has_wifi) VALUES ('STB_2248', 1);
INSERT OR REPLACE INTO services (service_id, brand_id, owner_id, plan_id, ext_place_id, ext_source, title, address, lat, lng, verification_level) VALUES ('STB_2281', 'brand_starbucks', '01ARZ3NDEKTSV4RRFFQ69G5FAV', 'free', 'STB_OFFICIAL_2281', 'starbucks_official', 'スターバックス コーヒー JR柏駅 中央改札内店', '千葉県 柏市 柏1-1-1 JR柏駅中央改札内', 35.8623566333, 139.971190498, 1);
INSERT OR REPLACE INTO service_category_rel (service_id, category_id) VALUES ('STB_2281', 'cat_cafe');
INSERT OR REPLACE INTO service_cafe_details (service_id, has_wifi) VALUES ('STB_2281', 1);
INSERT OR REPLACE INTO services (service_id, brand_id, owner_id, plan_id, ext_place_id, ext_source, title, address, lat, lng, verification_level) VALUES ('STB_2321', 'brand_starbucks', '01ARZ3NDEKTSV4RRFFQ69G5FAV', 'free', 'STB_OFFICIAL_2321', 'starbucks_official', 'スターバックス コーヒー TSUTAYA BOOKSTORE そよら成田ニュータウン店', '千葉県 成田市 赤坂2-１-10 そよら成田ニュータウン本館4階', 35.778325651, 140.290947257, 1);
INSERT OR REPLACE INTO service_category_rel (service_id, category_id) VALUES ('STB_2321', 'cat_cafe');
INSERT OR REPLACE INTO service_cafe_details (service_id, has_wifi) VALUES ('STB_2321', 1);
INSERT OR REPLACE INTO services (service_id, brand_id, owner_id, plan_id, ext_place_id, ext_source, title, address, lat, lng, verification_level) VALUES ('STB_4003', 'brand_starbucks', '01ARZ3NDEKTSV4RRFFQ69G5FAV', 'free', 'STB_OFFICIAL_4003', 'starbucks_official', 'スターバックス コーヒー カインズ館山店', '千葉県 館山市 高井上畑作1771', 35.008281273, 139.873137136, 1);
INSERT OR REPLACE INTO service_category_rel (service_id, category_id) VALUES ('STB_4003', 'cat_cafe');
INSERT OR REPLACE INTO service_cafe_details (service_id, has_wifi) VALUES ('STB_4003', 1);
INSERT OR REPLACE INTO services (service_id, brand_id, owner_id, plan_id, ext_place_id, ext_source, title, address, lat, lng, verification_level) VALUES ('STB_4075', 'brand_starbucks', '01ARZ3NDEKTSV4RRFFQ69G5FAV', 'free', 'STB_OFFICIAL_4075', 'starbucks_official', 'スターバックス コーヒー イオン市川妙典店', '千葉県 市川市 妙典5-3-1 イオン市川妙典', 35.6924751561, 139.927743318, 1);
INSERT OR REPLACE INTO service_category_rel (service_id, category_id) VALUES ('STB_4075', 'cat_cafe');
INSERT OR REPLACE INTO service_cafe_details (service_id, has_wifi) VALUES ('STB_4075', 1);
INSERT OR REPLACE INTO services (service_id, brand_id, owner_id, plan_id, ext_place_id, ext_source, title, address, lat, lng, verification_level) VALUES ('STB_4082', 'brand_starbucks', '01ARZ3NDEKTSV4RRFFQ69G5FAV', 'free', 'STB_OFFICIAL_4082', 'starbucks_official', 'スターバックス コーヒー フルルガーデン八千代店', '千葉県 八千代市 村上南1-3-1 フルルガーデン八千代', 35.722437484, 140.11726231, 1);
INSERT OR REPLACE INTO service_category_rel (service_id, category_id) VALUES ('STB_4082', 'cat_cafe');
INSERT OR REPLACE INTO service_cafe_details (service_id, has_wifi) VALUES ('STB_4082', 1);
INSERT OR REPLACE INTO services (service_id, brand_id, owner_id, plan_id, ext_place_id, ext_source, title, address, lat, lng, verification_level) VALUES ('STB_4097', 'brand_starbucks', '01ARZ3NDEKTSV4RRFFQ69G5FAV', 'free', 'STB_OFFICIAL_4097', 'starbucks_official', 'スターバックス コーヒー 道の駅みのりの郷東金店', '千葉県 東金市 田間1330-1 みのりの郷東金', 35.5780078516, 140.382990781, 1);
INSERT OR REPLACE INTO service_category_rel (service_id, category_id) VALUES ('STB_4097', 'cat_cafe');
INSERT OR REPLACE INTO service_cafe_details (service_id, has_wifi) VALUES ('STB_4097', 0);
INSERT OR REPLACE INTO services (service_id, brand_id, owner_id, plan_id, ext_place_id, ext_source, title, address, lat, lng, verification_level) VALUES ('STB_4208', 'brand_starbucks', '01ARZ3NDEKTSV4RRFFQ69G5FAV', 'free', 'STB_OFFICIAL_4208', 'starbucks_official', 'スターバックス コーヒー 千葉公園店', '千葉県 千葉市中央区 弁天3-1', 35.6204306044, 140.116547622, 1);
INSERT OR REPLACE INTO service_category_rel (service_id, category_id) VALUES ('STB_4208', 'cat_cafe');
INSERT OR REPLACE INTO service_cafe_details (service_id, has_wifi) VALUES ('STB_4208', 1);
INSERT OR REPLACE INTO services (service_id, brand_id, owner_id, plan_id, ext_place_id, ext_source, title, address, lat, lng, verification_level) VALUES ('STB_4212', 'brand_starbucks', '01ARZ3NDEKTSV4RRFFQ69G5FAV', 'free', 'STB_OFFICIAL_4212', 'starbucks_official', 'スターバックス コーヒー 我孫子店', '千葉県 我孫子市 我孫子3-19-12', 35.8772144664, 140.001730333, 1);
INSERT OR REPLACE INTO service_category_rel (service_id, category_id) VALUES ('STB_4212', 'cat_cafe');
INSERT OR REPLACE INTO service_cafe_details (service_id, has_wifi) VALUES ('STB_4212', 1);
INSERT OR REPLACE INTO services (service_id, brand_id, owner_id, plan_id, ext_place_id, ext_source, title, address, lat, lng, verification_level) VALUES ('STB_4214', 'brand_starbucks', '01ARZ3NDEKTSV4RRFFQ69G5FAV', 'free', 'STB_OFFICIAL_4214', 'starbucks_official', 'スターバックス コーヒー 船橋東武店', '千葉県 船橋市 本町7-1-1 東武百貨店 船橋店', 35.7020415234, 139.985083393, 1);
INSERT OR REPLACE INTO service_category_rel (service_id, category_id) VALUES ('STB_4214', 'cat_cafe');
INSERT OR REPLACE INTO service_cafe_details (service_id, has_wifi) VALUES ('STB_4214', 1);
INSERT OR REPLACE INTO services (service_id, brand_id, owner_id, plan_id, ext_place_id, ext_source, title, address, lat, lng, verification_level) VALUES ('STB_4218', 'brand_starbucks', '01ARZ3NDEKTSV4RRFFQ69G5FAV', 'free', 'STB_OFFICIAL_4218', 'starbucks_official', 'スターバックス コーヒー ユニモちはら台店', '千葉県 市原市 ちはら台西3-4 ユニモちはら台', 35.5281783781, 140.171614519, 1);
INSERT OR REPLACE INTO service_category_rel (service_id, category_id) VALUES ('STB_4218', 'cat_cafe');
INSERT OR REPLACE INTO service_cafe_details (service_id, has_wifi) VALUES ('STB_4218', 1);
INSERT OR REPLACE INTO services (service_id, brand_id, owner_id, plan_id, ext_place_id, ext_source, title, address, lat, lng, verification_level) VALUES ('STB_4266', 'brand_starbucks', '01ARZ3NDEKTSV4RRFFQ69G5FAV', 'free', 'STB_OFFICIAL_4266', 'starbucks_official', 'スターバックス コーヒー 千葉旭店', '千葉県 旭市 イ六反田2074-1-2', 35.7239445311, 140.673061915, 1);
INSERT OR REPLACE INTO service_category_rel (service_id, category_id) VALUES ('STB_4266', 'cat_cafe');
INSERT OR REPLACE INTO service_cafe_details (service_id, has_wifi) VALUES ('STB_4266', 1);
INSERT OR REPLACE INTO services (service_id, brand_id, owner_id, plan_id, ext_place_id, ext_source, title, address, lat, lng, verification_level) VALUES ('STB_4354', 'brand_starbucks', '01ARZ3NDEKTSV4RRFFQ69G5FAV', 'free', 'STB_OFFICIAL_4354', 'starbucks_official', 'スターバックス コーヒー イオンモール津田沼North店', '千葉県 習志野市 津田沼1-23-1 イオンモール津田沼North 2階', 35.6907406283, 140.023667654, 1);
INSERT OR REPLACE INTO service_category_rel (service_id, category_id) VALUES ('STB_4354', 'cat_cafe');
INSERT OR REPLACE INTO service_cafe_details (service_id, has_wifi) VALUES ('STB_4354', 1);
INSERT OR REPLACE INTO services (service_id, brand_id, owner_id, plan_id, ext_place_id, ext_source, title, address, lat, lng, verification_level) VALUES ('STB_4355', 'brand_starbucks', '01ARZ3NDEKTSV4RRFFQ69G5FAV', 'free', 'STB_OFFICIAL_4355', 'starbucks_official', 'スターバックス コーヒー 茂原店', '千葉県 茂原市 道表17－5', 35.4333713696, 140.287120125, 1);
INSERT OR REPLACE INTO service_category_rel (service_id, category_id) VALUES ('STB_4355', 'cat_cafe');
INSERT OR REPLACE INTO service_cafe_details (service_id, has_wifi) VALUES ('STB_4355', 1);
INSERT OR REPLACE INTO services (service_id, brand_id, owner_id, plan_id, ext_place_id, ext_source, title, address, lat, lng, verification_level) VALUES ('STB_4356', 'brand_starbucks', '01ARZ3NDEKTSV4RRFFQ69G5FAV', 'free', 'STB_OFFICIAL_4356', 'starbucks_official', 'スターバックス コーヒー イオンモール幕張新都心エキマエ店', '千葉県 千葉市美浜区 豊砂1-5 イオンモール幕張新都心エキマエ2階', 35.6564143587, 140.027032566, 1);
INSERT OR REPLACE INTO service_category_rel (service_id, category_id) VALUES ('STB_4356', 'cat_cafe');
INSERT OR REPLACE INTO service_cafe_details (service_id, has_wifi) VALUES ('STB_4356', 1);
INSERT OR REPLACE INTO services (service_id, brand_id, owner_id, plan_id, ext_place_id, ext_source, title, address, lat, lng, verification_level) VALUES ('STB_4390', 'brand_starbucks', '01ARZ3NDEKTSV4RRFFQ69G5FAV', 'free', 'STB_OFFICIAL_4390', 'starbucks_official', 'スターバックス コーヒー ベイシア木更津金田店', '千葉県 木更津市 金田東5-2-1 ベイシア木更津金田', 35.4289747579, 139.929385593, 1);
INSERT OR REPLACE INTO service_category_rel (service_id, category_id) VALUES ('STB_4390', 'cat_cafe');
INSERT OR REPLACE INTO service_cafe_details (service_id, has_wifi) VALUES ('STB_4390', 1);
INSERT OR REPLACE INTO services (service_id, brand_id, owner_id, plan_id, ext_place_id, ext_source, title, address, lat, lng, verification_level) VALUES ('STB_4415', 'brand_starbucks', '01ARZ3NDEKTSV4RRFFQ69G5FAV', 'free', 'STB_OFFICIAL_4415', 'starbucks_official', 'スターバックス コーヒー アリオ市原店', '千葉県 市原市 更級4-3-2 アリオ市原1階', 35.5083509587, 140.102524503, 1);
INSERT OR REPLACE INTO service_category_rel (service_id, category_id) VALUES ('STB_4415', 'cat_cafe');
INSERT OR REPLACE INTO service_cafe_details (service_id, has_wifi) VALUES ('STB_4415', 1);
INSERT OR REPLACE INTO services (service_id, brand_id, owner_id, plan_id, ext_place_id, ext_source, title, address, lat, lng, verification_level) VALUES ('STB_4450', 'brand_starbucks', '01ARZ3NDEKTSV4RRFFQ69G5FAV', 'free', 'STB_OFFICIAL_4450', 'starbucks_official', 'スターバックス コーヒー 三井アウトレットパーク木更津サウスゾーン店', '千葉県 木更津市 金田東3-1-1 三井アウトレットパーク木更津1階', 35.4346964811, 139.935853403, 1);
INSERT OR REPLACE INTO service_category_rel (service_id, category_id) VALUES ('STB_4450', 'cat_cafe');
INSERT OR REPLACE INTO service_cafe_details (service_id, has_wifi) VALUES ('STB_4450', 1);
INSERT OR REPLACE INTO services (service_id, brand_id, owner_id, plan_id, ext_place_id, ext_source, title, address, lat, lng, verification_level) VALUES ('STB_4471', 'brand_starbucks', '01ARZ3NDEKTSV4RRFFQ69G5FAV', 'free', 'STB_OFFICIAL_4471', 'starbucks_official', 'スターバックス コーヒー 三井アウトレットパーク木更津ウエストゾーン店', '千葉県 木更津市 金田東3-1-1 三井アウトレットパーク木更津1階', 35.4354874578, 139.933002492, 1);
INSERT OR REPLACE INTO service_category_rel (service_id, category_id) VALUES ('STB_4471', 'cat_cafe');
INSERT OR REPLACE INTO service_cafe_details (service_id, has_wifi) VALUES ('STB_4471', 1);
INSERT OR REPLACE INTO services (service_id, brand_id, owner_id, plan_id, ext_place_id, ext_source, title, address, lat, lng, verification_level) VALUES ('STB_4485', 'brand_starbucks', '01ARZ3NDEKTSV4RRFFQ69G5FAV', 'free', 'STB_OFFICIAL_4485', 'starbucks_official', 'スターバックス コーヒー ペリエ西千葉店', '千葉県 千葉市中央区 春日2-24-4 ぺリエ西千葉', 35.6228626111, 140.103195841, 1);
INSERT OR REPLACE INTO service_category_rel (service_id, category_id) VALUES ('STB_4485', 'cat_cafe');
INSERT OR REPLACE INTO service_cafe_details (service_id, has_wifi) VALUES ('STB_4485', 1);
INSERT OR REPLACE INTO services (service_id, brand_id, owner_id, plan_id, ext_place_id, ext_source, title, address, lat, lng, verification_level) VALUES ('STB_4486', 'brand_starbucks', '01ARZ3NDEKTSV4RRFFQ69G5FAV', 'free', 'STB_OFFICIAL_4486', 'starbucks_official', 'スターバックス コーヒー 幕張ベイパーク店', '千葉県 千葉市美浜区 若葉3-2-16 幕張ベイパーク', 35.6486735929, 140.047110421, 1);
INSERT OR REPLACE INTO service_category_rel (service_id, category_id) VALUES ('STB_4486', 'cat_cafe');
INSERT OR REPLACE INTO service_cafe_details (service_id, has_wifi) VALUES ('STB_4486', 1);
INSERT OR REPLACE INTO services (service_id, brand_id, owner_id, plan_id, ext_place_id, ext_source, title, address, lat, lng, verification_level) VALUES ('STB_4487', 'brand_starbucks', '01ARZ3NDEKTSV4RRFFQ69G5FAV', 'free', 'STB_OFFICIAL_4487', 'starbucks_official', 'スターバックス コーヒー ペリエ海浜幕張 PARK SIDE1店', '千葉県 千葉市美浜区 ひび野2-108 ペリエ海浜幕張 PARK SIDE1', 35.6476608579, 140.043360779, 1);
INSERT OR REPLACE INTO service_category_rel (service_id, category_id) VALUES ('STB_4487', 'cat_cafe');
INSERT OR REPLACE INTO service_cafe_details (service_id, has_wifi) VALUES ('STB_4487', 1);
INSERT OR REPLACE INTO services (service_id, brand_id, owner_id, plan_id, ext_place_id, ext_source, title, address, lat, lng, verification_level) VALUES ('STB_4520', 'brand_starbucks', '01ARZ3NDEKTSV4RRFFQ69G5FAV', 'free', 'STB_OFFICIAL_4520', 'starbucks_official', 'スターバックス コーヒー ららぽーとTOKYO-BAY　北館店', '千葉県 船橋市 浜町2-1-1 ららぽーとTOKYO-BAY北館1Ｆ', 35.6856128477, 139.992106344, 1);
INSERT OR REPLACE INTO service_category_rel (service_id, category_id) VALUES ('STB_4520', 'cat_cafe');
INSERT OR REPLACE INTO service_cafe_details (service_id, has_wifi) VALUES ('STB_4520', 1);
INSERT OR REPLACE INTO services (service_id, brand_id, owner_id, plan_id, ext_place_id, ext_source, title, address, lat, lng, verification_level) VALUES ('STB_4580', 'brand_starbucks', '01ARZ3NDEKTSV4RRFFQ69G5FAV', 'free', 'STB_OFFICIAL_4580', 'starbucks_official', 'スターバックス コーヒー 流山前平井店', '千葉県 流山市 前平井1-1', 35.8527963411, 139.911823924, 1);
INSERT OR REPLACE INTO service_category_rel (service_id, category_id) VALUES ('STB_4580', 'cat_cafe');
INSERT OR REPLACE INTO service_cafe_details (service_id, has_wifi) VALUES ('STB_4580', 1);
INSERT OR REPLACE INTO services (service_id, brand_id, owner_id, plan_id, ext_place_id, ext_source, title, address, lat, lng, verification_level) VALUES ('STB_4583', 'brand_starbucks', '01ARZ3NDEKTSV4RRFFQ69G5FAV', 'free', 'STB_OFFICIAL_4583', 'starbucks_official', 'スターバックス コーヒー 流山おおたかの森S.C. FLAPS店', '千葉県 流山市 おおたかの森南1-2-1 流山おおたかの森S.C. FLAPS 1階', 35.8711209978, 139.924864775, 1);
INSERT OR REPLACE INTO service_category_rel (service_id, category_id) VALUES ('STB_4583', 'cat_cafe');
INSERT OR REPLACE INTO service_cafe_details (service_id, has_wifi) VALUES ('STB_4583', 1);
INSERT OR REPLACE INTO services (service_id, brand_id, owner_id, plan_id, ext_place_id, ext_source, title, address, lat, lng, verification_level) VALUES ('STB_4587', 'brand_starbucks', '01ARZ3NDEKTSV4RRFFQ69G5FAV', 'free', 'STB_OFFICIAL_4587', 'starbucks_official', 'スターバックス コーヒー ゆみ～る鎌取ショッピングセンター店', '千葉県 千葉市緑区 おゆみ野3-16-1 ゆみ～る鎌取ショッピングセンター2階', 35.5618326633, 140.177745516, 1);
INSERT OR REPLACE INTO service_category_rel (service_id, category_id) VALUES ('STB_4587', 'cat_cafe');
INSERT OR REPLACE INTO service_cafe_details (service_id, has_wifi) VALUES ('STB_4587', 1);
INSERT OR REPLACE INTO services (service_id, brand_id, owner_id, plan_id, ext_place_id, ext_source, title, address, lat, lng, verification_level) VALUES ('STB_4599', 'brand_starbucks', '01ARZ3NDEKTSV4RRFFQ69G5FAV', 'free', 'STB_OFFICIAL_4599', 'starbucks_official', 'スターバックス コーヒー 流山セントラルパーク店', '千葉県 流山市 野々下1-40-1', 35.8551647918, 139.91714004, 1);
INSERT OR REPLACE INTO service_category_rel (service_id, category_id) VALUES ('STB_4599', 'cat_cafe');
INSERT OR REPLACE INTO service_cafe_details (service_id, has_wifi) VALUES ('STB_4599', 1);
INSERT OR REPLACE INTO services (service_id, brand_id, owner_id, plan_id, ext_place_id, ext_source, title, address, lat, lng, verification_level) VALUES ('STB_4606', 'brand_starbucks', '01ARZ3NDEKTSV4RRFFQ69G5FAV', 'free', 'STB_OFFICIAL_4606', 'starbucks_official', 'スターバックス コーヒー スターバックス ティー＆カフェ ペリエ千葉4階店', '千葉県 千葉市中央区 新千葉1-1-1 ペリエ千葉4階', 35.6133829845, 140.114232028, 1);
INSERT OR REPLACE INTO service_category_rel (service_id, category_id) VALUES ('STB_4606', 'cat_cafe');
INSERT OR REPLACE INTO service_cafe_details (service_id, has_wifi) VALUES ('STB_4606', 1);
INSERT OR REPLACE INTO services (service_id, brand_id, owner_id, plan_id, ext_place_id, ext_source, title, address, lat, lng, verification_level) VALUES ('STB_4627', 'brand_starbucks', '01ARZ3NDEKTSV4RRFFQ69G5FAV', 'free', 'STB_OFFICIAL_4627', 'starbucks_official', 'スターバックス コーヒー そよらリーフシティ市川店', '千葉県 市川市 市川南2-8-1 そよらリーフシティ市川 2階', 35.7253931815, 139.904947306, 1);
INSERT OR REPLACE INTO service_category_rel (service_id, category_id) VALUES ('STB_4627', 'cat_cafe');
INSERT OR REPLACE INTO service_cafe_details (service_id, has_wifi) VALUES ('STB_4627', 1);
INSERT OR REPLACE INTO services (service_id, brand_id, owner_id, plan_id, ext_place_id, ext_source, title, address, lat, lng, verification_level) VALUES ('STB_4634', 'brand_starbucks', '01ARZ3NDEKTSV4RRFFQ69G5FAV', 'free', 'STB_OFFICIAL_4634', 'starbucks_official', 'スターバックス コーヒー イオンモール津田沼South店', '千葉県 習志野市 津田沼1-10-30 イオンモール津田沼South 3階', 35.6899584892, 140.023636859, 1);
INSERT OR REPLACE INTO service_category_rel (service_id, category_id) VALUES ('STB_4634', 'cat_cafe');
INSERT OR REPLACE INTO service_cafe_details (service_id, has_wifi) VALUES ('STB_4634', 1);
INSERT OR REPLACE INTO services (service_id, brand_id, owner_id, plan_id, ext_place_id, ext_source, title, address, lat, lng, verification_level) VALUES ('STB_1', 'brand_starbucks', '01ARZ3NDEKTSV4RRFFQ69G5FAV', 'free', 'STB_OFFICIAL_1', 'starbucks_official', 'スターバックス コーヒー 銀座松屋通り店', '東京都 中央区 銀座3-7-14 ＥＳＫビル 1F', 35.6716737338, 139.766643488, 1);
INSERT OR REPLACE INTO service_category_rel (service_id, category_id) VALUES ('STB_1', 'cat_cafe');
INSERT OR REPLACE INTO service_cafe_details (service_id, has_wifi) VALUES ('STB_1', 1);
INSERT OR REPLACE INTO services (service_id, brand_id, owner_id, plan_id, ext_place_id, ext_source, title, address, lat, lng, verification_level) VALUES ('STB_2', 'brand_starbucks', '01ARZ3NDEKTSV4RRFFQ69G5FAV', 'free', 'STB_OFFICIAL_2', 'starbucks_official', 'スターバックス コーヒー お茶の水村田ビル店', '東京都 千代田区 神田駿河台2-5 村田ビルディング 1F', 35.7001436613, 139.761901738, 1);
INSERT OR REPLACE INTO service_category_rel (service_id, category_id) VALUES ('STB_2', 'cat_cafe');
INSERT OR REPLACE INTO service_cafe_details (service_id, has_wifi) VALUES ('STB_2', 1);
INSERT OR REPLACE INTO services (service_id, brand_id, owner_id, plan_id, ext_place_id, ext_source, title, address, lat, lng, verification_level) VALUES ('STB_3', 'brand_starbucks', '01ARZ3NDEKTSV4RRFFQ69G5FAV', 'free', 'STB_OFFICIAL_3', 'starbucks_official', 'スターバックス コーヒー ヤエチカ店', '東京都 中央区 八重洲2-1 八重洲地下街 中3号', 35.679545196, 139.77133718, 1);
INSERT OR REPLACE INTO service_category_rel (service_id, category_id) VALUES ('STB_3', 'cat_cafe');
INSERT OR REPLACE INTO service_cafe_details (service_id, has_wifi) VALUES ('STB_3', 1);
INSERT OR REPLACE INTO services (service_id, brand_id, owner_id, plan_id, ext_place_id, ext_source, title, address, lat, lng, verification_level) VALUES ('STB_4', 'brand_starbucks', '01ARZ3NDEKTSV4RRFFQ69G5FAV', 'free', 'STB_OFFICIAL_4', 'starbucks_official', 'スターバックス コーヒー 町田東急ツインズWEST店', '東京都 町田市 原町田6-4-1 町田東急ツインズ ウエスト３階 W306', 35.5430266221, 139.446387953, 1);
INSERT OR REPLACE INTO service_category_rel (service_id, category_id) VALUES ('STB_4', 'cat_cafe');
INSERT OR REPLACE INTO service_cafe_details (service_id, has_wifi) VALUES ('STB_4', 1);
INSERT OR REPLACE INTO services (service_id, brand_id, owner_id, plan_id, ext_place_id, ext_source, title, address, lat, lng, verification_level) VALUES ('STB_5', 'brand_starbucks', '01ARZ3NDEKTSV4RRFFQ69G5FAV', 'free', 'STB_OFFICIAL_5', 'starbucks_official', 'スターバックス コーヒー 日比谷シティ店', '東京都 千代田区 内幸町2-2-3 日比谷国際ビルヂング B1F(B132)', 35.6702583922, 139.754322632, 1);
INSERT OR REPLACE INTO service_category_rel (service_id, category_id) VALUES ('STB_5', 'cat_cafe');
INSERT OR REPLACE INTO service_cafe_details (service_id, has_wifi) VALUES ('STB_5', 1);
INSERT OR REPLACE INTO services (service_id, brand_id, owner_id, plan_id, ext_place_id, ext_source, title, address, lat, lng, verification_level) VALUES ('STB_6', 'brand_starbucks', '01ARZ3NDEKTSV4RRFFQ69G5FAV', 'free', 'STB_OFFICIAL_6', 'starbucks_official', 'スターバックス コーヒー アークヒルズ店', '東京都 港区 赤坂1-12-32 アーク森ビル 1F', 35.6677573055, 139.740406403, 1);
INSERT OR REPLACE INTO service_category_rel (service_id, category_id) VALUES ('STB_6', 'cat_cafe');
INSERT OR REPLACE INTO service_cafe_details (service_id, has_wifi) VALUES ('STB_6', 1);
INSERT OR REPLACE INTO services (service_id, brand_id, owner_id, plan_id, ext_place_id, ext_source, title, address, lat, lng, verification_level) VALUES ('STB_9', 'brand_starbucks', '01ARZ3NDEKTSV4RRFFQ69G5FAV', 'free', 'STB_OFFICIAL_9', 'starbucks_official', 'スターバックス コーヒー 渋谷文化村通り店', '東京都 渋谷区 道玄坂2-25-6 ホリウチビル 1F', 35.6602029037, 139.696591779, 1);
INSERT OR REPLACE INTO service_category_rel (service_id, category_id) VALUES ('STB_9', 'cat_cafe');
INSERT OR REPLACE INTO service_cafe_details (service_id, has_wifi) VALUES ('STB_9', 1);
INSERT OR REPLACE INTO services (service_id, brand_id, owner_id, plan_id, ext_place_id, ext_source, title, address, lat, lng, verification_level) VALUES ('STB_12', 'brand_starbucks', '01ARZ3NDEKTSV4RRFFQ69G5FAV', 'free', 'STB_OFFICIAL_12', 'starbucks_official', 'スターバックス コーヒー 新宿３丁目店', '東京都 新宿区 新宿3-11-6 エクレ新宿 1F', 35.6919677349, 139.70650727, 1);
INSERT OR REPLACE INTO service_category_rel (service_id, category_id) VALUES ('STB_12', 'cat_cafe');
INSERT OR REPLACE INTO service_cafe_details (service_id, has_wifi) VALUES ('STB_12', 1);
INSERT OR REPLACE INTO services (service_id, brand_id, owner_id, plan_id, ext_place_id, ext_source, title, address, lat, lng, verification_level) VALUES ('STB_15', 'brand_starbucks', '01ARZ3NDEKTSV4RRFFQ69G5FAV', 'free', 'STB_OFFICIAL_15', 'starbucks_official', 'スターバックス コーヒー 南青山２丁目店', '東京都 港区 南青山2-26-37 VORT外苑前Ⅰ1F', 35.6699633342, 139.717392379, 1);
INSERT OR REPLACE INTO service_category_rel (service_id, category_id) VALUES ('STB_15', 'cat_cafe');
INSERT OR REPLACE INTO service_cafe_details (service_id, has_wifi) VALUES ('STB_15', 1);
INSERT OR REPLACE INTO services (service_id, brand_id, owner_id, plan_id, ext_place_id, ext_source, title, address, lat, lng, verification_level) VALUES ('STB_16', 'brand_starbucks', '01ARZ3NDEKTSV4RRFFQ69G5FAV', 'free', 'STB_OFFICIAL_16', 'starbucks_official', 'スターバックス コーヒー 新宿サザンテラス店', '東京都 渋谷区 代々木2-2-1 新宿サザンテラス内', 35.6878994503, 139.700285197, 1);
INSERT OR REPLACE INTO service_category_rel (service_id, category_id) VALUES ('STB_16', 'cat_cafe');
INSERT OR REPLACE INTO service_cafe_details (service_id, has_wifi) VALUES ('STB_16', 1);
INSERT OR REPLACE INTO services (service_id, brand_id, owner_id, plan_id, ext_place_id, ext_source, title, address, lat, lng, verification_level) VALUES ('STB_17', 'brand_starbucks', '01ARZ3NDEKTSV4RRFFQ69G5FAV', 'free', 'STB_OFFICIAL_17', 'starbucks_official', 'スターバックス コーヒー 人形町店', '東京都 中央区 日本橋人形町3-6-7 人形町共同ビル 1F', 35.6870792876, 139.781365167, 1);
INSERT OR REPLACE INTO service_category_rel (service_id, category_id) VALUES ('STB_17', 'cat_cafe');
INSERT OR REPLACE INTO service_cafe_details (service_id, has_wifi) VALUES ('STB_17', 1);
INSERT OR REPLACE INTO services (service_id, brand_id, owner_id, plan_id, ext_place_id, ext_source, title, address, lat, lng, verification_level) VALUES ('STB_18', 'brand_starbucks', '01ARZ3NDEKTSV4RRFFQ69G5FAV', 'free', 'STB_OFFICIAL_18', 'starbucks_official', 'スターバックス コーヒー 四谷３丁目店', '東京都 新宿区 四谷2-14-4 ミツヤ四谷ビル 1F', 35.6875568355, 139.72342579, 1);
INSERT OR REPLACE INTO service_category_rel (service_id, category_id) VALUES ('STB_18', 'cat_cafe');
INSERT OR REPLACE INTO service_cafe_details (service_id, has_wifi) VALUES ('STB_18', 1);
INSERT OR REPLACE INTO services (service_id, brand_id, owner_id, plan_id, ext_place_id, ext_source, title, address, lat, lng, verification_level) VALUES ('STB_19', 'brand_starbucks', '01ARZ3NDEKTSV4RRFFQ69G5FAV', 'free', 'STB_OFFICIAL_19', 'starbucks_official', 'スターバックス コーヒー 下北沢店', '東京都 世田谷区 北沢2-30-6 下北沢ＵＣビル 1F', 35.6628298876, 139.66722743, 1);
INSERT OR REPLACE INTO service_category_rel (service_id, category_id) VALUES ('STB_19', 'cat_cafe');
INSERT OR REPLACE INTO service_cafe_details (service_id, has_wifi) VALUES ('STB_19', 1);
INSERT OR REPLACE INTO services (service_id, brand_id, owner_id, plan_id, ext_place_id, ext_source, title, address, lat, lng, verification_level) VALUES ('STB_22', 'brand_starbucks', '01ARZ3NDEKTSV4RRFFQ69G5FAV', 'free', 'STB_OFFICIAL_22', 'starbucks_official', 'スターバックス コーヒー 明大前店', '東京都 世田谷区 松原2-46-5 Ｒｙｕ’ｓビル 1F', 35.6691250249, 139.650024124, 1);
INSERT OR REPLACE INTO service_category_rel (service_id, category_id) VALUES ('STB_22', 'cat_cafe');
INSERT OR REPLACE INTO service_cafe_details (service_id, has_wifi) VALUES ('STB_22', 1);
INSERT OR REPLACE INTO services (service_id, brand_id, owner_id, plan_id, ext_place_id, ext_source, title, address, lat, lng, verification_level) VALUES ('STB_23', 'brand_starbucks', '01ARZ3NDEKTSV4RRFFQ69G5FAV', 'free', 'STB_OFFICIAL_23', 'starbucks_official', 'スターバックス コーヒー 学芸大駅前店', '東京都 目黒区 鷹番3-15-25 鳥芳ビル 1F', 35.6291476774, 139.684299785, 1);
INSERT OR REPLACE INTO service_category_rel (service_id, category_id) VALUES ('STB_23', 'cat_cafe');
INSERT OR REPLACE INTO service_cafe_details (service_id, has_wifi) VALUES ('STB_23', 1);
INSERT OR REPLACE INTO services (service_id, brand_id, owner_id, plan_id, ext_place_id, ext_source, title, address, lat, lng, verification_level) VALUES ('STB_24', 'brand_starbucks', '01ARZ3NDEKTSV4RRFFQ69G5FAV', 'free', 'STB_OFFICIAL_24', 'starbucks_official', 'スターバックス コーヒー 西五反田店', '東京都 品川区 西五反田1-18-1 ゴタンダ エクス 1F', 35.623615611, 139.72295794, 1);
INSERT OR REPLACE INTO service_category_rel (service_id, category_id) VALUES ('STB_24', 'cat_cafe');
INSERT OR REPLACE INTO service_cafe_details (service_id, has_wifi) VALUES ('STB_24', 1);
INSERT OR REPLACE INTO services (service_id, brand_id, owner_id, plan_id, ext_place_id, ext_source, title, address, lat, lng, verification_level) VALUES ('STB_25', 'brand_starbucks', '01ARZ3NDEKTSV4RRFFQ69G5FAV', 'free', 'STB_OFFICIAL_25', 'starbucks_official', 'スターバックス コーヒー 品川インターシティ店', '東京都 港区 港南2-15-2 品川インターシティ 2F (206)', 35.6266870033, 139.741959832, 1);
INSERT OR REPLACE INTO service_category_rel (service_id, category_id) VALUES ('STB_25', 'cat_cafe');
INSERT OR REPLACE INTO service_cafe_details (service_id, has_wifi) VALUES ('STB_25', 1);
INSERT OR REPLACE INTO services (service_id, brand_id, owner_id, plan_id, ext_place_id, ext_source, title, address, lat, lng, verification_level) VALUES ('STB_26', 'brand_starbucks', '01ARZ3NDEKTSV4RRFFQ69G5FAV', 'free', 'STB_OFFICIAL_26', 'starbucks_official', 'スターバックス コーヒー 本郷東大前店', '東京都 文京区 本郷4-1-4 Design Placeα 1F', 35.707933642, 139.760787583, 1);
INSERT OR REPLACE INTO service_category_rel (service_id, category_id) VALUES ('STB_26', 'cat_cafe');
INSERT OR REPLACE INTO service_cafe_details (service_id, has_wifi) VALUES ('STB_26', 1);
INSERT OR REPLACE INTO services (service_id, brand_id, owner_id, plan_id, ext_place_id, ext_source, title, address, lat, lng, verification_level) VALUES ('STB_27', 'brand_starbucks', '01ARZ3NDEKTSV4RRFFQ69G5FAV', 'free', 'STB_OFFICIAL_27', 'starbucks_official', 'スターバックス コーヒー 麻布十番店', '東京都 港区 麻布十番1-11-14 ＳＢＳビル', 35.6557051901, 139.736333407, 1);
INSERT OR REPLACE INTO service_category_rel (service_id, category_id) VALUES ('STB_27', 'cat_cafe');
INSERT OR REPLACE INTO service_cafe_details (service_id, has_wifi) VALUES ('STB_27', 1);
INSERT OR REPLACE INTO services (service_id, brand_id, owner_id, plan_id, ext_place_id, ext_source, title, address, lat, lng, verification_level) VALUES ('STB_30', 'brand_starbucks', '01ARZ3NDEKTSV4RRFFQ69G5FAV', 'free', 'STB_OFFICIAL_30', 'starbucks_official', 'スターバックス コーヒー 丸の内三菱ビル店', '東京都 千代田区 丸の内2-5-2 三菱ビル', 35.67977698, 139.763571426, 1);
INSERT OR REPLACE INTO service_category_rel (service_id, category_id) VALUES ('STB_30', 'cat_cafe');
INSERT OR REPLACE INTO service_cafe_details (service_id, has_wifi) VALUES ('STB_30', 1);
INSERT OR REPLACE INTO services (service_id, brand_id, owner_id, plan_id, ext_place_id, ext_source, title, address, lat, lng, verification_level) VALUES ('STB_32', 'brand_starbucks', '01ARZ3NDEKTSV4RRFFQ69G5FAV', 'free', 'STB_OFFICIAL_32', 'starbucks_official', 'スターバックス コーヒー ゲートシティ大崎店', '東京都 品川区 大崎1-11-1 ゲートシティ大崎', 35.619168454, 139.731266066, 1);
INSERT OR REPLACE INTO service_category_rel (service_id, category_id) VALUES ('STB_32', 'cat_cafe');
INSERT OR REPLACE INTO service_cafe_details (service_id, has_wifi) VALUES ('STB_32', 1);
INSERT OR REPLACE INTO services (service_id, brand_id, owner_id, plan_id, ext_place_id, ext_source, title, address, lat, lng, verification_level) VALUES ('STB_33', 'brand_starbucks', '01ARZ3NDEKTSV4RRFFQ69G5FAV', 'free', 'STB_OFFICIAL_33', 'starbucks_official', 'スターバックス コーヒー 麹町店', '東京都 千代田区 麹町3-2-5 垣見麹町ビル別館 1F', 35.6842527401, 139.739078254, 1);
INSERT OR REPLACE INTO service_category_rel (service_id, category_id) VALUES ('STB_33', 'cat_cafe');
INSERT OR REPLACE INTO service_cafe_details (service_id, has_wifi) VALUES ('STB_33', 1);
INSERT OR REPLACE INTO services (service_id, brand_id, owner_id, plan_id, ext_place_id, ext_source, title, address, lat, lng, verification_level) VALUES ('STB_38', 'brand_starbucks', '01ARZ3NDEKTSV4RRFFQ69G5FAV', 'free', 'STB_OFFICIAL_38', 'starbucks_official', 'スターバックス コーヒー 池袋明治通り店', '東京都 豊島区 南池袋1-18-17 Ｉ＆Ｋビル 1F', 35.7278098271, 139.711806846, 1);
INSERT OR REPLACE INTO service_category_rel (service_id, category_id) VALUES ('STB_38', 'cat_cafe');
INSERT OR REPLACE INTO service_cafe_details (service_id, has_wifi) VALUES ('STB_38', 1);
INSERT OR REPLACE INTO services (service_id, brand_id, owner_id, plan_id, ext_place_id, ext_source, title, address, lat, lng, verification_level) VALUES ('STB_39', 'brand_starbucks', '01ARZ3NDEKTSV4RRFFQ69G5FAV', 'free', 'STB_OFFICIAL_39', 'starbucks_official', 'スターバックス コーヒー 井の頭公園店', '東京都 武蔵野市 吉祥寺南町1-15-7 重川ビル', 35.7007992717, 139.578221962, 1);
INSERT OR REPLACE INTO service_category_rel (service_id, category_id) VALUES ('STB_39', 'cat_cafe');
INSERT OR REPLACE INTO service_cafe_details (service_id, has_wifi) VALUES ('STB_39', 1);
INSERT OR REPLACE INTO services (service_id, brand_id, owner_id, plan_id, ext_place_id, ext_source, title, address, lat, lng, verification_level) VALUES ('STB_46', 'brand_starbucks', '01ARZ3NDEKTSV4RRFFQ69G5FAV', 'free', 'STB_OFFICIAL_46', 'starbucks_official', 'スターバックス コーヒー 西新宿三井ビル店', '東京都 新宿区 西新宿6-24-1 西新宿三井ビル', 35.6951879185, 139.689029685, 1);
INSERT OR REPLACE INTO service_category_rel (service_id, category_id) VALUES ('STB_46', 'cat_cafe');
INSERT OR REPLACE INTO service_cafe_details (service_id, has_wifi) VALUES ('STB_46', 1);
INSERT OR REPLACE INTO services (service_id, brand_id, owner_id, plan_id, ext_place_id, ext_source, title, address, lat, lng, verification_level) VALUES ('STB_47', 'brand_starbucks', '01ARZ3NDEKTSV4RRFFQ69G5FAV', 'free', 'STB_OFFICIAL_47', 'starbucks_official', 'スターバックス コーヒー 青山骨董通り店', '東京都 港区 南青山5-10-1 H2 AOYAMA BUILDING', 35.6627926011, 139.711029071, 1);
INSERT OR REPLACE INTO service_category_rel (service_id, category_id) VALUES ('STB_47', 'cat_cafe');
INSERT OR REPLACE INTO service_cafe_details (service_id, has_wifi) VALUES ('STB_47', 1);
INSERT OR REPLACE INTO services (service_id, brand_id, owner_id, plan_id, ext_place_id, ext_source, title, address, lat, lng, verification_level) VALUES ('STB_50', 'brand_starbucks', '01ARZ3NDEKTSV4RRFFQ69G5FAV', 'free', 'STB_OFFICIAL_50', 'starbucks_official', 'スターバックス コーヒー 自由が丘店', '東京都 目黒区 自由が丘2-10-18 栗山ビルⅡ 1F', 35.6087201229, 139.667413239, 1);
INSERT OR REPLACE INTO service_category_rel (service_id, category_id) VALUES ('STB_50', 'cat_cafe');
INSERT OR REPLACE INTO service_cafe_details (service_id, has_wifi) VALUES ('STB_50', 1);
INSERT OR REPLACE INTO services (service_id, brand_id, owner_id, plan_id, ext_place_id, ext_source, title, address, lat, lng, verification_level) VALUES ('STB_53', 'brand_starbucks', '01ARZ3NDEKTSV4RRFFQ69G5FAV', 'free', 'STB_OFFICIAL_53', 'starbucks_official', 'スターバックス コーヒー 日本橋本町店', '東京都 中央区 日本橋本町2-4-5 扶桑日本橋ビル 1F', 35.6871580628, 139.77533872, 1);
INSERT OR REPLACE INTO service_category_rel (service_id, category_id) VALUES ('STB_53', 'cat_cafe');
INSERT OR REPLACE INTO service_cafe_details (service_id, has_wifi) VALUES ('STB_53', 1);
INSERT OR REPLACE INTO services (service_id, brand_id, owner_id, plan_id, ext_place_id, ext_source, title, address, lat, lng, verification_level) VALUES ('STB_55', 'brand_starbucks', '01ARZ3NDEKTSV4RRFFQ69G5FAV', 'free', 'STB_OFFICIAL_55', 'starbucks_official', 'スターバックス コーヒー 日本橋スルガビル店', '東京都 中央区 日本橋室町1-7-1 スルガビル 1F', 35.6847460897, 139.774835262, 1);
INSERT OR REPLACE INTO service_category_rel (service_id, category_id) VALUES ('STB_55', 'cat_cafe');
INSERT OR REPLACE INTO service_cafe_details (service_id, has_wifi) VALUES ('STB_55', 1);
INSERT OR REPLACE INTO services (service_id, brand_id, owner_id, plan_id, ext_place_id, ext_source, title, address, lat, lng, verification_level) VALUES ('STB_61', 'brand_starbucks', '01ARZ3NDEKTSV4RRFFQ69G5FAV', 'free', 'STB_OFFICIAL_61', 'starbucks_official', 'スターバックス コーヒー 築地駅前店', '東京都 中央区 築地2-12-8 大広ビル 1F', 35.6678681233, 139.772001552, 1);
INSERT OR REPLACE INTO service_category_rel (service_id, category_id) VALUES ('STB_61', 'cat_cafe');
INSERT OR REPLACE INTO service_cafe_details (service_id, has_wifi) VALUES ('STB_61', 1);
INSERT OR REPLACE INTO services (service_id, brand_id, owner_id, plan_id, ext_place_id, ext_source, title, address, lat, lng, verification_level) VALUES ('STB_65', 'brand_starbucks', '01ARZ3NDEKTSV4RRFFQ69G5FAV', 'free', 'STB_OFFICIAL_65', 'starbucks_official', 'スターバックス コーヒー 虎ノ門駅前店', '東京都 港区 虎ノ門1-1-23 ウンピン虎ノ門ビル 1F', 35.6703858039, 139.750052425, 1);
INSERT OR REPLACE INTO service_category_rel (service_id, category_id) VALUES ('STB_65', 'cat_cafe');
INSERT OR REPLACE INTO service_cafe_details (service_id, has_wifi) VALUES ('STB_65', 1);
INSERT OR REPLACE INTO services (service_id, brand_id, owner_id, plan_id, ext_place_id, ext_source, title, address, lat, lng, verification_level) VALUES ('STB_66', 'brand_starbucks', '01ARZ3NDEKTSV4RRFFQ69G5FAV', 'free', 'STB_OFFICIAL_66', 'starbucks_official', 'スターバックス コーヒー 西武高田馬場駅店', '東京都 新宿区 高田馬場1-35-2 高田馬場西武ラチ内コンコース', 35.713022385, 139.704083169, 1);
INSERT OR REPLACE INTO service_category_rel (service_id, category_id) VALUES ('STB_66', 'cat_cafe');
INSERT OR REPLACE INTO service_cafe_details (service_id, has_wifi) VALUES ('STB_66', 1);
INSERT OR REPLACE INTO services (service_id, brand_id, owner_id, plan_id, ext_place_id, ext_source, title, address, lat, lng, verification_level) VALUES ('STB_70', 'brand_starbucks', '01ARZ3NDEKTSV4RRFFQ69G5FAV', 'free', 'STB_OFFICIAL_70', 'starbucks_official', 'スターバックス コーヒー 三軒茶屋店', '東京都 世田谷区 太子堂4-20-25 三軒茶屋アバックビル', 35.6444235659, 139.669683629, 1);
INSERT OR REPLACE INTO service_category_rel (service_id, category_id) VALUES ('STB_70', 'cat_cafe');
INSERT OR REPLACE INTO service_cafe_details (service_id, has_wifi) VALUES ('STB_70', 1);
INSERT OR REPLACE INTO services (service_id, brand_id, owner_id, plan_id, ext_place_id, ext_source, title, address, lat, lng, verification_level) VALUES ('STB_71', 'brand_starbucks', '01ARZ3NDEKTSV4RRFFQ69G5FAV', 'free', 'STB_OFFICIAL_71', 'starbucks_official', 'スターバックス コーヒー 吉祥寺東急店', '東京都 武蔵野市 吉祥寺本町2-3-1 東急百貨店吉祥寺店 1F', 35.7052854498, 139.577720686, 1);
INSERT OR REPLACE INTO service_category_rel (service_id, category_id) VALUES ('STB_71', 'cat_cafe');
INSERT OR REPLACE INTO service_cafe_details (service_id, has_wifi) VALUES ('STB_71', 1);
INSERT OR REPLACE INTO services (service_id, brand_id, owner_id, plan_id, ext_place_id, ext_source, title, address, lat, lng, verification_level) VALUES ('STB_75', 'brand_starbucks', '01ARZ3NDEKTSV4RRFFQ69G5FAV', 'free', 'STB_OFFICIAL_75', 'starbucks_official', 'スターバックス コーヒー 竹橋パレスサイド店', '東京都 千代田区 一ツ橋1-1-1 竹橋パレスサイドビルディング 1F', 35.691150932, 139.757319755, 1);
INSERT OR REPLACE INTO service_category_rel (service_id, category_id) VALUES ('STB_75', 'cat_cafe');
INSERT OR REPLACE INTO service_cafe_details (service_id, has_wifi) VALUES ('STB_75', 1);
INSERT OR REPLACE INTO services (service_id, brand_id, owner_id, plan_id, ext_place_id, ext_source, title, address, lat, lng, verification_level) VALUES ('STB_77', 'brand_starbucks', '01ARZ3NDEKTSV4RRFFQ69G5FAV', 'free', 'STB_OFFICIAL_77', 'starbucks_official', 'スターバックス コーヒー 渋谷３丁目店', '東京都 渋谷区 渋谷3-11-7 第２ミネギシビル', 35.6562357101, 139.705740646, 1);
INSERT OR REPLACE INTO service_category_rel (service_id, category_id) VALUES ('STB_77', 'cat_cafe');
INSERT OR REPLACE INTO service_cafe_details (service_id, has_wifi) VALUES ('STB_77', 1);
INSERT OR REPLACE INTO services (service_id, brand_id, owner_id, plan_id, ext_place_id, ext_source, title, address, lat, lng, verification_level) VALUES ('STB_86', 'brand_starbucks', '01ARZ3NDEKTSV4RRFFQ69G5FAV', 'free', 'STB_OFFICIAL_86', 'starbucks_official', 'スターバックス コーヒー 飯田橋軽子坂店', '東京都 新宿区 揚場町2-1 軽子坂ＭＮビル 1F', 35.7018820278, 139.742639369, 1);
INSERT OR REPLACE INTO service_category_rel (service_id, category_id) VALUES ('STB_86', 'cat_cafe');
INSERT OR REPLACE INTO service_cafe_details (service_id, has_wifi) VALUES ('STB_86', 1);
INSERT OR REPLACE INTO services (service_id, brand_id, owner_id, plan_id, ext_place_id, ext_source, title, address, lat, lng, verification_level) VALUES ('STB_89', 'brand_starbucks', '01ARZ3NDEKTSV4RRFFQ69G5FAV', 'free', 'STB_OFFICIAL_89', 'starbucks_official', 'スターバックス コーヒー ヴィータモールせいせき店', '東京都 多摩市 関戸4-72 ヴィータモールせいせき1階', 35.6499676895, 139.446720779, 1);
INSERT OR REPLACE INTO service_category_rel (service_id, category_id) VALUES ('STB_89', 'cat_cafe');
INSERT OR REPLACE INTO service_cafe_details (service_id, has_wifi) VALUES ('STB_89', 1);
INSERT OR REPLACE INTO services (service_id, brand_id, owner_id, plan_id, ext_place_id, ext_source, title, address, lat, lng, verification_level) VALUES ('STB_95', 'brand_starbucks', '01ARZ3NDEKTSV4RRFFQ69G5FAV', 'free', 'STB_OFFICIAL_95', 'starbucks_official', 'スターバックス コーヒー 山王パークタワー店', '東京都 千代田区 永田町2-11-1 山王パークタワー', 35.6732661583, 139.74026755, 1);
INSERT OR REPLACE INTO service_category_rel (service_id, category_id) VALUES ('STB_95', 'cat_cafe');
INSERT OR REPLACE INTO service_cafe_details (service_id, has_wifi) VALUES ('STB_95', 1);
INSERT OR REPLACE INTO services (service_id, brand_id, owner_id, plan_id, ext_place_id, ext_source, title, address, lat, lng, verification_level) VALUES ('STB_97', 'brand_starbucks', '01ARZ3NDEKTSV4RRFFQ69G5FAV', 'free', 'STB_OFFICIAL_97', 'starbucks_official', 'スターバックス コーヒー 渋谷クロスタワー店', '東京都 渋谷区 渋谷2-15-1 渋谷クロスタワー 3F', 35.6586504431, 139.705243909, 1);
INSERT OR REPLACE INTO service_category_rel (service_id, category_id) VALUES ('STB_97', 'cat_cafe');
INSERT OR REPLACE INTO service_cafe_details (service_id, has_wifi) VALUES ('STB_97', 1);
INSERT OR REPLACE INTO services (service_id, brand_id, owner_id, plan_id, ext_place_id, ext_source, title, address, lat, lng, verification_level) VALUES ('STB_100', 'brand_starbucks', '01ARZ3NDEKTSV4RRFFQ69G5FAV', 'free', 'STB_OFFICIAL_100', 'starbucks_official', 'スターバックス コーヒー 神田小川町２丁目店', '東京都 千代田区 神田小川町2-5-5 紀陽東京ビル 1F', 35.6942154253, 139.762978588, 1);
INSERT OR REPLACE INTO service_category_rel (service_id, category_id) VALUES ('STB_100', 'cat_cafe');
INSERT OR REPLACE INTO service_cafe_details (service_id, has_wifi) VALUES ('STB_100', 1);
INSERT OR REPLACE INTO services (service_id, brand_id, owner_id, plan_id, ext_place_id, ext_source, title, address, lat, lng, verification_level) VALUES ('STB_101', 'brand_starbucks', '01ARZ3NDEKTSV4RRFFQ69G5FAV', 'free', 'STB_OFFICIAL_101', 'starbucks_official', 'スターバックス コーヒー 渋谷マークシティ店', '東京都 渋谷区 道玄坂1-12-3 渋谷マークシティ イースト 3F', 35.6586836781, 139.699818247, 1);
INSERT OR REPLACE INTO service_category_rel (service_id, category_id) VALUES ('STB_101', 'cat_cafe');
INSERT OR REPLACE INTO service_cafe_details (service_id, has_wifi) VALUES ('STB_101', 1);
INSERT OR REPLACE INTO services (service_id, brand_id, owner_id, plan_id, ext_place_id, ext_source, title, address, lat, lng, verification_level) VALUES ('STB_108', 'brand_starbucks', '01ARZ3NDEKTSV4RRFFQ69G5FAV', 'free', 'STB_OFFICIAL_108', 'starbucks_official', 'スターバックス コーヒー 新橋駅前店', '東京都 港区 新橋2-19-3 カシケイビル 1F', 35.6668088547, 139.759677902, 1);
INSERT OR REPLACE INTO service_category_rel (service_id, category_id) VALUES ('STB_108', 'cat_cafe');
INSERT OR REPLACE INTO service_cafe_details (service_id, has_wifi) VALUES ('STB_108', 1);
INSERT OR REPLACE INTO services (service_id, brand_id, owner_id, plan_id, ext_place_id, ext_source, title, address, lat, lng, verification_level) VALUES ('STB_111', 'brand_starbucks', '01ARZ3NDEKTSV4RRFFQ69G5FAV', 'free', 'STB_OFFICIAL_111', 'starbucks_official', 'スターバックス コーヒー 九段下店', '東京都 千代田区 九段北1-2-1 九段北1丁目ビル 1F', 35.6958211773, 139.752251627, 1);
INSERT OR REPLACE INTO service_category_rel (service_id, category_id) VALUES ('STB_111', 'cat_cafe');
INSERT OR REPLACE INTO service_cafe_details (service_id, has_wifi) VALUES ('STB_111', 1);
INSERT OR REPLACE INTO services (service_id, brand_id, owner_id, plan_id, ext_place_id, ext_source, title, address, lat, lng, verification_level) VALUES ('STB_114', 'brand_starbucks', '01ARZ3NDEKTSV4RRFFQ69G5FAV', 'free', 'STB_OFFICIAL_114', 'starbucks_official', 'スターバックス コーヒー 渋谷公園通り店', '東京都 渋谷区 神南1-7-5 渋谷公園通りＪＮビル 1F', 35.6640369839, 139.699217495, 1);
INSERT OR REPLACE INTO service_category_rel (service_id, category_id) VALUES ('STB_114', 'cat_cafe');
INSERT OR REPLACE INTO service_cafe_details (service_id, has_wifi) VALUES ('STB_114', 1);
INSERT OR REPLACE INTO services (service_id, brand_id, owner_id, plan_id, ext_place_id, ext_source, title, address, lat, lng, verification_level) VALUES ('STB_115', 'brand_starbucks', '01ARZ3NDEKTSV4RRFFQ69G5FAV', 'free', 'STB_OFFICIAL_115', 'starbucks_official', 'スターバックス コーヒー ＫＤＤＩ大手町ビル店', '東京都 千代田区 大手町1-8-1 ＫＤＤＩ大手町ビル 1F', 35.6877067028, 139.764454321, 1);
INSERT OR REPLACE INTO service_category_rel (service_id, category_id) VALUES ('STB_115', 'cat_cafe');
INSERT OR REPLACE INTO service_cafe_details (service_id, has_wifi) VALUES ('STB_115', 1);
INSERT OR REPLACE INTO services (service_id, brand_id, owner_id, plan_id, ext_place_id, ext_source, title, address, lat, lng, verification_level) VALUES ('STB_118', 'brand_starbucks', '01ARZ3NDEKTSV4RRFFQ69G5FAV', 'free', 'STB_OFFICIAL_118', 'starbucks_official', 'スターバックス コーヒー ビーンズ赤羽店', '東京都 北区 赤羽1-1-1 ビーンズ赤羽', 35.778400948, 139.720008836, 1);
INSERT OR REPLACE INTO service_category_rel (service_id, category_id) VALUES ('STB_118', 'cat_cafe');
INSERT OR REPLACE INTO service_cafe_details (service_id, has_wifi) VALUES ('STB_118', 1);
INSERT OR REPLACE INTO services (service_id, brand_id, owner_id, plan_id, ext_place_id, ext_source, title, address, lat, lng, verification_level) VALUES ('STB_125', 'brand_starbucks', '01ARZ3NDEKTSV4RRFFQ69G5FAV', 'free', 'STB_OFFICIAL_125', 'starbucks_official', 'スターバックス コーヒー 恵比寿ユニオンビル店', '東京都 渋谷区 恵比寿南1-2-10 エビス ユニオンビル １F', 35.6460482244, 139.707786778, 1);
INSERT OR REPLACE INTO service_category_rel (service_id, category_id) VALUES ('STB_125', 'cat_cafe');
INSERT OR REPLACE INTO service_cafe_details (service_id, has_wifi) VALUES ('STB_125', 1);
INSERT OR REPLACE INTO services (service_id, brand_id, owner_id, plan_id, ext_place_id, ext_source, title, address, lat, lng, verification_level) VALUES ('STB_130', 'brand_starbucks', '01ARZ3NDEKTSV4RRFFQ69G5FAV', 'free', 'STB_OFFICIAL_130', 'starbucks_official', 'スターバックス コーヒー 新宿マインズタワー店', '東京都 渋谷区 代々木2-1-1 新宿マインズタワー 1F', 35.6865862317, 139.698815379, 1);
INSERT OR REPLACE INTO service_category_rel (service_id, category_id) VALUES ('STB_130', 'cat_cafe');
INSERT OR REPLACE INTO service_cafe_details (service_id, has_wifi) VALUES ('STB_130', 1);
INSERT OR REPLACE INTO services (service_id, brand_id, owner_id, plan_id, ext_place_id, ext_source, title, address, lat, lng, verification_level) VALUES ('STB_134', 'brand_starbucks', '01ARZ3NDEKTSV4RRFFQ69G5FAV', 'free', 'STB_OFFICIAL_134', 'starbucks_official', 'スターバックス コーヒー 六本木７丁目店', '東京都 港区 六本木7-14-1 東李閣ビル 1F', 35.6640147666, 139.73116401, 1);
INSERT OR REPLACE INTO service_category_rel (service_id, category_id) VALUES ('STB_134', 'cat_cafe');
INSERT OR REPLACE INTO service_cafe_details (service_id, has_wifi) VALUES ('STB_134', 1);
INSERT OR REPLACE INTO services (service_id, brand_id, owner_id, plan_id, ext_place_id, ext_source, title, address, lat, lng, verification_level) VALUES ('STB_135', 'brand_starbucks', '01ARZ3NDEKTSV4RRFFQ69G5FAV', 'free', 'STB_OFFICIAL_135', 'starbucks_official', 'スターバックス コーヒー イオン板橋店', '東京都 板橋区 徳丸2-6-1 イオン板橋', 35.7696153032, 139.661102743, 1);
INSERT OR REPLACE INTO service_category_rel (service_id, category_id) VALUES ('STB_135', 'cat_cafe');
INSERT OR REPLACE INTO service_cafe_details (service_id, has_wifi) VALUES ('STB_135', 1);
INSERT OR REPLACE INTO services (service_id, brand_id, owner_id, plan_id, ext_place_id, ext_source, title, address, lat, lng, verification_level) VALUES ('STB_142', 'brand_starbucks', '01ARZ3NDEKTSV4RRFFQ69G5FAV', 'free', 'STB_OFFICIAL_142', 'starbucks_official', 'スターバックス コーヒー 赤坂見附店', '東京都 港区 赤坂3-21-20 赤坂ロングビーチビル 1F', 35.6772512074, 139.735675525, 1);
INSERT OR REPLACE INTO service_category_rel (service_id, category_id) VALUES ('STB_142', 'cat_cafe');
INSERT OR REPLACE INTO service_cafe_details (service_id, has_wifi) VALUES ('STB_142', 1);
INSERT OR REPLACE INTO services (service_id, brand_id, owner_id, plan_id, ext_place_id, ext_source, title, address, lat, lng, verification_level) VALUES ('STB_143', 'brand_starbucks', '01ARZ3NDEKTSV4RRFFQ69G5FAV', 'free', 'STB_OFFICIAL_143', 'starbucks_official', 'スターバックス コーヒー 仙川駅前店', '東京都 調布市 仙川町1-49-2 パール仙川 1F', 35.6613838978, 139.585804258, 1);
INSERT OR REPLACE INTO service_category_rel (service_id, category_id) VALUES ('STB_143', 'cat_cafe');
INSERT OR REPLACE INTO service_cafe_details (service_id, has_wifi) VALUES ('STB_143', 1);
INSERT OR REPLACE INTO services (service_id, brand_id, owner_id, plan_id, ext_place_id, ext_source, title, address, lat, lng, verification_level) VALUES ('STB_152', 'brand_starbucks', '01ARZ3NDEKTSV4RRFFQ69G5FAV', 'free', 'STB_OFFICIAL_152', 'starbucks_official', 'スターバックス コーヒー 水道橋後楽森ビル店', '東京都 文京区 後楽1-4-14 後楽森ビル 1F', 35.7034761462, 139.749637603, 1);
INSERT OR REPLACE INTO service_category_rel (service_id, category_id) VALUES ('STB_152', 'cat_cafe');
INSERT OR REPLACE INTO service_cafe_details (service_id, has_wifi) VALUES ('STB_152', 1);
INSERT OR REPLACE INTO services (service_id, brand_id, owner_id, plan_id, ext_place_id, ext_source, title, address, lat, lng, verification_level) VALUES ('STB_156', 'brand_starbucks', '01ARZ3NDEKTSV4RRFFQ69G5FAV', 'free', 'STB_OFFICIAL_156', 'starbucks_official', 'スターバックス コーヒー 自由が丘駅前店', '東京都 目黒区 自由が丘1-11-6 YG自由が丘ビル 1F', 35.607888577, 139.669236459, 1);
INSERT OR REPLACE INTO service_category_rel (service_id, category_id) VALUES ('STB_156', 'cat_cafe');
INSERT OR REPLACE INTO service_cafe_details (service_id, has_wifi) VALUES ('STB_156', 1);
INSERT OR REPLACE INTO services (service_id, brand_id, owner_id, plan_id, ext_place_id, ext_source, title, address, lat, lng, verification_level) VALUES ('STB_173', 'brand_starbucks', '01ARZ3NDEKTSV4RRFFQ69G5FAV', 'free', 'STB_OFFICIAL_173', 'starbucks_official', 'スターバックス コーヒー 高田馬場早稲田通り店', '東京都 新宿区 高田馬場1-25-32 １０８ビル 1F', 35.712238347, 139.706649658, 1);
INSERT OR REPLACE INTO service_category_rel (service_id, category_id) VALUES ('STB_173', 'cat_cafe');
INSERT OR REPLACE INTO service_cafe_details (service_id, has_wifi) VALUES ('STB_173', 1);
INSERT OR REPLACE INTO services (service_id, brand_id, owner_id, plan_id, ext_place_id, ext_source, title, address, lat, lng, verification_level) VALUES ('STB_175', 'brand_starbucks', '01ARZ3NDEKTSV4RRFFQ69G5FAV', 'free', 'STB_OFFICIAL_175', 'starbucks_official', 'スターバックス コーヒー アトレ亀戸店', '東京都 江東区 亀戸5-1-1 アトレ亀戸 1F', 35.69767061, 139.826515374, 1);
INSERT OR REPLACE INTO service_category_rel (service_id, category_id) VALUES ('STB_175', 'cat_cafe');
INSERT OR REPLACE INTO service_cafe_details (service_id, has_wifi) VALUES ('STB_175', 1);
INSERT OR REPLACE INTO services (service_id, brand_id, owner_id, plan_id, ext_place_id, ext_source, title, address, lat, lng, verification_level) VALUES ('STB_179', 'brand_starbucks', '01ARZ3NDEKTSV4RRFFQ69G5FAV', 'free', 'STB_OFFICIAL_179', 'starbucks_official', 'スターバックス コーヒー 木場イトーヨーカドー店', '東京都 江東区 木場1-5-30 イトーヨーカドー木場店 1F', 35.6668249063, 139.804076992, 1);
INSERT OR REPLACE INTO service_category_rel (service_id, category_id) VALUES ('STB_179', 'cat_cafe');
INSERT OR REPLACE INTO service_cafe_details (service_id, has_wifi) VALUES ('STB_179', 1);
INSERT OR REPLACE INTO services (service_id, brand_id, owner_id, plan_id, ext_place_id, ext_source, title, address, lat, lng, verification_level) VALUES ('STB_182', 'brand_starbucks', '01ARZ3NDEKTSV4RRFFQ69G5FAV', 'free', 'STB_OFFICIAL_182', 'starbucks_official', 'スターバックス コーヒー 南池袋店', '東京都 豊島区 南池袋2-16-4 ＳＫビル', 35.7270543625, 139.712384611, 1);
INSERT OR REPLACE INTO service_category_rel (service_id, category_id) VALUES ('STB_182', 'cat_cafe');
INSERT OR REPLACE INTO service_cafe_details (service_id, has_wifi) VALUES ('STB_182', 1);
INSERT OR REPLACE INTO services (service_id, brand_id, owner_id, plan_id, ext_place_id, ext_source, title, address, lat, lng, verification_level) VALUES ('STB_185', 'brand_starbucks', '01ARZ3NDEKTSV4RRFFQ69G5FAV', 'free', 'STB_OFFICIAL_185', 'starbucks_official', 'スターバックス コーヒー イオン南砂店', '東京都 江東区 南砂6-7-15 イオン南砂店 1F', 35.6721207229, 139.835549134, 1);
INSERT OR REPLACE INTO service_category_rel (service_id, category_id) VALUES ('STB_185', 'cat_cafe');
INSERT OR REPLACE INTO service_cafe_details (service_id, has_wifi) VALUES ('STB_185', 1);
INSERT OR REPLACE INTO services (service_id, brand_id, owner_id, plan_id, ext_place_id, ext_source, title, address, lat, lng, verification_level) VALUES ('STB_191', 'brand_starbucks', '01ARZ3NDEKTSV4RRFFQ69G5FAV', 'free', 'STB_OFFICIAL_191', 'starbucks_official', 'スターバックス コーヒー 王子駅前店', '東京都 北区 王子1-9-5 京徳ビル 1F', 35.7541158005, 139.737784033, 1);
INSERT OR REPLACE INTO service_category_rel (service_id, category_id) VALUES ('STB_191', 'cat_cafe');
INSERT OR REPLACE INTO service_cafe_details (service_id, has_wifi) VALUES ('STB_191', 1);
INSERT OR REPLACE INTO services (service_id, brand_id, owner_id, plan_id, ext_place_id, ext_source, title, address, lat, lng, verification_level) VALUES ('STB_195', 'brand_starbucks', '01ARZ3NDEKTSV4RRFFQ69G5FAV', 'free', 'STB_OFFICIAL_195', 'starbucks_official', 'スターバックス コーヒー 立川伊勢丹店', '東京都 立川市 曙町2-5-1 伊勢丹立川店 1F', 35.6993029398, 139.413295728, 1);
INSERT OR REPLACE INTO service_category_rel (service_id, category_id) VALUES ('STB_195', 'cat_cafe');
INSERT OR REPLACE INTO service_cafe_details (service_id, has_wifi) VALUES ('STB_195', 0);
INSERT OR REPLACE INTO services (service_id, brand_id, owner_id, plan_id, ext_place_id, ext_source, title, address, lat, lng, verification_level) VALUES ('STB_197', 'brand_starbucks', '01ARZ3NDEKTSV4RRFFQ69G5FAV', 'free', 'STB_OFFICIAL_197', 'starbucks_official', 'スターバックス コーヒー スターバックス リザーブ(R) ストア 銀座マロニエ通り', '東京都 中央区 銀座3-7-3 銀座オーミビル 1F', 35.6722734089, 139.767621435, 1);
INSERT OR REPLACE INTO service_category_rel (service_id, category_id) VALUES ('STB_197', 'cat_cafe');
INSERT OR REPLACE INTO service_cafe_details (service_id, has_wifi) VALUES ('STB_197', 1);
INSERT OR REPLACE INTO services (service_id, brand_id, owner_id, plan_id, ext_place_id, ext_source, title, address, lat, lng, verification_level) VALUES ('STB_200', 'brand_starbucks', '01ARZ3NDEKTSV4RRFFQ69G5FAV', 'free', 'STB_OFFICIAL_200', 'starbucks_official', 'スターバックス コーヒー 武蔵境イトーヨーカドー店', '東京都 武蔵野市 境南町2-3-6 イトーヨーカドー武蔵境店西館', 35.7011775351, 139.544726949, 1);
INSERT OR REPLACE INTO service_category_rel (service_id, category_id) VALUES ('STB_200', 'cat_cafe');
INSERT OR REPLACE INTO service_cafe_details (service_id, has_wifi) VALUES ('STB_200', 1);
INSERT OR REPLACE INTO services (service_id, brand_id, owner_id, plan_id, ext_place_id, ext_source, title, address, lat, lng, verification_level) VALUES ('STB_202', 'brand_starbucks', '01ARZ3NDEKTSV4RRFFQ69G5FAV', 'free', 'STB_OFFICIAL_202', 'starbucks_official', 'スターバックス コーヒー 赤坂溜池タワー店', '東京都 港区 赤坂2-17-1 赤坂溜池タワー', 35.6712510784, 139.739256893, 1);
INSERT OR REPLACE INTO service_category_rel (service_id, category_id) VALUES ('STB_202', 'cat_cafe');
INSERT OR REPLACE INTO service_cafe_details (service_id, has_wifi) VALUES ('STB_202', 1);
INSERT OR REPLACE INTO services (service_id, brand_id, owner_id, plan_id, ext_place_id, ext_source, title, address, lat, lng, verification_level) VALUES ('STB_203', 'brand_starbucks', '01ARZ3NDEKTSV4RRFFQ69G5FAV', 'free', 'STB_OFFICIAL_203', 'starbucks_official', 'スターバックス コーヒー 浅草雷門通り店', '東京都 台東区 雷門2-16-7 グランコピエ浅草雷門', 35.7108678112, 139.794803789, 1);
INSERT OR REPLACE INTO service_category_rel (service_id, category_id) VALUES ('STB_203', 'cat_cafe');
INSERT OR REPLACE INTO service_cafe_details (service_id, has_wifi) VALUES ('STB_203', 1);
INSERT OR REPLACE INTO services (service_id, brand_id, owner_id, plan_id, ext_place_id, ext_source, title, address, lat, lng, verification_level) VALUES ('STB_204', 'brand_starbucks', '01ARZ3NDEKTSV4RRFFQ69G5FAV', 'free', 'STB_OFFICIAL_204', 'starbucks_official', 'スターバックス コーヒー 新宿南口店', '東京都 渋谷区 代々木2-13-8 エスト新宿ビル', 35.6871547443, 139.696655532, 1);
INSERT OR REPLACE INTO service_category_rel (service_id, category_id) VALUES ('STB_204', 'cat_cafe');
INSERT OR REPLACE INTO service_cafe_details (service_id, has_wifi) VALUES ('STB_204', 1);
INSERT OR REPLACE INTO services (service_id, brand_id, owner_id, plan_id, ext_place_id, ext_source, title, address, lat, lng, verification_level) VALUES ('STB_214', 'brand_starbucks', '01ARZ3NDEKTSV4RRFFQ69G5FAV', 'free', 'STB_OFFICIAL_214', 'starbucks_official', 'スターバックス コーヒー 新宿ダイアンビル店', '東京都 新宿区 新宿3-36-6 大安ビル 1F', 35.6902886658, 139.701812182, 1);
INSERT OR REPLACE INTO service_category_rel (service_id, category_id) VALUES ('STB_214', 'cat_cafe');
INSERT OR REPLACE INTO service_cafe_details (service_id, has_wifi) VALUES ('STB_214', 1);
INSERT OR REPLACE INTO services (service_id, brand_id, owner_id, plan_id, ext_place_id, ext_source, title, address, lat, lng, verification_level) VALUES ('STB_218', 'brand_starbucks', '01ARZ3NDEKTSV4RRFFQ69G5FAV', 'free', 'STB_OFFICIAL_218', 'starbucks_official', 'スターバックス コーヒー 豊洲センタービル店', '東京都 江東区 豊洲3-3-3 豊洲センタービル 1F', 35.6559367694, 139.796359801, 1);
INSERT OR REPLACE INTO service_category_rel (service_id, category_id) VALUES ('STB_218', 'cat_cafe');
INSERT OR REPLACE INTO service_cafe_details (service_id, has_wifi) VALUES ('STB_218', 1);
INSERT OR REPLACE INTO services (service_id, brand_id, owner_id, plan_id, ext_place_id, ext_source, title, address, lat, lng, verification_level) VALUES ('STB_222', 'brand_starbucks', '01ARZ3NDEKTSV4RRFFQ69G5FAV', 'free', 'STB_OFFICIAL_222', 'starbucks_official', 'スターバックス コーヒー 天王洲店', '東京都 品川区 東品川2-2-4 天王洲ファーストタワー', 35.6233966471, 139.749127999, 1);
INSERT OR REPLACE INTO service_category_rel (service_id, category_id) VALUES ('STB_222', 'cat_cafe');
INSERT OR REPLACE INTO service_cafe_details (service_id, has_wifi) VALUES ('STB_222', 1);
INSERT OR REPLACE INTO services (service_id, brand_id, owner_id, plan_id, ext_place_id, ext_source, title, address, lat, lng, verification_level) VALUES ('STB_224', 'brand_starbucks', '01ARZ3NDEKTSV4RRFFQ69G5FAV', 'free', 'STB_OFFICIAL_224', 'starbucks_official', 'スターバックス コーヒー 丸の内新東京ビル店', '東京都 千代田区 丸の内3-3-1 丸の内新東京ビル', 35.6774605449, 139.762643832, 1);
INSERT OR REPLACE INTO service_category_rel (service_id, category_id) VALUES ('STB_224', 'cat_cafe');
INSERT OR REPLACE INTO service_cafe_details (service_id, has_wifi) VALUES ('STB_224', 1);
INSERT OR REPLACE INTO services (service_id, brand_id, owner_id, plan_id, ext_place_id, ext_source, title, address, lat, lng, verification_level) VALUES ('STB_227', 'brand_starbucks', '01ARZ3NDEKTSV4RRFFQ69G5FAV', 'free', 'STB_OFFICIAL_227', 'starbucks_official', 'スターバックス コーヒー 神田駅前店', '東京都 千代田区 神田鍛冶町3-2 神田サンミビル', 35.6933484411, 139.771295437, 1);
INSERT OR REPLACE INTO service_category_rel (service_id, category_id) VALUES ('STB_227', 'cat_cafe');
INSERT OR REPLACE INTO service_cafe_details (service_id, has_wifi) VALUES ('STB_227', 1);
INSERT OR REPLACE INTO services (service_id, brand_id, owner_id, plan_id, ext_place_id, ext_source, title, address, lat, lng, verification_level) VALUES ('STB_229', 'brand_starbucks', '01ARZ3NDEKTSV4RRFFQ69G5FAV', 'free', 'STB_OFFICIAL_229', 'starbucks_official', 'スターバックス コーヒー 中野通り店', '東京都 中野区 中野5-64-5 中野サンピオーネビル 1F', 35.7068390381, 139.665442218, 1);
INSERT OR REPLACE INTO service_category_rel (service_id, category_id) VALUES ('STB_229', 'cat_cafe');
INSERT OR REPLACE INTO service_cafe_details (service_id, has_wifi) VALUES ('STB_229', 1);
INSERT OR REPLACE INTO services (service_id, brand_id, owner_id, plan_id, ext_place_id, ext_source, title, address, lat, lng, verification_level) VALUES ('STB_232', 'brand_starbucks', '01ARZ3NDEKTSV4RRFFQ69G5FAV', 'free', 'STB_OFFICIAL_232', 'starbucks_official', 'スターバックス コーヒー 上野マルイ店', '東京都 台東区 上野6-15-1 上野マルイ店 B1F', 35.7111774489, 139.775959784, 1);
INSERT OR REPLACE INTO service_category_rel (service_id, category_id) VALUES ('STB_232', 'cat_cafe');
INSERT OR REPLACE INTO service_cafe_details (service_id, has_wifi) VALUES ('STB_232', 1);
INSERT OR REPLACE INTO services (service_id, brand_id, owner_id, plan_id, ext_place_id, ext_source, title, address, lat, lng, verification_level) VALUES ('STB_235', 'brand_starbucks', '01ARZ3NDEKTSV4RRFFQ69G5FAV', 'free', 'STB_OFFICIAL_235', 'starbucks_official', 'スターバックス コーヒー 新宿グリーンタワービル店', '東京都 新宿区 西新宿6-14-1 新宿グリーンタワー', 35.6922521317, 139.68961866, 1);
INSERT OR REPLACE INTO service_category_rel (service_id, category_id) VALUES ('STB_235', 'cat_cafe');
INSERT OR REPLACE INTO service_cafe_details (service_id, has_wifi) VALUES ('STB_235', 1);
INSERT OR REPLACE INTO services (service_id, brand_id, owner_id, plan_id, ext_place_id, ext_source, title, address, lat, lng, verification_level) VALUES ('STB_249', 'brand_starbucks', '01ARZ3NDEKTSV4RRFFQ69G5FAV', 'free', 'STB_OFFICIAL_249', 'starbucks_official', 'スターバックス コーヒー 愛宕グリーンヒルズ店', '東京都 港区 愛宕2-5-1 ＭＯＲＩ タワー（愛宕グリーンヒルズ）', 35.6619194655, 139.748803752, 1);
INSERT OR REPLACE INTO service_category_rel (service_id, category_id) VALUES ('STB_249', 'cat_cafe');
INSERT OR REPLACE INTO service_cafe_details (service_id, has_wifi) VALUES ('STB_249', 1);
INSERT OR REPLACE INTO services (service_id, brand_id, owner_id, plan_id, ext_place_id, ext_source, title, address, lat, lng, verification_level) VALUES ('STB_250', 'brand_starbucks', '01ARZ3NDEKTSV4RRFFQ69G5FAV', 'free', 'STB_OFFICIAL_250', 'starbucks_official', 'スターバックス コーヒー 中目黒山手通り店', '東京都 目黒区 上目黒3-1-3 プライムアーバン中目黒Ⅱ', 35.6453156254, 139.697634044, 1);
INSERT OR REPLACE INTO service_category_rel (service_id, category_id) VALUES ('STB_250', 'cat_cafe');
INSERT OR REPLACE INTO service_cafe_details (service_id, has_wifi) VALUES ('STB_250', 1);
INSERT OR REPLACE INTO services (service_id, brand_id, owner_id, plan_id, ext_place_id, ext_source, title, address, lat, lng, verification_level) VALUES ('STB_264', 'brand_starbucks', '01ARZ3NDEKTSV4RRFFQ69G5FAV', 'free', 'STB_OFFICIAL_264', 'starbucks_official', 'スターバックス コーヒー 金町駅南口店', '東京都 葛飾区 金町6-4-2 ラヴィクレール金町', 35.7691470947, 139.872115241, 1);
INSERT OR REPLACE INTO service_category_rel (service_id, category_id) VALUES ('STB_264', 'cat_cafe');
INSERT OR REPLACE INTO service_cafe_details (service_id, has_wifi) VALUES ('STB_264', 1);
INSERT OR REPLACE INTO services (service_id, brand_id, owner_id, plan_id, ext_place_id, ext_source, title, address, lat, lng, verification_level) VALUES ('STB_276', 'brand_starbucks', '01ARZ3NDEKTSV4RRFFQ69G5FAV', 'free', 'STB_OFFICIAL_276', 'starbucks_official', 'スターバックス コーヒー 晴海 トリトンスクエア店', '東京都 中央区 晴海1-8-10 晴海アイランド トリトンスクエア オフィスタワーX', 35.6564556309, 139.782066797, 1);
INSERT OR REPLACE INTO service_category_rel (service_id, category_id) VALUES ('STB_276', 'cat_cafe');
INSERT OR REPLACE INTO service_cafe_details (service_id, has_wifi) VALUES ('STB_276', 1);
INSERT OR REPLACE INTO services (service_id, brand_id, owner_id, plan_id, ext_place_id, ext_source, title, address, lat, lng, verification_level) VALUES ('STB_299', 'brand_starbucks', '01ARZ3NDEKTSV4RRFFQ69G5FAV', 'free', 'STB_OFFICIAL_299', 'starbucks_official', 'スターバックス コーヒー 浅草駅前店', '東京都 台東区 花川戸1-5-1', 35.7119741377, 139.79800875, 1);
INSERT OR REPLACE INTO service_category_rel (service_id, category_id) VALUES ('STB_299', 'cat_cafe');
INSERT OR REPLACE INTO service_cafe_details (service_id, has_wifi) VALUES ('STB_299', 1);
INSERT OR REPLACE INTO services (service_id, brand_id, owner_id, plan_id, ext_place_id, ext_source, title, address, lat, lng, verification_level) VALUES ('STB_301', 'brand_starbucks', '01ARZ3NDEKTSV4RRFFQ69G5FAV', 'free', 'STB_OFFICIAL_301', 'starbucks_official', 'スターバックス コーヒー 御徒町春日通り店', '東京都 台東区 上野6-2-1 ヨシダビル', 35.7078641865, 139.775632742, 1);
INSERT OR REPLACE INTO service_category_rel (service_id, category_id) VALUES ('STB_301', 'cat_cafe');
INSERT OR REPLACE INTO service_cafe_details (service_id, has_wifi) VALUES ('STB_301', 1);
INSERT OR REPLACE INTO services (service_id, brand_id, owner_id, plan_id, ext_place_id, ext_source, title, address, lat, lng, verification_level) VALUES ('STB_323', 'brand_starbucks', '01ARZ3NDEKTSV4RRFFQ69G5FAV', 'free', 'STB_OFFICIAL_323', 'starbucks_official', 'スターバックス コーヒー 新宿新南口店', '東京都 新宿区 新宿4-1-9 新宿ユースビル 1F', 35.6888554975, 139.702481637, 1);
INSERT OR REPLACE INTO service_category_rel (service_id, category_id) VALUES ('STB_323', 'cat_cafe');
INSERT OR REPLACE INTO service_cafe_details (service_id, has_wifi) VALUES ('STB_323', 1);
INSERT OR REPLACE INTO services (service_id, brand_id, owner_id, plan_id, ext_place_id, ext_source, title, address, lat, lng, verification_level) VALUES ('STB_327', 'brand_starbucks', '01ARZ3NDEKTSV4RRFFQ69G5FAV', 'free', 'STB_OFFICIAL_327', 'starbucks_official', 'スターバックス コーヒー スターバックス ティー＆カフェ 池袋サンシャインシティ アルパ2階店', '東京都 豊島区 東池袋3-1-1 サンシャインシティ アルパ 2階', 35.7298180548, 139.718056513, 1);
INSERT OR REPLACE INTO service_category_rel (service_id, category_id) VALUES ('STB_327', 'cat_cafe');
INSERT OR REPLACE INTO service_cafe_details (service_id, has_wifi) VALUES ('STB_327', 1);
INSERT OR REPLACE INTO services (service_id, brand_id, owner_id, plan_id, ext_place_id, ext_source, title, address, lat, lng, verification_level) VALUES ('STB_338', 'brand_starbucks', '01ARZ3NDEKTSV4RRFFQ69G5FAV', 'free', 'STB_OFFICIAL_338', 'starbucks_official', 'スターバックス コーヒー アトレ上野店', '東京都 台東区 上野7-1-1 アトレ上野 1F', 35.7119376374, 139.775500065, 1);
INSERT OR REPLACE INTO service_category_rel (service_id, category_id) VALUES ('STB_338', 'cat_cafe');
INSERT OR REPLACE INTO service_cafe_details (service_id, has_wifi) VALUES ('STB_338', 1);
INSERT OR REPLACE INTO services (service_id, brand_id, owner_id, plan_id, ext_place_id, ext_source, title, address, lat, lng, verification_level) VALUES ('STB_339', 'brand_starbucks', '01ARZ3NDEKTSV4RRFFQ69G5FAV', 'free', 'STB_OFFICIAL_339', 'starbucks_official', 'スターバックス コーヒー 飯田橋メトロピア店', '東京都 新宿区 神楽坂1-13 南北線飯田橋駅構内', 35.7019753734, 139.74391287, 1);
INSERT OR REPLACE INTO service_category_rel (service_id, category_id) VALUES ('STB_339', 'cat_cafe');
INSERT OR REPLACE INTO service_cafe_details (service_id, has_wifi) VALUES ('STB_339', 1);
INSERT OR REPLACE INTO services (service_id, brand_id, owner_id, plan_id, ext_place_id, ext_source, title, address, lat, lng, verification_level) VALUES ('STB_341', 'brand_starbucks', '01ARZ3NDEKTSV4RRFFQ69G5FAV', 'free', 'STB_OFFICIAL_341', 'starbucks_official', 'スターバックス コーヒー 吉祥寺駅前店', '東京都 武蔵野市 吉祥寺本町1-15-9 吉祥寺岩崎ビル', 35.7039948028, 139.580488849, 1);
INSERT OR REPLACE INTO service_category_rel (service_id, category_id) VALUES ('STB_341', 'cat_cafe');
INSERT OR REPLACE INTO service_cafe_details (service_id, has_wifi) VALUES ('STB_341', 1);
INSERT OR REPLACE INTO services (service_id, brand_id, owner_id, plan_id, ext_place_id, ext_source, title, address, lat, lng, verification_level) VALUES ('STB_346', 'brand_starbucks', '01ARZ3NDEKTSV4RRFFQ69G5FAV', 'free', 'STB_OFFICIAL_346', 'starbucks_official', 'スターバックス コーヒー 大手町東京サンケイビル店', '東京都 千代田区 大手町1-7-2 東京サンケイビル B1階', 35.6871056713, 139.765331498, 1);
INSERT OR REPLACE INTO service_category_rel (service_id, category_id) VALUES ('STB_346', 'cat_cafe');
INSERT OR REPLACE INTO service_cafe_details (service_id, has_wifi) VALUES ('STB_346', 1);
INSERT OR REPLACE INTO services (service_id, brand_id, owner_id, plan_id, ext_place_id, ext_source, title, address, lat, lng, verification_level) VALUES ('STB_347', 'brand_starbucks', '01ARZ3NDEKTSV4RRFFQ69G5FAV', 'free', 'STB_OFFICIAL_347', 'starbucks_official', 'スターバックス コーヒー 錦糸町 丸井店', '東京都 墨田区 江東橋3-9-10 丸井 錦糸町店', 35.6950539986, 139.813652674, 1);
INSERT OR REPLACE INTO service_category_rel (service_id, category_id) VALUES ('STB_347', 'cat_cafe');
INSERT OR REPLACE INTO service_cafe_details (service_id, has_wifi) VALUES ('STB_347', 1);
INSERT OR REPLACE INTO services (service_id, brand_id, owner_id, plan_id, ext_place_id, ext_source, title, address, lat, lng, verification_level) VALUES ('STB_357', 'brand_starbucks', '01ARZ3NDEKTSV4RRFFQ69G5FAV', 'free', 'STB_OFFICIAL_357', 'starbucks_official', 'スターバックス コーヒー 茅場町店', '東京都 中央区 日本橋茅場町1-12-2 樋口本店ビル 1F', 35.6794078752, 139.780753349, 1);
INSERT OR REPLACE INTO service_category_rel (service_id, category_id) VALUES ('STB_357', 'cat_cafe');
INSERT OR REPLACE INTO service_cafe_details (service_id, has_wifi) VALUES ('STB_357', 1);
INSERT OR REPLACE INTO services (service_id, brand_id, owner_id, plan_id, ext_place_id, ext_source, title, address, lat, lng, verification_level) VALUES ('STB_359', 'brand_starbucks', '01ARZ3NDEKTSV4RRFFQ69G5FAV', 'free', 'STB_OFFICIAL_359', 'starbucks_official', 'スターバックス コーヒー 中目黒GTタワー店', '東京都 目黒区 上目黒2-1-1 中目黒ゲートタウンタワー B1F', 35.6435002915, 139.699204831, 1);
INSERT OR REPLACE INTO service_category_rel (service_id, category_id) VALUES ('STB_359', 'cat_cafe');
INSERT OR REPLACE INTO service_cafe_details (service_id, has_wifi) VALUES ('STB_359', 1);
INSERT OR REPLACE INTO services (service_id, brand_id, owner_id, plan_id, ext_place_id, ext_source, title, address, lat, lng, verification_level) VALUES ('STB_369', 'brand_starbucks', '01ARZ3NDEKTSV4RRFFQ69G5FAV', 'free', 'STB_OFFICIAL_369', 'starbucks_official', 'スターバックス コーヒー 池袋西口店', '東京都 豊島区 西池袋1-17-10 エキニア池袋', 35.7310458173, 139.708795003, 1);
INSERT OR REPLACE INTO service_category_rel (service_id, category_id) VALUES ('STB_369', 'cat_cafe');
INSERT OR REPLACE INTO service_cafe_details (service_id, has_wifi) VALUES ('STB_369', 1);
INSERT OR REPLACE INTO services (service_id, brand_id, owner_id, plan_id, ext_place_id, ext_source, title, address, lat, lng, verification_level) VALUES ('STB_370', 'brand_starbucks', '01ARZ3NDEKTSV4RRFFQ69G5FAV', 'free', 'STB_OFFICIAL_370', 'starbucks_official', 'スターバックス コーヒー ココリア多摩センター店', '東京都 多摩市 落合1-46-1 ココリア多摩センター店', 35.6228138294, 139.425216871, 1);
INSERT OR REPLACE INTO service_category_rel (service_id, category_id) VALUES ('STB_370', 'cat_cafe');
INSERT OR REPLACE INTO service_cafe_details (service_id, has_wifi) VALUES ('STB_370', 1);
INSERT OR REPLACE INTO services (service_id, brand_id, owner_id, plan_id, ext_place_id, ext_source, title, address, lat, lng, verification_level) VALUES ('STB_371', 'brand_starbucks', '01ARZ3NDEKTSV4RRFFQ69G5FAV', 'free', 'STB_OFFICIAL_371', 'starbucks_official', 'スターバックス コーヒー 丸の内ビル店', '東京都 千代田区 丸の内2-4-1 丸の内ビルディング', 35.6810021351, 139.764045774, 1);
INSERT OR REPLACE INTO service_category_rel (service_id, category_id) VALUES ('STB_371', 'cat_cafe');
INSERT OR REPLACE INTO service_cafe_details (service_id, has_wifi) VALUES ('STB_371', 1);
INSERT OR REPLACE INTO services (service_id, brand_id, owner_id, plan_id, ext_place_id, ext_source, title, address, lat, lng, verification_level) VALUES ('STB_387', 'brand_starbucks', '01ARZ3NDEKTSV4RRFFQ69G5FAV', 'free', 'STB_OFFICIAL_387', 'starbucks_official', 'スターバックス コーヒー 大泉学園ゆめりあフェンテ店', '東京都 練馬区 東大泉5-43-1 ゆめりあフェンテ', 35.7494880916, 139.586167116, 1);
INSERT OR REPLACE INTO service_category_rel (service_id, category_id) VALUES ('STB_387', 'cat_cafe');
INSERT OR REPLACE INTO service_cafe_details (service_id, has_wifi) VALUES ('STB_387', 1);
INSERT OR REPLACE INTO services (service_id, brand_id, owner_id, plan_id, ext_place_id, ext_source, title, address, lat, lng, verification_level) VALUES ('STB_410', 'brand_starbucks', '01ARZ3NDEKTSV4RRFFQ69G5FAV', 'free', 'STB_OFFICIAL_410', 'starbucks_official', 'スターバックス コーヒー 南青山骨董通り店', '東京都 港区 南青山5-4-27 Barbizon104', 35.6614197519, 139.714434685, 1);
INSERT OR REPLACE INTO service_category_rel (service_id, category_id) VALUES ('STB_410', 'cat_cafe');
INSERT OR REPLACE INTO service_cafe_details (service_id, has_wifi) VALUES ('STB_410', 1);
INSERT OR REPLACE INTO services (service_id, brand_id, owner_id, plan_id, ext_place_id, ext_source, title, address, lat, lng, verification_level) VALUES ('STB_422', 'brand_starbucks', '01ARZ3NDEKTSV4RRFFQ69G5FAV', 'free', 'STB_OFFICIAL_422', 'starbucks_official', 'スターバックス コーヒー 広尾店', '東京都 渋谷区 広尾5-14-5 ノースゲートビル', 35.6504041149, 139.721829578, 1);
INSERT OR REPLACE INTO service_category_rel (service_id, category_id) VALUES ('STB_422', 'cat_cafe');
INSERT OR REPLACE INTO service_cafe_details (service_id, has_wifi) VALUES ('STB_422', 1);
INSERT OR REPLACE INTO services (service_id, brand_id, owner_id, plan_id, ext_place_id, ext_source, title, address, lat, lng, verification_level) VALUES ('STB_432', 'brand_starbucks', '01ARZ3NDEKTSV4RRFFQ69G5FAV', 'free', 'STB_OFFICIAL_432', 'starbucks_official', 'スターバックス コーヒー 大手町ビル店', '東京都 千代田区 大手町1-6-1 大手町ビル', 35.6864018506, 139.764923786, 1);
INSERT OR REPLACE INTO service_category_rel (service_id, category_id) VALUES ('STB_432', 'cat_cafe');
INSERT OR REPLACE INTO service_cafe_details (service_id, has_wifi) VALUES ('STB_432', 1);
INSERT OR REPLACE INTO services (service_id, brand_id, owner_id, plan_id, ext_place_id, ext_source, title, address, lat, lng, verification_level) VALUES ('STB_434', 'brand_starbucks', '01ARZ3NDEKTSV4RRFFQ69G5FAV', 'free', 'STB_OFFICIAL_434', 'starbucks_official', 'スターバックス コーヒー 新宿エルタワー店', '東京都 新宿区 西新宿1-6-1 新宿エルタワー', 35.6922425484, 139.697513005, 1);
INSERT OR REPLACE INTO service_category_rel (service_id, category_id) VALUES ('STB_434', 'cat_cafe');
INSERT OR REPLACE INTO service_cafe_details (service_id, has_wifi) VALUES ('STB_434', 1);
INSERT OR REPLACE INTO services (service_id, brand_id, owner_id, plan_id, ext_place_id, ext_source, title, address, lat, lng, verification_level) VALUES ('STB_437', 'brand_starbucks', '01ARZ3NDEKTSV4RRFFQ69G5FAV', 'free', 'STB_OFFICIAL_437', 'starbucks_official', 'スターバックス コーヒー スターバックス ティー＆カフェ 六本木ヒルズ店', '東京都 港区 六本木6-4-1 メトロハット/ハリウッドプラザ', 35.6615941642, 139.729563143, 1);
INSERT OR REPLACE INTO service_category_rel (service_id, category_id) VALUES ('STB_437', 'cat_cafe');
INSERT OR REPLACE INTO service_cafe_details (service_id, has_wifi) VALUES ('STB_437', 1);
INSERT OR REPLACE INTO services (service_id, brand_id, owner_id, plan_id, ext_place_id, ext_source, title, address, lat, lng, verification_level) VALUES ('STB_438', 'brand_starbucks', '01ARZ3NDEKTSV4RRFFQ69G5FAV', 'free', 'STB_OFFICIAL_438', 'starbucks_official', 'スターバックス コーヒー 六本木ヒルズ ウエストウォーク店', '東京都 港区 六本木6-10-1 森タワー 2F', 35.660447052, 139.728840756, 1);
INSERT OR REPLACE INTO service_category_rel (service_id, category_id) VALUES ('STB_438', 'cat_cafe');
INSERT OR REPLACE INTO service_cafe_details (service_id, has_wifi) VALUES ('STB_438', 1);
INSERT OR REPLACE INTO services (service_id, brand_id, owner_id, plan_id, ext_place_id, ext_source, title, address, lat, lng, verification_level) VALUES ('STB_439', 'brand_starbucks', '01ARZ3NDEKTSV4RRFFQ69G5FAV', 'free', 'STB_OFFICIAL_439', 'starbucks_official', 'スターバックス コーヒー 汐留シティセンター店', '東京都 港区 東新橋1-5-2 汐留シティセンター', 35.6654981849, 139.761018406, 1);
INSERT OR REPLACE INTO service_category_rel (service_id, category_id) VALUES ('STB_439', 'cat_cafe');
INSERT OR REPLACE INTO service_cafe_details (service_id, has_wifi) VALUES ('STB_439', 1);
INSERT OR REPLACE INTO services (service_id, brand_id, owner_id, plan_id, ext_place_id, ext_source, title, address, lat, lng, verification_level) VALUES ('STB_443', 'brand_starbucks', '01ARZ3NDEKTSV4RRFFQ69G5FAV', 'free', 'STB_OFFICIAL_443', 'starbucks_official', 'スターバックス コーヒー ビーンズ阿佐ヶ谷駅前店', '東京都 杉並区 阿佐谷南3-58-1 ビーンズ阿佐ヶ谷ぷらす', 35.7048081797, 139.635671173, 1);
INSERT OR REPLACE INTO service_category_rel (service_id, category_id) VALUES ('STB_443', 'cat_cafe');
INSERT OR REPLACE INTO service_cafe_details (service_id, has_wifi) VALUES ('STB_443', 1);
INSERT OR REPLACE INTO services (service_id, brand_id, owner_id, plan_id, ext_place_id, ext_source, title, address, lat, lng, verification_level) VALUES ('STB_445', 'brand_starbucks', '01ARZ3NDEKTSV4RRFFQ69G5FAV', 'free', 'STB_OFFICIAL_445', 'starbucks_official', 'スターバックス コーヒー 八王子オクトーレ店', '東京都 八王子市 旭町9-1 八王子オクトーレ 1F', 35.657423338, 139.33867302, 1);
INSERT OR REPLACE INTO service_category_rel (service_id, category_id) VALUES ('STB_445', 'cat_cafe');
INSERT OR REPLACE INTO service_cafe_details (service_id, has_wifi) VALUES ('STB_445', 1);
INSERT OR REPLACE INTO services (service_id, brand_id, owner_id, plan_id, ext_place_id, ext_source, title, address, lat, lng, verification_level) VALUES ('STB_447', 'brand_starbucks', '01ARZ3NDEKTSV4RRFFQ69G5FAV', 'free', 'STB_OFFICIAL_447', 'starbucks_official', 'スターバックス コーヒー 国立店', '東京都 国立市 東1-6-21', 35.6977181431, 139.447035221, 1);
INSERT OR REPLACE INTO service_category_rel (service_id, category_id) VALUES ('STB_447', 'cat_cafe');
INSERT OR REPLACE INTO service_cafe_details (service_id, has_wifi) VALUES ('STB_447', 1);
INSERT OR REPLACE INTO services (service_id, brand_id, owner_id, plan_id, ext_place_id, ext_source, title, address, lat, lng, verification_level) VALUES ('STB_448', 'brand_starbucks', '01ARZ3NDEKTSV4RRFFQ69G5FAV', 'free', 'STB_OFFICIAL_448', 'starbucks_official', 'スターバックス コーヒー 飯田橋アイガーデンテラス店', '東京都 千代田区 飯田橋3-10-9 アイガーデンテラス', 35.7010728042, 139.750327101, 1);
INSERT OR REPLACE INTO service_category_rel (service_id, category_id) VALUES ('STB_448', 'cat_cafe');
INSERT OR REPLACE INTO service_cafe_details (service_id, has_wifi) VALUES ('STB_448', 1);
INSERT OR REPLACE INTO services (service_id, brand_id, owner_id, plan_id, ext_place_id, ext_source, title, address, lat, lng, verification_level) VALUES ('STB_460', 'brand_starbucks', '01ARZ3NDEKTSV4RRFFQ69G5FAV', 'free', 'STB_OFFICIAL_460', 'starbucks_official', 'スターバックス コーヒー ＪＲ東京駅日本橋口店', '東京都 千代田区 丸の内1-9-1 丸の内中央ビル', 35.6833050317, 139.769048308, 1);
INSERT OR REPLACE INTO service_category_rel (service_id, category_id) VALUES ('STB_460', 'cat_cafe');
INSERT OR REPLACE INTO service_cafe_details (service_id, has_wifi) VALUES ('STB_460', 1);
INSERT OR REPLACE INTO services (service_id, brand_id, owner_id, plan_id, ext_place_id, ext_source, title, address, lat, lng, verification_level) VALUES ('STB_461', 'brand_starbucks', '01ARZ3NDEKTSV4RRFFQ69G5FAV', 'free', 'STB_OFFICIAL_461', 'starbucks_official', 'スターバックス コーヒー 玉川高島屋Ｓ・Ｃ店', '東京都 世田谷区 玉川3-17-1 玉川高島屋Ｓ・Ｃ (南館７階)', 35.6133105898, 139.626837786, 1);
INSERT OR REPLACE INTO service_category_rel (service_id, category_id) VALUES ('STB_461', 'cat_cafe');
INSERT OR REPLACE INTO service_cafe_details (service_id, has_wifi) VALUES ('STB_461', 1);
INSERT OR REPLACE INTO services (service_id, brand_id, owner_id, plan_id, ext_place_id, ext_source, title, address, lat, lng, verification_level) VALUES ('STB_474', 'brand_starbucks', '01ARZ3NDEKTSV4RRFFQ69G5FAV', 'free', 'STB_OFFICIAL_474', 'starbucks_official', 'スターバックス コーヒー 東京ドームシティ ラクーア店', '東京都 文京区 春日1-1-1 ラクーア', 35.7068683376, 139.752739133, 1);
INSERT OR REPLACE INTO service_category_rel (service_id, category_id) VALUES ('STB_474', 'cat_cafe');
INSERT OR REPLACE INTO service_cafe_details (service_id, has_wifi) VALUES ('STB_474', 1);
INSERT OR REPLACE INTO services (service_id, brand_id, owner_id, plan_id, ext_place_id, ext_source, title, address, lat, lng, verification_level) VALUES ('STB_478', 'brand_starbucks', '01ARZ3NDEKTSV4RRFFQ69G5FAV', 'free', 'STB_OFFICIAL_478', 'starbucks_official', 'スターバックス コーヒー 西武新宿ＰｅＰｅ店', '東京都 新宿区 歌舞伎町1-30-1 西武新宿ペペ', 35.694481245, 139.700214899, 1);
INSERT OR REPLACE INTO service_category_rel (service_id, category_id) VALUES ('STB_478', 'cat_cafe');
INSERT OR REPLACE INTO service_cafe_details (service_id, has_wifi) VALUES ('STB_478', 1);
INSERT OR REPLACE INTO services (service_id, brand_id, owner_id, plan_id, ext_place_id, ext_source, title, address, lat, lng, verification_level) VALUES ('STB_479', 'brand_starbucks', '01ARZ3NDEKTSV4RRFFQ69G5FAV', 'free', 'STB_OFFICIAL_479', 'starbucks_official', 'スターバックス コーヒー 清瀬駅前店', '東京都 清瀬市 元町1-8-1 三福ビル', 35.7725747409, 139.51981073, 1);
INSERT OR REPLACE INTO service_category_rel (service_id, category_id) VALUES ('STB_479', 'cat_cafe');
INSERT OR REPLACE INTO service_cafe_details (service_id, has_wifi) VALUES ('STB_479', 1);
INSERT OR REPLACE INTO services (service_id, brand_id, owner_id, plan_id, ext_place_id, ext_source, title, address, lat, lng, verification_level) VALUES ('STB_488', 'brand_starbucks', '01ARZ3NDEKTSV4RRFFQ69G5FAV', 'free', 'STB_OFFICIAL_488', 'starbucks_official', 'スターバックス コーヒー 渋谷ファイヤー通り店', '東京都 渋谷区 神南1-12-10', 35.6635554011, 139.701068475, 1);
INSERT OR REPLACE INTO service_category_rel (service_id, category_id) VALUES ('STB_488', 'cat_cafe');
INSERT OR REPLACE INTO service_cafe_details (service_id, has_wifi) VALUES ('STB_488', 1);
INSERT OR REPLACE INTO services (service_id, brand_id, owner_id, plan_id, ext_place_id, ext_source, title, address, lat, lng, verification_level) VALUES ('STB_520', 'brand_starbucks', '01ARZ3NDEKTSV4RRFFQ69G5FAV', 'free', 'STB_OFFICIAL_520', 'starbucks_official', 'スターバックス コーヒー 東銀座店', '東京都 中央区 銀座5-15-8 時事通信ビル', 35.6677877721, 139.767305557, 1);
INSERT OR REPLACE INTO service_category_rel (service_id, category_id) VALUES ('STB_520', 'cat_cafe');
INSERT OR REPLACE INTO service_cafe_details (service_id, has_wifi) VALUES ('STB_520', 1);
INSERT OR REPLACE INTO services (service_id, brand_id, owner_id, plan_id, ext_place_id, ext_source, title, address, lat, lng, verification_level) VALUES ('STB_524', 'brand_starbucks', '01ARZ3NDEKTSV4RRFFQ69G5FAV', 'free', 'STB_OFFICIAL_524', 'starbucks_official', 'スターバックス コーヒー 大塚駅前店', '東京都 豊島区 北大塚2-13-1 ba07', 35.7322926966, 139.728604134, 1);
INSERT OR REPLACE INTO service_category_rel (service_id, category_id) VALUES ('STB_524', 'cat_cafe');
INSERT OR REPLACE INTO service_cafe_details (service_id, has_wifi) VALUES ('STB_524', 1);
INSERT OR REPLACE INTO services (service_id, brand_id, owner_id, plan_id, ext_place_id, ext_source, title, address, lat, lng, verification_level) VALUES ('STB_525', 'brand_starbucks', '01ARZ3NDEKTSV4RRFFQ69G5FAV', 'free', 'STB_OFFICIAL_525', 'starbucks_official', 'スターバックス コーヒー エトモ大井町店', '東京都 品川区 大井1-1-1 エトモ大井町', 35.6075825225, 139.734212466, 1);
INSERT OR REPLACE INTO service_category_rel (service_id, category_id) VALUES ('STB_525', 'cat_cafe');
INSERT OR REPLACE INTO service_cafe_details (service_id, has_wifi) VALUES ('STB_525', 1);
INSERT OR REPLACE INTO services (service_id, brand_id, owner_id, plan_id, ext_place_id, ext_source, title, address, lat, lng, verification_level) VALUES ('STB_543', 'brand_starbucks', '01ARZ3NDEKTSV4RRFFQ69G5FAV', 'free', 'STB_OFFICIAL_543', 'starbucks_official', 'スターバックス コーヒー 福生西友店', '東京都 福生市 東町5-1 福生西友', 35.7428612376, 139.328130795, 1);
INSERT OR REPLACE INTO service_category_rel (service_id, category_id) VALUES ('STB_543', 'cat_cafe');
INSERT OR REPLACE INTO service_cafe_details (service_id, has_wifi) VALUES ('STB_543', 1);
INSERT OR REPLACE INTO services (service_id, brand_id, owner_id, plan_id, ext_place_id, ext_source, title, address, lat, lng, verification_level) VALUES ('STB_552', 'brand_starbucks', '01ARZ3NDEKTSV4RRFFQ69G5FAV', 'free', 'STB_OFFICIAL_552', 'starbucks_official', 'スターバックス コーヒー アトレ恵比寿店(2F)', '東京都 渋谷区 恵比寿南1-5-5 アトレ恵比寿', 35.6466623723, 139.710476805, 1);
INSERT OR REPLACE INTO service_category_rel (service_id, category_id) VALUES ('STB_552', 'cat_cafe');
INSERT OR REPLACE INTO service_cafe_details (service_id, has_wifi) VALUES ('STB_552', 1);
INSERT OR REPLACE INTO services (service_id, brand_id, owner_id, plan_id, ext_place_id, ext_source, title, address, lat, lng, verification_level) VALUES ('STB_562', 'brand_starbucks', '01ARZ3NDEKTSV4RRFFQ69G5FAV', 'free', 'STB_OFFICIAL_562', 'starbucks_official', 'スターバックス コーヒー エキア北千住店', '東京都 足立区 千住旭町42-1 EQUiA北千住', 35.7503710011, 139.805851331, 1);
INSERT OR REPLACE INTO service_category_rel (service_id, category_id) VALUES ('STB_562', 'cat_cafe');
INSERT OR REPLACE INTO service_cafe_details (service_id, has_wifi) VALUES ('STB_562', 1);
INSERT OR REPLACE INTO services (service_id, brand_id, owner_id, plan_id, ext_place_id, ext_source, title, address, lat, lng, verification_level) VALUES ('STB_580', 'brand_starbucks', '01ARZ3NDEKTSV4RRFFQ69G5FAV', 'free', 'STB_OFFICIAL_580', 'starbucks_official', 'スターバックス コーヒー 昭島モリタウン店', '東京都 昭島市 代官山2-3-1 モリタウン', 35.7136855377, 139.36384945, 1);
INSERT OR REPLACE INTO service_category_rel (service_id, category_id) VALUES ('STB_580', 'cat_cafe');
INSERT OR REPLACE INTO service_cafe_details (service_id, has_wifi) VALUES ('STB_580', 1);
INSERT OR REPLACE INTO services (service_id, brand_id, owner_id, plan_id, ext_place_id, ext_source, title, address, lat, lng, verification_level) VALUES ('STB_589', 'brand_starbucks', '01ARZ3NDEKTSV4RRFFQ69G5FAV', 'free', 'STB_OFFICIAL_589', 'starbucks_official', 'スターバックス コーヒー 府中くるる店', '東京都 府中市 宮町1-50 くるる', 35.6711632375, 139.480663929, 1);
INSERT OR REPLACE INTO service_category_rel (service_id, category_id) VALUES ('STB_589', 'cat_cafe');
INSERT OR REPLACE INTO service_cafe_details (service_id, has_wifi) VALUES ('STB_589', 1);
INSERT OR REPLACE INTO services (service_id, brand_id, owner_id, plan_id, ext_place_id, ext_source, title, address, lat, lng, verification_level) VALUES ('STB_591', 'brand_starbucks', '01ARZ3NDEKTSV4RRFFQ69G5FAV', 'free', 'STB_OFFICIAL_591', 'starbucks_official', 'スターバックス コーヒー 池袋ショッピングパーク南館店', '東京都 豊島区 南池袋1-29-1 池袋ショッピングパーク', 35.7301320943, 139.712698888, 1);
INSERT OR REPLACE INTO service_category_rel (service_id, category_id) VALUES ('STB_591', 'cat_cafe');
INSERT OR REPLACE INTO service_cafe_details (service_id, has_wifi) VALUES ('STB_591', 1);
INSERT OR REPLACE INTO services (service_id, brand_id, owner_id, plan_id, ext_place_id, ext_source, title, address, lat, lng, verification_level) VALUES ('STB_593', 'brand_starbucks', '01ARZ3NDEKTSV4RRFFQ69G5FAV', 'free', 'STB_OFFICIAL_593', 'starbucks_official', 'スターバックス コーヒー 東京汐留ビルディング店', '東京都 港区 東新橋1-9-1 東京汐留ビルディング地下2階', 35.6631392681, 139.760878527, 1);
INSERT OR REPLACE INTO service_category_rel (service_id, category_id) VALUES ('STB_593', 'cat_cafe');
INSERT OR REPLACE INTO service_cafe_details (service_id, has_wifi) VALUES ('STB_593', 1);
INSERT OR REPLACE INTO services (service_id, brand_id, owner_id, plan_id, ext_place_id, ext_source, title, address, lat, lng, verification_level) VALUES ('STB_600', 'brand_starbucks', '01ARZ3NDEKTSV4RRFFQ69G5FAV', 'free', 'STB_OFFICIAL_600', 'starbucks_official', 'スターバックス コーヒー 順天堂医院店', '東京都 文京区 本郷3-1-3 順天堂大学医学部附属順天堂医院 (1号館）', 35.7020598529, 139.762338558, 1);
INSERT OR REPLACE INTO service_category_rel (service_id, category_id) VALUES ('STB_600', 'cat_cafe');
INSERT OR REPLACE INTO service_cafe_details (service_id, has_wifi) VALUES ('STB_600', 0);
INSERT OR REPLACE INTO services (service_id, brand_id, owner_id, plan_id, ext_place_id, ext_source, title, address, lat, lng, verification_level) VALUES ('STB_618', 'brand_starbucks', '01ARZ3NDEKTSV4RRFFQ69G5FAV', 'free', 'STB_OFFICIAL_618', 'starbucks_official', 'スターバックス コーヒー グランデュオ蒲田店', '東京都 大田区 西蒲田7-68-1 グランデュオ蒲田 西館', 35.5624420325, 139.715994669, 1);
INSERT OR REPLACE INTO service_category_rel (service_id, category_id) VALUES ('STB_618', 'cat_cafe');
INSERT OR REPLACE INTO service_cafe_details (service_id, has_wifi) VALUES ('STB_618', 1);
INSERT OR REPLACE INTO services (service_id, brand_id, owner_id, plan_id, ext_place_id, ext_source, title, address, lat, lng, verification_level) VALUES ('STB_625', 'brand_starbucks', '01ARZ3NDEKTSV4RRFFQ69G5FAV', 'free', 'STB_OFFICIAL_625', 'starbucks_official', 'スターバックス コーヒー 成城店', '東京都 世田谷区 成城2-40-25 パレブラン成城', 35.6398850401, 139.59906748, 1);
INSERT OR REPLACE INTO service_category_rel (service_id, category_id) VALUES ('STB_625', 'cat_cafe');
INSERT OR REPLACE INTO service_cafe_details (service_id, has_wifi) VALUES ('STB_625', 1);
INSERT OR REPLACE INTO services (service_id, brand_id, owner_id, plan_id, ext_place_id, ext_source, title, address, lat, lng, verification_level) VALUES ('STB_628', 'brand_starbucks', '01ARZ3NDEKTSV4RRFFQ69G5FAV', 'free', 'STB_OFFICIAL_628', 'starbucks_official', 'スターバックス コーヒー 用賀店', '東京都 世田谷区 瀬田5-39-22', 35.6263861281, 139.626402498, 1);
INSERT OR REPLACE INTO service_category_rel (service_id, category_id) VALUES ('STB_628', 'cat_cafe');
INSERT OR REPLACE INTO service_cafe_details (service_id, has_wifi) VALUES ('STB_628', 1);
INSERT OR REPLACE INTO services (service_id, brand_id, owner_id, plan_id, ext_place_id, ext_source, title, address, lat, lng, verification_level) VALUES ('STB_632', 'brand_starbucks', '01ARZ3NDEKTSV4RRFFQ69G5FAV', 'free', 'STB_OFFICIAL_632', 'starbucks_official', 'スターバックス コーヒー 白金高輪店', '東京都 港区 白金1-17-2-102 白金アエルシティ', 35.6440972303, 139.734344107, 1);
INSERT OR REPLACE INTO service_category_rel (service_id, category_id) VALUES ('STB_632', 'cat_cafe');
INSERT OR REPLACE INTO service_cafe_details (service_id, has_wifi) VALUES ('STB_632', 1);
INSERT OR REPLACE INTO services (service_id, brand_id, owner_id, plan_id, ext_place_id, ext_source, title, address, lat, lng, verification_level) VALUES ('STB_633', 'brand_starbucks', '01ARZ3NDEKTSV4RRFFQ69G5FAV', 'free', 'STB_OFFICIAL_633', 'starbucks_official', 'スターバックス コーヒー 町田金森店', '東京都 町田市 金森3-1-10', 35.5300607816, 139.461995032, 1);
INSERT OR REPLACE INTO service_category_rel (service_id, category_id) VALUES ('STB_633', 'cat_cafe');
INSERT OR REPLACE INTO service_cafe_details (service_id, has_wifi) VALUES ('STB_633', 1);
INSERT OR REPLACE INTO services (service_id, brand_id, owner_id, plan_id, ext_place_id, ext_source, title, address, lat, lng, verification_level) VALUES ('STB_637', 'brand_starbucks', '01ARZ3NDEKTSV4RRFFQ69G5FAV', 'free', 'STB_OFFICIAL_637', 'starbucks_official', 'スターバックス コーヒー 鶴川店', '東京都 町田市 能ヶ谷1-5-1 小田急マルシェ鶴川２', 35.5831195951, 139.480431613, 1);
INSERT OR REPLACE INTO service_category_rel (service_id, category_id) VALUES ('STB_637', 'cat_cafe');
INSERT OR REPLACE INTO service_cafe_details (service_id, has_wifi) VALUES ('STB_637', 1);
INSERT OR REPLACE INTO services (service_id, brand_id, owner_id, plan_id, ext_place_id, ext_source, title, address, lat, lng, verification_level) VALUES ('STB_648', 'brand_starbucks', '01ARZ3NDEKTSV4RRFFQ69G5FAV', 'free', 'STB_OFFICIAL_648', 'starbucks_official', 'スターバックス コーヒー 日本大学板橋病院店', '東京都 板橋区 大谷口上町30-1 日本大学医学部附属板橋病院', 35.7494629947, 139.69178529, 1);
INSERT OR REPLACE INTO service_category_rel (service_id, category_id) VALUES ('STB_648', 'cat_cafe');
INSERT OR REPLACE INTO service_cafe_details (service_id, has_wifi) VALUES ('STB_648', 0);
INSERT OR REPLACE INTO services (service_id, brand_id, owner_id, plan_id, ext_place_id, ext_source, title, address, lat, lng, verification_level) VALUES ('STB_656', 'brand_starbucks', '01ARZ3NDEKTSV4RRFFQ69G5FAV', 'free', 'STB_OFFICIAL_656', 'starbucks_official', 'スターバックス コーヒー アリオ亀有店', '東京都 葛飾区 亀有3-49-3 アリオ亀有', 35.7651174534, 139.852073757, 1);
INSERT OR REPLACE INTO service_category_rel (service_id, category_id) VALUES ('STB_656', 'cat_cafe');
INSERT OR REPLACE INTO service_cafe_details (service_id, has_wifi) VALUES ('STB_656', 1);
INSERT OR REPLACE INTO services (service_id, brand_id, owner_id, plan_id, ext_place_id, ext_source, title, address, lat, lng, verification_level) VALUES ('STB_657', 'brand_starbucks', '01ARZ3NDEKTSV4RRFFQ69G5FAV', 'free', 'STB_OFFICIAL_657', 'starbucks_official', 'スターバックス コーヒー 北の丸スクエア店', '東京都 千代田区 九段北1-13-12 北の丸スクエア', 35.6956378439, 139.751126729, 1);
INSERT OR REPLACE INTO service_category_rel (service_id, category_id) VALUES ('STB_657', 'cat_cafe');
INSERT OR REPLACE INTO service_cafe_details (service_id, has_wifi) VALUES ('STB_657', 1);
INSERT OR REPLACE INTO services (service_id, brand_id, owner_id, plan_id, ext_place_id, ext_source, title, address, lat, lng, verification_level) VALUES ('STB_658', 'brand_starbucks', '01ARZ3NDEKTSV4RRFFQ69G5FAV', 'free', 'STB_OFFICIAL_658', 'starbucks_official', 'スターバックス コーヒー 多摩境店', '東京都 町田市 小山ヶ丘3-2-8', 35.5999540867, 139.379482555, 1);
INSERT OR REPLACE INTO service_category_rel (service_id, category_id) VALUES ('STB_658', 'cat_cafe');
INSERT OR REPLACE INTO service_cafe_details (service_id, has_wifi) VALUES ('STB_658', 1);
INSERT OR REPLACE INTO services (service_id, brand_id, owner_id, plan_id, ext_place_id, ext_source, title, address, lat, lng, verification_level) VALUES ('STB_686', 'brand_starbucks', '01ARZ3NDEKTSV4RRFFQ69G5FAV', 'free', 'STB_OFFICIAL_686', 'starbucks_official', 'スターバックス コーヒー 新宿西口店', '東京都 新宿区 西新宿1-12-1 高倉第一ビル', 35.689971956, 139.697404785, 1);
INSERT OR REPLACE INTO service_category_rel (service_id, category_id) VALUES ('STB_686', 'cat_cafe');
INSERT OR REPLACE INTO service_cafe_details (service_id, has_wifi) VALUES ('STB_686', 1);
INSERT OR REPLACE INTO services (service_id, brand_id, owner_id, plan_id, ext_place_id, ext_source, title, address, lat, lng, verification_level) VALUES ('STB_689', 'brand_starbucks', '01ARZ3NDEKTSV4RRFFQ69G5FAV', 'free', 'STB_OFFICIAL_689', 'starbucks_official', 'スターバックス コーヒー 東京大学工学部店', '東京都 文京区 本郷7-3-1 工学部11号館', 35.7136743959, 139.759586585, 1);
INSERT OR REPLACE INTO service_category_rel (service_id, category_id) VALUES ('STB_689', 'cat_cafe');
INSERT OR REPLACE INTO service_cafe_details (service_id, has_wifi) VALUES ('STB_689', 1);
INSERT OR REPLACE INTO services (service_id, brand_id, owner_id, plan_id, ext_place_id, ext_source, title, address, lat, lng, verification_level) VALUES ('STB_699', 'brand_starbucks', '01ARZ3NDEKTSV4RRFFQ69G5FAV', 'free', 'STB_OFFICIAL_699', 'starbucks_official', 'スターバックス コーヒー ららぽーと豊洲 サウスポート2階店', '東京都 江東区 豊洲2-4-9 ららぽーと豊洲', 35.6551462326, 139.792594316, 1);
INSERT OR REPLACE INTO service_category_rel (service_id, category_id) VALUES ('STB_699', 'cat_cafe');
INSERT OR REPLACE INTO service_cafe_details (service_id, has_wifi) VALUES ('STB_699', 1);
INSERT OR REPLACE INTO services (service_id, brand_id, owner_id, plan_id, ext_place_id, ext_source, title, address, lat, lng, verification_level) VALUES ('STB_725', 'brand_starbucks', '01ARZ3NDEKTSV4RRFFQ69G5FAV', 'free', 'STB_OFFICIAL_725', 'starbucks_official', 'スターバックス コーヒー イオンモールむさし村山2階店', '東京都 武蔵村山市 榎1-1-3', 35.7460663315, 139.384937041, 1);
INSERT OR REPLACE INTO service_category_rel (service_id, category_id) VALUES ('STB_725', 'cat_cafe');
INSERT OR REPLACE INTO service_cafe_details (service_id, has_wifi) VALUES ('STB_725', 1);
INSERT OR REPLACE INTO services (service_id, brand_id, owner_id, plan_id, ext_place_id, ext_source, title, address, lat, lng, verification_level) VALUES ('STB_735', 'brand_starbucks', '01ARZ3NDEKTSV4RRFFQ69G5FAV', 'free', 'STB_OFFICIAL_735', 'starbucks_official', 'スターバックス コーヒー 羽田空港第1ターミナル　マーケットプレイス3階店', '東京都 大田区 羽田空港3-3-2 第一旅客ターミナル3階', 35.5485191592, 139.784295193, 1);
INSERT OR REPLACE INTO service_category_rel (service_id, category_id) VALUES ('STB_735', 'cat_cafe');
INSERT OR REPLACE INTO service_cafe_details (service_id, has_wifi) VALUES ('STB_735', 1);
INSERT OR REPLACE INTO services (service_id, brand_id, owner_id, plan_id, ext_place_id, ext_source, title, address, lat, lng, verification_level) VALUES ('STB_743', 'brand_starbucks', '01ARZ3NDEKTSV4RRFFQ69G5FAV', 'free', 'STB_OFFICIAL_743', 'starbucks_official', 'スターバックス コーヒー 新丸ビル店', '東京都 千代田区 丸の内1-5-1 新丸の内ビル', 35.6825283657, 139.764334847, 1);
INSERT OR REPLACE INTO service_category_rel (service_id, category_id) VALUES ('STB_743', 'cat_cafe');
INSERT OR REPLACE INTO service_cafe_details (service_id, has_wifi) VALUES ('STB_743', 1);
INSERT OR REPLACE INTO services (service_id, brand_id, owner_id, plan_id, ext_place_id, ext_source, title, address, lat, lng, verification_level) VALUES ('STB_745', 'brand_starbucks', '01ARZ3NDEKTSV4RRFFQ69G5FAV', 'free', 'STB_OFFICIAL_745', 'starbucks_official', 'スターバックス コーヒー 日野万願寺店', '東京都 日野市 万願寺4-24-6', 35.6701143603, 139.411296682, 1);
INSERT OR REPLACE INTO service_category_rel (service_id, category_id) VALUES ('STB_745', 'cat_cafe');
INSERT OR REPLACE INTO service_cafe_details (service_id, has_wifi) VALUES ('STB_745', 1);
INSERT OR REPLACE INTO services (service_id, brand_id, owner_id, plan_id, ext_place_id, ext_source, title, address, lat, lng, verification_level) VALUES ('STB_757', 'brand_starbucks', '01ARZ3NDEKTSV4RRFFQ69G5FAV', 'free', 'STB_OFFICIAL_757', 'starbucks_official', 'スターバックス コーヒー 東京ステーションシティ サピアタワー店', '東京都 千代田区 丸の内1-7-12', 35.6837113689, 139.768581384, 1);
INSERT OR REPLACE INTO service_category_rel (service_id, category_id) VALUES ('STB_757', 'cat_cafe');
INSERT OR REPLACE INTO service_cafe_details (service_id, has_wifi) VALUES ('STB_757', 1);
INSERT OR REPLACE INTO services (service_id, brand_id, owner_id, plan_id, ext_place_id, ext_source, title, address, lat, lng, verification_level) VALUES ('STB_759', 'brand_starbucks', '01ARZ3NDEKTSV4RRFFQ69G5FAV', 'free', 'STB_OFFICIAL_759', 'starbucks_official', 'スターバックス コーヒー 聖路加国際病院店', '東京都 中央区 明石町9-1 聖路加国際病院', 35.6673054943, 139.777074212, 1);
INSERT OR REPLACE INTO service_category_rel (service_id, category_id) VALUES ('STB_759', 'cat_cafe');
INSERT OR REPLACE INTO service_cafe_details (service_id, has_wifi) VALUES ('STB_759', 1);
INSERT OR REPLACE INTO services (service_id, brand_id, owner_id, plan_id, ext_place_id, ext_source, title, address, lat, lng, verification_level) VALUES ('STB_770', 'brand_starbucks', '01ARZ3NDEKTSV4RRFFQ69G5FAV', 'free', 'STB_OFFICIAL_770', 'starbucks_official', 'スターバックス コーヒー 東京ドームシティ ミーツポート店', '東京都 文京区 後楽1-3-61 東京ドームシティミーツポート1階', 35.7029787903, 139.754840805, 1);
INSERT OR REPLACE INTO service_category_rel (service_id, category_id) VALUES ('STB_770', 'cat_cafe');
INSERT OR REPLACE INTO service_cafe_details (service_id, has_wifi) VALUES ('STB_770', 1);
INSERT OR REPLACE INTO services (service_id, brand_id, owner_id, plan_id, ext_place_id, ext_source, title, address, lat, lng, verification_level) VALUES ('STB_772', 'brand_starbucks', '01ARZ3NDEKTSV4RRFFQ69G5FAV', 'free', 'STB_OFFICIAL_772', 'starbucks_official', 'スターバックス コーヒー カレッタ汐留店', '東京都 港区 東新橋1-8-2 カレッタ汐留', 35.6643674887, 139.761945604, 1);
INSERT OR REPLACE INTO service_category_rel (service_id, category_id) VALUES ('STB_772', 'cat_cafe');
INSERT OR REPLACE INTO service_cafe_details (service_id, has_wifi) VALUES ('STB_772', 1);
INSERT OR REPLACE INTO services (service_id, brand_id, owner_id, plan_id, ext_place_id, ext_source, title, address, lat, lng, verification_level) VALUES ('STB_777', 'brand_starbucks', '01ARZ3NDEKTSV4RRFFQ69G5FAV', 'free', 'STB_OFFICIAL_777', 'starbucks_official', 'スターバックス コーヒー 赤坂Bizタワー店', '東京都 港区 赤坂5-3-1 赤坂Bizタワー(区画番号206)', 35.6729647397, 139.736724247, 1);
INSERT OR REPLACE INTO service_category_rel (service_id, category_id) VALUES ('STB_777', 'cat_cafe');
INSERT OR REPLACE INTO service_cafe_details (service_id, has_wifi) VALUES ('STB_777', 1);
INSERT OR REPLACE INTO services (service_id, brand_id, owner_id, plan_id, ext_place_id, ext_source, title, address, lat, lng, verification_level) VALUES ('STB_780', 'brand_starbucks', '01ARZ3NDEKTSV4RRFFQ69G5FAV', 'free', 'STB_OFFICIAL_780', 'starbucks_official', 'スターバックス コーヒー 芝大門店', '東京都 港区 芝公園2-3-4 リッチモンドホテル東京芝', 35.6568797821, 139.751974277, 1);
INSERT OR REPLACE INTO service_category_rel (service_id, category_id) VALUES ('STB_780', 'cat_cafe');
INSERT OR REPLACE INTO service_cafe_details (service_id, has_wifi) VALUES ('STB_780', 1);
INSERT OR REPLACE INTO services (service_id, brand_id, owner_id, plan_id, ext_place_id, ext_source, title, address, lat, lng, verification_level) VALUES ('STB_783', 'brand_starbucks', '01ARZ3NDEKTSV4RRFFQ69G5FAV', 'free', 'STB_OFFICIAL_783', 'starbucks_official', 'スターバックス コーヒー ルミネ荻窪店', '東京都 杉並区 上荻1-7-1 ルミネ荻窪店', 35.7046648541, 139.619334759, 1);
INSERT OR REPLACE INTO service_category_rel (service_id, category_id) VALUES ('STB_783', 'cat_cafe');
INSERT OR REPLACE INTO service_cafe_details (service_id, has_wifi) VALUES ('STB_783', 1);
INSERT OR REPLACE INTO services (service_id, brand_id, owner_id, plan_id, ext_place_id, ext_source, title, address, lat, lng, verification_level) VALUES ('STB_787', 'brand_starbucks', '01ARZ3NDEKTSV4RRFFQ69G5FAV', 'free', 'STB_OFFICIAL_787', 'starbucks_official', 'スターバックス コーヒー ルミネエスト新宿店', '東京都 新宿区 新宿3-38-1 ルミネエスト ２Ｆ', 35.6917226674, 139.701139394, 1);
INSERT OR REPLACE INTO service_category_rel (service_id, category_id) VALUES ('STB_787', 'cat_cafe');
INSERT OR REPLACE INTO service_cafe_details (service_id, has_wifi) VALUES ('STB_787', 1);
INSERT OR REPLACE INTO services (service_id, brand_id, owner_id, plan_id, ext_place_id, ext_source, title, address, lat, lng, verification_level) VALUES ('STB_789', 'brand_starbucks', '01ARZ3NDEKTSV4RRFFQ69G5FAV', 'free', 'STB_OFFICIAL_789', 'starbucks_official', 'スターバックス コーヒー 池袋サンシャイン通り店', '東京都 豊島区 東池袋1-20-5 七富久ビル', 35.730805404, 139.715466405, 1);
INSERT OR REPLACE INTO service_category_rel (service_id, category_id) VALUES ('STB_789', 'cat_cafe');
INSERT OR REPLACE INTO service_cafe_details (service_id, has_wifi) VALUES ('STB_789', 1);
INSERT OR REPLACE INTO services (service_id, brand_id, owner_id, plan_id, ext_place_id, ext_source, title, address, lat, lng, verification_level) VALUES ('STB_798', 'brand_starbucks', '01ARZ3NDEKTSV4RRFFQ69G5FAV', 'free', 'STB_OFFICIAL_798', 'starbucks_official', 'スターバックス コーヒー 新宿サブナード店', '東京都 新宿区 歌舞伎町1丁目サブナード1 新宿サブナード', 35.6938910464, 139.701132628, 1);
INSERT OR REPLACE INTO service_category_rel (service_id, category_id) VALUES ('STB_798', 'cat_cafe');
INSERT OR REPLACE INTO service_cafe_details (service_id, has_wifi) VALUES ('STB_798', 1);
INSERT OR REPLACE INTO services (service_id, brand_id, owner_id, plan_id, ext_place_id, ext_source, title, address, lat, lng, verification_level) VALUES ('STB_801', 'brand_starbucks', '01ARZ3NDEKTSV4RRFFQ69G5FAV', 'free', 'STB_OFFICIAL_801', 'starbucks_official', 'スターバックス コーヒー 北参道店', '東京都 渋谷区 千駄ケ谷3-38-9 IBF-PLANNING ビル', 35.6780936528, 139.70590657, 1);
INSERT OR REPLACE INTO service_category_rel (service_id, category_id) VALUES ('STB_801', 'cat_cafe');
INSERT OR REPLACE INTO service_cafe_details (service_id, has_wifi) VALUES ('STB_801', 1);
INSERT OR REPLACE INTO services (service_id, brand_id, owner_id, plan_id, ext_place_id, ext_source, title, address, lat, lng, verification_level) VALUES ('STB_802', 'brand_starbucks', '01ARZ3NDEKTSV4RRFFQ69G5FAV', 'free', 'STB_OFFICIAL_802', 'starbucks_official', 'スターバックス コーヒー 代々木店', '東京都 渋谷区 代々木1-38-7 川本ビル', 35.6827444666, 139.701461725, 1);
INSERT OR REPLACE INTO service_category_rel (service_id, category_id) VALUES ('STB_802', 'cat_cafe');
INSERT OR REPLACE INTO service_cafe_details (service_id, has_wifi) VALUES ('STB_802', 1);
INSERT OR REPLACE INTO services (service_id, brand_id, owner_id, plan_id, ext_place_id, ext_source, title, address, lat, lng, verification_level) VALUES ('STB_808', 'brand_starbucks', '01ARZ3NDEKTSV4RRFFQ69G5FAV', 'free', 'STB_OFFICIAL_808', 'starbucks_official', 'スターバックス コーヒー 五反田東急スクエア店', '東京都 品川区 東五反田2-1-2 五反田東急スクエア', 35.6255482097, 139.72454022, 1);
INSERT OR REPLACE INTO service_category_rel (service_id, category_id) VALUES ('STB_808', 'cat_cafe');
INSERT OR REPLACE INTO service_cafe_details (service_id, has_wifi) VALUES ('STB_808', 1);
INSERT OR REPLACE INTO services (service_id, brand_id, owner_id, plan_id, ext_place_id, ext_source, title, address, lat, lng, verification_level) VALUES ('STB_811', 'brand_starbucks', '01ARZ3NDEKTSV4RRFFQ69G5FAV', 'free', 'STB_OFFICIAL_811', 'starbucks_official', 'スターバックス コーヒー イオンモール日の出1階店', '東京都 西多摩郡 日の出町平井237-3 イオンモール日の出', 35.7349014487, 139.275568305, 1);
INSERT OR REPLACE INTO service_category_rel (service_id, category_id) VALUES ('STB_811', 'cat_cafe');
INSERT OR REPLACE INTO service_cafe_details (service_id, has_wifi) VALUES ('STB_811', 1);
INSERT OR REPLACE INTO services (service_id, brand_id, owner_id, plan_id, ext_place_id, ext_source, title, address, lat, lng, verification_level) VALUES ('STB_820', 'brand_starbucks', '01ARZ3NDEKTSV4RRFFQ69G5FAV', 'free', 'STB_OFFICIAL_820', 'starbucks_official', 'スターバックス コーヒー 秋葉原駅前店', '東京都 千代田区 神田佐久間町1-6-5 AKIBA・TOLIM', 35.6979057754, 139.773811407, 1);
INSERT OR REPLACE INTO service_category_rel (service_id, category_id) VALUES ('STB_820', 'cat_cafe');
INSERT OR REPLACE INTO service_cafe_details (service_id, has_wifi) VALUES ('STB_820', 1);
INSERT OR REPLACE INTO services (service_id, brand_id, owner_id, plan_id, ext_place_id, ext_source, title, address, lat, lng, verification_level) VALUES ('STB_824', 'brand_starbucks', '01ARZ3NDEKTSV4RRFFQ69G5FAV', 'free', 'STB_OFFICIAL_824', 'starbucks_official', 'スターバックス コーヒー 赤坂プルデンシャルタワー店', '東京都 千代田区 永田町2-13-10 プルデンシャルタワー', 35.676065829, 139.738560063, 1);
INSERT OR REPLACE INTO service_category_rel (service_id, category_id) VALUES ('STB_824', 'cat_cafe');
INSERT OR REPLACE INTO service_cafe_details (service_id, has_wifi) VALUES ('STB_824', 1);
INSERT OR REPLACE INTO services (service_id, brand_id, owner_id, plan_id, ext_place_id, ext_source, title, address, lat, lng, verification_level) VALUES ('STB_844', 'brand_starbucks', '01ARZ3NDEKTSV4RRFFQ69G5FAV', 'free', 'STB_OFFICIAL_844', 'starbucks_official', 'スターバックス コーヒー カインズホーム青梅店', '東京都 青梅市 新町6-9-4', 35.7941805321, 139.315743905, 1);
INSERT OR REPLACE INTO service_category_rel (service_id, category_id) VALUES ('STB_844', 'cat_cafe');
INSERT OR REPLACE INTO service_cafe_details (service_id, has_wifi) VALUES ('STB_844', 1);
INSERT OR REPLACE INTO services (service_id, brand_id, owner_id, plan_id, ext_place_id, ext_source, title, address, lat, lng, verification_level) VALUES ('STB_848', 'brand_starbucks', '01ARZ3NDEKTSV4RRFFQ69G5FAV', 'free', 'STB_OFFICIAL_848', 'starbucks_official', 'スターバックス コーヒー 六本木ヒルズ ウエストウォーク ラウンジ店', '東京都 港区 六本木6-10-1 森タワー 1F', 35.6603942775, 139.728706047, 1);
INSERT OR REPLACE INTO service_category_rel (service_id, category_id) VALUES ('STB_848', 'cat_cafe');
INSERT OR REPLACE INTO service_cafe_details (service_id, has_wifi) VALUES ('STB_848', 1);
INSERT OR REPLACE INTO services (service_id, brand_id, owner_id, plan_id, ext_place_id, ext_source, title, address, lat, lng, verification_level) VALUES ('STB_850', 'brand_starbucks', '01ARZ3NDEKTSV4RRFFQ69G5FAV', 'free', 'STB_OFFICIAL_850', 'starbucks_official', 'スターバックス コーヒー ルミネ北千住店', '東京都 足立区 千住旭町42-2 ルミネ北千住', 35.7503762638, 139.805020566, 1);
INSERT OR REPLACE INTO service_category_rel (service_id, category_id) VALUES ('STB_850', 'cat_cafe');
INSERT OR REPLACE INTO service_cafe_details (service_id, has_wifi) VALUES ('STB_850', 1);
INSERT OR REPLACE INTO services (service_id, brand_id, owner_id, plan_id, ext_place_id, ext_source, title, address, lat, lng, verification_level) VALUES ('STB_851', 'brand_starbucks', '01ARZ3NDEKTSV4RRFFQ69G5FAV', 'free', 'STB_OFFICIAL_851', 'starbucks_official', 'スターバックス コーヒー アトレヴィ田端店', '東京都 北区 東田端1-17-2 アトレヴィ田端', 35.7381529136, 139.76101145, 1);
INSERT OR REPLACE INTO service_category_rel (service_id, category_id) VALUES ('STB_851', 'cat_cafe');
INSERT OR REPLACE INTO service_cafe_details (service_id, has_wifi) VALUES ('STB_851', 1);
INSERT OR REPLACE INTO services (service_id, brand_id, owner_id, plan_id, ext_place_id, ext_source, title, address, lat, lng, verification_level) VALUES ('STB_869', 'brand_starbucks', '01ARZ3NDEKTSV4RRFFQ69G5FAV', 'free', 'STB_OFFICIAL_869', 'starbucks_official', 'スターバックス コーヒー 大手町カンファレンスセンター店', '東京都 千代田区 大手町1-3-1 JAビル', 35.6884535423, 139.763018017, 1);
INSERT OR REPLACE INTO service_category_rel (service_id, category_id) VALUES ('STB_869', 'cat_cafe');
INSERT OR REPLACE INTO service_cafe_details (service_id, has_wifi) VALUES ('STB_869', 1);
INSERT OR REPLACE INTO services (service_id, brand_id, owner_id, plan_id, ext_place_id, ext_source, title, address, lat, lng, verification_level) VALUES ('STB_873', 'brand_starbucks', '01ARZ3NDEKTSV4RRFFQ69G5FAV', 'free', 'STB_OFFICIAL_873', 'starbucks_official', 'スターバックス コーヒー 明治神宮前メトロピア店', '東京都 渋谷区 神宮前1-18-22駅事務室 千代田線 明治神宮前駅', 35.6698194842, 139.702837762, 1);
INSERT OR REPLACE INTO service_category_rel (service_id, category_id) VALUES ('STB_873', 'cat_cafe');
INSERT OR REPLACE INTO service_cafe_details (service_id, has_wifi) VALUES ('STB_873', 1);
INSERT OR REPLACE INTO services (service_id, brand_id, owner_id, plan_id, ext_place_id, ext_source, title, address, lat, lng, verification_level) VALUES ('STB_886', 'brand_starbucks', '01ARZ3NDEKTSV4RRFFQ69G5FAV', 'free', 'STB_OFFICIAL_886', 'starbucks_official', 'スターバックス コーヒー 神宮前6丁目店', '東京都 渋谷区 神宮前6-17-11 JPR原宿ビル', 35.6658490907, 139.703703984, 1);
INSERT OR REPLACE INTO service_category_rel (service_id, category_id) VALUES ('STB_886', 'cat_cafe');
INSERT OR REPLACE INTO service_cafe_details (service_id, has_wifi) VALUES ('STB_886', 1);
INSERT OR REPLACE INTO services (service_id, brand_id, owner_id, plan_id, ext_place_id, ext_source, title, address, lat, lng, verification_level) VALUES ('STB_891', 'brand_starbucks', '01ARZ3NDEKTSV4RRFFQ69G5FAV', 'free', 'STB_OFFICIAL_891', 'starbucks_official', 'スターバックス コーヒー スターバックス リザーブ(R) カフェ 新宿マルイ本館2階店', '東京都 新宿区 新宿3-30-13 新宿マルイ本館', 35.6909980745, 139.704106403, 1);
INSERT OR REPLACE INTO service_category_rel (service_id, category_id) VALUES ('STB_891', 'cat_cafe');
INSERT OR REPLACE INTO service_cafe_details (service_id, has_wifi) VALUES ('STB_891', 1);
INSERT OR REPLACE INTO services (service_id, brand_id, owner_id, plan_id, ext_place_id, ext_source, title, address, lat, lng, verification_level) VALUES ('STB_895', 'brand_starbucks', '01ARZ3NDEKTSV4RRFFQ69G5FAV', 'free', 'STB_OFFICIAL_895', 'starbucks_official', 'スターバックス コーヒー 丸の内パークビル店', '東京都 千代田区 丸の内2-6-1 丸の内パークビルディング', 35.6790781539, 139.762885404, 1);
INSERT OR REPLACE INTO service_category_rel (service_id, category_id) VALUES ('STB_895', 'cat_cafe');
INSERT OR REPLACE INTO service_cafe_details (service_id, has_wifi) VALUES ('STB_895', 1);
INSERT OR REPLACE INTO services (service_id, brand_id, owner_id, plan_id, ext_place_id, ext_source, title, address, lat, lng, verification_level) VALUES ('STB_898', 'brand_starbucks', '01ARZ3NDEKTSV4RRFFQ69G5FAV', 'free', 'STB_OFFICIAL_898', 'starbucks_official', 'スターバックス コーヒー 町田パリオ店', '東京都 町田市 森野1-15-13 パリオビル', 35.5434270939, 139.444042019, 1);
INSERT OR REPLACE INTO service_category_rel (service_id, category_id) VALUES ('STB_898', 'cat_cafe');
INSERT OR REPLACE INTO service_cafe_details (service_id, has_wifi) VALUES ('STB_898', 1);
INSERT OR REPLACE INTO services (service_id, brand_id, owner_id, plan_id, ext_place_id, ext_source, title, address, lat, lng, verification_level) VALUES ('STB_901', 'brand_starbucks', '01ARZ3NDEKTSV4RRFFQ69G5FAV', 'free', 'STB_OFFICIAL_901', 'starbucks_official', 'スターバックス コーヒー アトレ大森店(2F)', '東京都 大田区 大森北1-6-16 アトレ大森 2F', 35.5882242123, 139.728316625, 1);
INSERT OR REPLACE INTO service_category_rel (service_id, category_id) VALUES ('STB_901', 'cat_cafe');
INSERT OR REPLACE INTO service_cafe_details (service_id, has_wifi) VALUES ('STB_901', 1);
INSERT OR REPLACE INTO services (service_id, brand_id, owner_id, plan_id, ext_place_id, ext_source, title, address, lat, lng, verification_level) VALUES ('STB_902', 'brand_starbucks', '01ARZ3NDEKTSV4RRFFQ69G5FAV', 'free', 'STB_OFFICIAL_902', 'starbucks_official', 'スターバックス コーヒー 銀座ファイブ店', '東京都 中央区 銀座5丁目1番先 GINZA FIVE', 35.6726629952, 139.762223254, 1);
INSERT OR REPLACE INTO service_category_rel (service_id, category_id) VALUES ('STB_902', 'cat_cafe');
INSERT OR REPLACE INTO service_cafe_details (service_id, has_wifi) VALUES ('STB_902', 1);
INSERT OR REPLACE INTO services (service_id, brand_id, owner_id, plan_id, ext_place_id, ext_source, title, address, lat, lng, verification_level) VALUES ('STB_903', 'brand_starbucks', '01ARZ3NDEKTSV4RRFFQ69G5FAV', 'free', 'STB_OFFICIAL_903', 'starbucks_official', 'スターバックス コーヒー 新宿三井ビル店', '東京都 新宿区 西新宿2-1-1 新宿三井ビルディング', 35.6915064533, 139.693923337, 1);
INSERT OR REPLACE INTO service_category_rel (service_id, category_id) VALUES ('STB_903', 'cat_cafe');
INSERT OR REPLACE INTO service_cafe_details (service_id, has_wifi) VALUES ('STB_903', 1);
INSERT OR REPLACE INTO services (service_id, brand_id, owner_id, plan_id, ext_place_id, ext_source, title, address, lat, lng, verification_level) VALUES ('STB_905', 'brand_starbucks', '01ARZ3NDEKTSV4RRFFQ69G5FAV', 'free', 'STB_OFFICIAL_905', 'starbucks_official', 'スターバックス コーヒー 霞ダイニング店', '東京都 千代田区 霞が関3-2-5 霞が関ビルディング', 35.6708629223, 139.747026821, 1);
INSERT OR REPLACE INTO service_category_rel (service_id, category_id) VALUES ('STB_905', 'cat_cafe');
INSERT OR REPLACE INTO service_cafe_details (service_id, has_wifi) VALUES ('STB_905', 1);
INSERT OR REPLACE INTO services (service_id, brand_id, owner_id, plan_id, ext_place_id, ext_source, title, address, lat, lng, verification_level) VALUES ('STB_919', 'brand_starbucks', '01ARZ3NDEKTSV4RRFFQ69G5FAV', 'free', 'STB_OFFICIAL_919', 'starbucks_official', 'スターバックス コーヒー 新宿野村ビル店', '東京都 新宿区 西新宿1-26-2 新宿野村ビル B1F', 35.6929854854, 139.695273712, 1);
INSERT OR REPLACE INTO service_category_rel (service_id, category_id) VALUES ('STB_919', 'cat_cafe');
INSERT OR REPLACE INTO service_cafe_details (service_id, has_wifi) VALUES ('STB_919', 1);
INSERT OR REPLACE INTO services (service_id, brand_id, owner_id, plan_id, ext_place_id, ext_source, title, address, lat, lng, verification_level) VALUES ('STB_921', 'brand_starbucks', '01ARZ3NDEKTSV4RRFFQ69G5FAV', 'free', 'STB_OFFICIAL_921', 'starbucks_official', 'スターバックス コーヒー 立川若葉店', '東京都 立川市 若葉町1-11-7', 35.7203255456, 139.436762255, 1);
INSERT OR REPLACE INTO service_category_rel (service_id, category_id) VALUES ('STB_921', 'cat_cafe');
INSERT OR REPLACE INTO service_cafe_details (service_id, has_wifi) VALUES ('STB_921', 1);
INSERT OR REPLACE INTO services (service_id, brand_id, owner_id, plan_id, ext_place_id, ext_source, title, address, lat, lng, verification_level) VALUES ('STB_943', 'brand_starbucks', '01ARZ3NDEKTSV4RRFFQ69G5FAV', 'free', 'STB_OFFICIAL_943', 'starbucks_official', 'スターバックス コーヒー アトレヴィ三鷹店', '東京都 三鷹市 下連雀3-46-4', 35.7025707283, 139.561140243, 1);
INSERT OR REPLACE INTO service_category_rel (service_id, category_id) VALUES ('STB_943', 'cat_cafe');
INSERT OR REPLACE INTO service_cafe_details (service_id, has_wifi) VALUES ('STB_943', 1);
INSERT OR REPLACE INTO services (service_id, brand_id, owner_id, plan_id, ext_place_id, ext_source, title, address, lat, lng, verification_level) VALUES ('STB_945', 'brand_starbucks', '01ARZ3NDEKTSV4RRFFQ69G5FAV', 'free', 'STB_OFFICIAL_945', 'starbucks_official', 'スターバックス コーヒー 新宿マルイ本館8階店', '東京都 新宿区 新宿3-30-13 新宿マルイ本館', 35.6909405794, 139.704035578, 1);
INSERT OR REPLACE INTO service_category_rel (service_id, category_id) VALUES ('STB_945', 'cat_cafe');
INSERT OR REPLACE INTO service_cafe_details (service_id, has_wifi) VALUES ('STB_945', 1);
INSERT OR REPLACE INTO services (service_id, brand_id, owner_id, plan_id, ext_place_id, ext_source, title, address, lat, lng, verification_level) VALUES ('STB_946', 'brand_starbucks', '01ARZ3NDEKTSV4RRFFQ69G5FAV', 'free', 'STB_OFFICIAL_946', 'starbucks_official', 'スターバックス コーヒー 恵比寿ガーデンプレイスタワー１F店', '東京都 渋谷区 恵比寿4-20-3 恵比寿ガーデンプレイスタワー', 35.6424750934, 139.713394533, 1);
INSERT OR REPLACE INTO service_category_rel (service_id, category_id) VALUES ('STB_946', 'cat_cafe');
INSERT OR REPLACE INTO service_cafe_details (service_id, has_wifi) VALUES ('STB_946', 1);
INSERT OR REPLACE INTO services (service_id, brand_id, owner_id, plan_id, ext_place_id, ext_source, title, address, lat, lng, verification_level) VALUES ('STB_956', 'brand_starbucks', '01ARZ3NDEKTSV4RRFFQ69G5FAV', 'free', 'STB_OFFICIAL_956', 'starbucks_official', 'スターバックス コーヒー アトレ秋葉原1店', '東京都 千代田区 外神田1-17-6 アトレ秋葉原１', 35.698513178, 139.771956256, 1);
INSERT OR REPLACE INTO service_category_rel (service_id, category_id) VALUES ('STB_956', 'cat_cafe');
INSERT OR REPLACE INTO service_cafe_details (service_id, has_wifi) VALUES ('STB_956', 1);
INSERT OR REPLACE INTO services (service_id, brand_id, owner_id, plan_id, ext_place_id, ext_source, title, address, lat, lng, verification_level) VALUES ('STB_958', 'brand_starbucks', '01ARZ3NDEKTSV4RRFFQ69G5FAV', 'free', 'STB_OFFICIAL_958', 'starbucks_official', 'スターバックス コーヒー アリオ北砂店', '東京都 江東区 北砂2-17-1 アリオ北砂', 35.6827574667, 139.825589471, 1);
INSERT OR REPLACE INTO service_category_rel (service_id, category_id) VALUES ('STB_958', 'cat_cafe');
INSERT OR REPLACE INTO service_cafe_details (service_id, has_wifi) VALUES ('STB_958', 1);
INSERT OR REPLACE INTO services (service_id, brand_id, owner_id, plan_id, ext_place_id, ext_source, title, address, lat, lng, verification_level) VALUES ('STB_961', 'brand_starbucks', '01ARZ3NDEKTSV4RRFFQ69G5FAV', 'free', 'STB_OFFICIAL_961', 'starbucks_official', 'スターバックス コーヒー アクアシティお台場店', '東京都 港区 台場1-7-1（区番R306） アクアシティお台場', 35.6276296658, 139.772940827, 1);
INSERT OR REPLACE INTO service_category_rel (service_id, category_id) VALUES ('STB_961', 'cat_cafe');
INSERT OR REPLACE INTO service_cafe_details (service_id, has_wifi) VALUES ('STB_961', 1);
INSERT OR REPLACE INTO services (service_id, brand_id, owner_id, plan_id, ext_place_id, ext_source, title, address, lat, lng, verification_level) VALUES ('STB_964', 'brand_starbucks', '01ARZ3NDEKTSV4RRFFQ69G5FAV', 'free', 'STB_OFFICIAL_964', 'starbucks_official', 'スターバックス コーヒー アトレ吉祥寺店', '東京都 武蔵野市 吉祥寺南町1-1-24  アトレ吉祥寺', 35.7031062651, 139.57925177, 1);
INSERT OR REPLACE INTO service_category_rel (service_id, category_id) VALUES ('STB_964', 'cat_cafe');
INSERT OR REPLACE INTO service_cafe_details (service_id, has_wifi) VALUES ('STB_964', 1);
INSERT OR REPLACE INTO services (service_id, brand_id, owner_id, plan_id, ext_place_id, ext_source, title, address, lat, lng, verification_level) VALUES ('STB_965', 'brand_starbucks', '01ARZ3NDEKTSV4RRFFQ69G5FAV', 'free', 'STB_OFFICIAL_965', 'starbucks_official', 'スターバックス コーヒー 二子玉川ライズ　ドッグウッドプラザ店', '東京都 世田谷区 玉川2-23-1 二子玉川ライズショッピングセンター ドッグウッドプラザ', 35.6128020444, 139.627484701, 1);
INSERT OR REPLACE INTO service_category_rel (service_id, category_id) VALUES ('STB_965', 'cat_cafe');
INSERT OR REPLACE INTO service_cafe_details (service_id, has_wifi) VALUES ('STB_965', 1);
INSERT OR REPLACE INTO services (service_id, brand_id, owner_id, plan_id, ext_place_id, ext_source, title, address, lat, lng, verification_level) VALUES ('STB_985', 'brand_starbucks', '01ARZ3NDEKTSV4RRFFQ69G5FAV', 'free', 'STB_OFFICIAL_985', 'starbucks_official', 'スターバックス コーヒー サザンスカイタワー八王子店', '東京都 八王子市 子安町4-7-1 サザンスカイタワー八王子', 35.6540878588, 139.338520409, 1);
INSERT OR REPLACE INTO service_category_rel (service_id, category_id) VALUES ('STB_985', 'cat_cafe');
INSERT OR REPLACE INTO service_cafe_details (service_id, has_wifi) VALUES ('STB_985', 1);
INSERT OR REPLACE INTO services (service_id, brand_id, owner_id, plan_id, ext_place_id, ext_source, title, address, lat, lng, verification_level) VALUES ('STB_987', 'brand_starbucks', '01ARZ3NDEKTSV4RRFFQ69G5FAV', 'free', 'STB_OFFICIAL_987', 'starbucks_official', 'スターバックス コーヒー 錦糸町テルミナ2店', '東京都 墨田区 錦糸1-2-47 テルミナ2', 35.6971490461, 139.813303162, 1);
INSERT OR REPLACE INTO service_category_rel (service_id, category_id) VALUES ('STB_987', 'cat_cafe');
INSERT OR REPLACE INTO service_cafe_details (service_id, has_wifi) VALUES ('STB_987', 1);
INSERT OR REPLACE INTO services (service_id, brand_id, owner_id, plan_id, ext_place_id, ext_source, title, address, lat, lng, verification_level) VALUES ('STB_996', 'brand_starbucks', '01ARZ3NDEKTSV4RRFFQ69G5FAV', 'free', 'STB_OFFICIAL_996', 'starbucks_official', 'スターバックス コーヒー 阪急大井町ガーデン店', '東京都 品川区 大井1-50-5 新阪急大井町ビル', 35.6056388449, 139.734407262, 1);
INSERT OR REPLACE INTO service_category_rel (service_id, category_id) VALUES ('STB_996', 'cat_cafe');
INSERT OR REPLACE INTO service_cafe_details (service_id, has_wifi) VALUES ('STB_996', 1);
INSERT OR REPLACE INTO services (service_id, brand_id, owner_id, plan_id, ext_place_id, ext_source, title, address, lat, lng, verification_level) VALUES ('STB_1007', 'brand_starbucks', '01ARZ3NDEKTSV4RRFFQ69G5FAV', 'free', 'STB_OFFICIAL_1007', 'starbucks_official', 'スターバックス コーヒー アコルデ代々木上原店', '東京都 渋谷区 西原3-8-5 アコルデ代々木上原', 35.6690113908, 139.679819988, 1);
INSERT OR REPLACE INTO service_category_rel (service_id, category_id) VALUES ('STB_1007', 'cat_cafe');
INSERT OR REPLACE INTO service_cafe_details (service_id, has_wifi) VALUES ('STB_1007', 1);
INSERT OR REPLACE INTO services (service_id, brand_id, owner_id, plan_id, ext_place_id, ext_source, title, address, lat, lng, verification_level) VALUES ('STB_1038', 'brand_starbucks', '01ARZ3NDEKTSV4RRFFQ69G5FAV', 'free', 'STB_OFFICIAL_1038', 'starbucks_official', 'スターバックス コーヒー 東京スカイツリータウン・ソラマチ東6階店', '東京都 墨田区 押上1-1-2 東京スカイツリータウン', 35.7103637197, 139.811924891, 1);
INSERT OR REPLACE INTO service_category_rel (service_id, category_id) VALUES ('STB_1038', 'cat_cafe');
INSERT OR REPLACE INTO service_cafe_details (service_id, has_wifi) VALUES ('STB_1038', 1);
INSERT OR REPLACE INTO services (service_id, brand_id, owner_id, plan_id, ext_place_id, ext_source, title, address, lat, lng, verification_level) VALUES ('STB_1040', 'brand_starbucks', '01ARZ3NDEKTSV4RRFFQ69G5FAV', 'free', 'STB_OFFICIAL_1040', 'starbucks_official', 'スターバックス コーヒー 東京スカイツリータウン・ソラマチ西1階店', '東京都 墨田区 押上1-1-2 東京スカイツリータウン', 35.7097584614, 139.809334022, 1);
INSERT OR REPLACE INTO service_category_rel (service_id, category_id) VALUES ('STB_1040', 'cat_cafe');
INSERT OR REPLACE INTO service_cafe_details (service_id, has_wifi) VALUES ('STB_1040', 1);
INSERT OR REPLACE INTO services (service_id, brand_id, owner_id, plan_id, ext_place_id, ext_source, title, address, lat, lng, verification_level) VALUES ('STB_1046', 'brand_starbucks', '01ARZ3NDEKTSV4RRFFQ69G5FAV', 'free', 'STB_OFFICIAL_1046', 'starbucks_official', 'スターバックス コーヒー 表参道 神宮前4丁目店', '東京都 渋谷区 神宮前4-3-4 Ｂａｒｂｉｚｏｎ ７ ＡＮＮＥＸ', 35.6665416423, 139.710899187, 1);
INSERT OR REPLACE INTO service_category_rel (service_id, category_id) VALUES ('STB_1046', 'cat_cafe');
INSERT OR REPLACE INTO service_cafe_details (service_id, has_wifi) VALUES ('STB_1046', 1);
INSERT OR REPLACE INTO services (service_id, brand_id, owner_id, plan_id, ext_place_id, ext_source, title, address, lat, lng, verification_level) VALUES ('STB_1056', 'brand_starbucks', '01ARZ3NDEKTSV4RRFFQ69G5FAV', 'free', 'STB_OFFICIAL_1056', 'starbucks_official', 'スターバックス コーヒー 元八王子店', '東京都 八王子市 元八王子町1-409-2', 35.665102745, 139.288134919, 1);
INSERT OR REPLACE INTO service_category_rel (service_id, category_id) VALUES ('STB_1056', 'cat_cafe');
INSERT OR REPLACE INTO service_cafe_details (service_id, has_wifi) VALUES ('STB_1056', 1);
INSERT OR REPLACE INTO services (service_id, brand_id, owner_id, plan_id, ext_place_id, ext_source, title, address, lat, lng, verification_level) VALUES ('STB_1061', 'brand_starbucks', '01ARZ3NDEKTSV4RRFFQ69G5FAV', 'free', 'STB_OFFICIAL_1061', 'starbucks_official', 'スターバックス コーヒー アトレ四谷店', '東京都 新宿区 四谷1-5-25 アトレ四谷', 35.6861707124, 139.730151129, 1);
INSERT OR REPLACE INTO service_category_rel (service_id, category_id) VALUES ('STB_1061', 'cat_cafe');
INSERT OR REPLACE INTO service_cafe_details (service_id, has_wifi) VALUES ('STB_1061', 1);
INSERT OR REPLACE INTO services (service_id, brand_id, owner_id, plan_id, ext_place_id, ext_source, title, address, lat, lng, verification_level) VALUES ('STB_1062', 'brand_starbucks', '01ARZ3NDEKTSV4RRFFQ69G5FAV', 'free', 'STB_OFFICIAL_1062', 'starbucks_official', 'スターバックス コーヒー 東急プラザ表参道オモカド店', '東京都 渋谷区 神宮前4-30-3 東急プラザ表参道「オモカド」', 35.6686335556, 139.706019496, 1);
INSERT OR REPLACE INTO service_category_rel (service_id, category_id) VALUES ('STB_1062', 'cat_cafe');
INSERT OR REPLACE INTO service_cafe_details (service_id, has_wifi) VALUES ('STB_1062', 1);
INSERT OR REPLACE INTO services (service_id, brand_id, owner_id, plan_id, ext_place_id, ext_source, title, address, lat, lng, verification_level) VALUES ('STB_1065', 'brand_starbucks', '01ARZ3NDEKTSV4RRFFQ69G5FAV', 'free', 'STB_OFFICIAL_1065', 'starbucks_official', 'スターバックス コーヒー ルミネ池袋2階店', '東京都 豊島区 西池袋1-11-1 ルミネ池袋', 35.7292771342, 139.709749727, 1);
INSERT OR REPLACE INTO service_category_rel (service_id, category_id) VALUES ('STB_1065', 'cat_cafe');
INSERT OR REPLACE INTO service_cafe_details (service_id, has_wifi) VALUES ('STB_1065', 1);
INSERT OR REPLACE INTO services (service_id, brand_id, owner_id, plan_id, ext_place_id, ext_source, title, address, lat, lng, verification_level) VALUES ('STB_1070', 'brand_starbucks', '01ARZ3NDEKTSV4RRFFQ69G5FAV', 'free', 'STB_OFFICIAL_1070', 'starbucks_official', 'スターバックス コーヒー ダイバーシティ東京 プラザ店', '東京都 江東区 青海1-1-10 ダイバーシティ東京 プラザ 2階', 35.6256715965, 139.776063158, 1);
INSERT OR REPLACE INTO service_category_rel (service_id, category_id) VALUES ('STB_1070', 'cat_cafe');
INSERT OR REPLACE INTO service_cafe_details (service_id, has_wifi) VALUES ('STB_1070', 1);
INSERT OR REPLACE INTO services (service_id, brand_id, owner_id, plan_id, ext_place_id, ext_source, title, address, lat, lng, verification_level) VALUES ('STB_1079', 'brand_starbucks', '01ARZ3NDEKTSV4RRFFQ69G5FAV', 'free', 'STB_OFFICIAL_1079', 'starbucks_official', 'スターバックス コーヒー 東武池袋店', '東京都 豊島区 西池袋1-1-25 東武百貨店 池袋店', 35.7301267751, 139.710294921, 1);
INSERT OR REPLACE INTO service_category_rel (service_id, category_id) VALUES ('STB_1079', 'cat_cafe');
INSERT OR REPLACE INTO service_cafe_details (service_id, has_wifi) VALUES ('STB_1079', 0);
INSERT OR REPLACE INTO services (service_id, brand_id, owner_id, plan_id, ext_place_id, ext_source, title, address, lat, lng, verification_level) VALUES ('STB_1083', 'brand_starbucks', '01ARZ3NDEKTSV4RRFFQ69G5FAV', 'free', 'STB_OFFICIAL_1083', 'starbucks_official', 'スターバックス コーヒー 神楽坂下店', '東京都 新宿区 神楽坂1-9-2 秀永ビル', 35.7003769081, 139.742473896, 1);
INSERT OR REPLACE INTO service_category_rel (service_id, category_id) VALUES ('STB_1083', 'cat_cafe');
INSERT OR REPLACE INTO service_cafe_details (service_id, has_wifi) VALUES ('STB_1083', 1);
INSERT OR REPLACE INTO services (service_id, brand_id, owner_id, plan_id, ext_place_id, ext_source, title, address, lat, lng, verification_level) VALUES ('STB_1087', 'brand_starbucks', '01ARZ3NDEKTSV4RRFFQ69G5FAV', 'free', 'STB_OFFICIAL_1087', 'starbucks_official', 'スターバックス コーヒー 上野恩賜公園店', '東京都 台東区 上野公園8-22', 35.7157824729, 139.773725591, 1);
INSERT OR REPLACE INTO service_category_rel (service_id, category_id) VALUES ('STB_1087', 'cat_cafe');
INSERT OR REPLACE INTO service_cafe_details (service_id, has_wifi) VALUES ('STB_1087', 1);
INSERT OR REPLACE INTO services (service_id, brand_id, owner_id, plan_id, ext_place_id, ext_source, title, address, lat, lng, verification_level) VALUES ('STB_1098', 'brand_starbucks', '01ARZ3NDEKTSV4RRFFQ69G5FAV', 'free', 'STB_OFFICIAL_1098', 'starbucks_official', 'スターバックス コーヒー 多摩野猿街道店', '東京都 八王子市 堀之内2-12-1', 35.6288627631, 139.401213586, 1);
INSERT OR REPLACE INTO service_category_rel (service_id, category_id) VALUES ('STB_1098', 'cat_cafe');
INSERT OR REPLACE INTO service_cafe_details (service_id, has_wifi) VALUES ('STB_1098', 1);
INSERT OR REPLACE INTO services (service_id, brand_id, owner_id, plan_id, ext_place_id, ext_source, title, address, lat, lng, verification_level) VALUES ('STB_1102', 'brand_starbucks', '01ARZ3NDEKTSV4RRFFQ69G5FAV', 'free', 'STB_OFFICIAL_1102', 'starbucks_official', 'スターバックス コーヒー 芦花公園店', '東京都 世田谷区 南烏山1-2-17', 35.6680428282, 139.613053355, 1);
INSERT OR REPLACE INTO service_category_rel (service_id, category_id) VALUES ('STB_1102', 'cat_cafe');
INSERT OR REPLACE INTO service_cafe_details (service_id, has_wifi) VALUES ('STB_1102', 1);
INSERT OR REPLACE INTO services (service_id, brand_id, owner_id, plan_id, ext_place_id, ext_source, title, address, lat, lng, verification_level) VALUES ('STB_1119', 'brand_starbucks', '01ARZ3NDEKTSV4RRFFQ69G5FAV', 'free', 'STB_OFFICIAL_1119', 'starbucks_official', 'スターバックス コーヒー フレンテ南大沢店', '東京都 八王子市 南大沢2-1-6 フレンテ南大沢', 35.6140300827, 139.379569955, 1);
INSERT OR REPLACE INTO service_category_rel (service_id, category_id) VALUES ('STB_1119', 'cat_cafe');
INSERT OR REPLACE INTO service_cafe_details (service_id, has_wifi) VALUES ('STB_1119', 1);
INSERT OR REPLACE INTO services (service_id, brand_id, owner_id, plan_id, ext_place_id, ext_source, title, address, lat, lng, verification_level) VALUES ('STB_1120', 'brand_starbucks', '01ARZ3NDEKTSV4RRFFQ69G5FAV', 'free', 'STB_OFFICIAL_1120', 'starbucks_official', 'スターバックス コーヒー 杏林大学病院店', '東京都 三鷹市 新川6-20-2', 35.6775557201, 139.566519282, 1);
INSERT OR REPLACE INTO service_category_rel (service_id, category_id) VALUES ('STB_1120', 'cat_cafe');
INSERT OR REPLACE INTO service_cafe_details (service_id, has_wifi) VALUES ('STB_1120', 0);
INSERT OR REPLACE INTO services (service_id, brand_id, owner_id, plan_id, ext_place_id, ext_source, title, address, lat, lng, verification_level) VALUES ('STB_1127', 'brand_starbucks', '01ARZ3NDEKTSV4RRFFQ69G5FAV', 'free', 'STB_OFFICIAL_1127', 'starbucks_official', 'スターバックス コーヒー アトレヴィ大塚店', '東京都 豊島区 南大塚3-33-1 アトレヴィ大塚', 35.731242259, 139.7289286, 1);
INSERT OR REPLACE INTO service_category_rel (service_id, category_id) VALUES ('STB_1127', 'cat_cafe');
INSERT OR REPLACE INTO service_cafe_details (service_id, has_wifi) VALUES ('STB_1127', 1);
INSERT OR REPLACE INTO services (service_id, brand_id, owner_id, plan_id, ext_place_id, ext_source, title, address, lat, lng, verification_level) VALUES ('STB_1130', 'brand_starbucks', '01ARZ3NDEKTSV4RRFFQ69G5FAV', 'free', 'STB_OFFICIAL_1130', 'starbucks_official', 'スターバックス コーヒー 目黒店', '東京都 品川区 上大崎2-25-2 新目黒東急ビル', 35.6345876183, 139.714231493, 1);
INSERT OR REPLACE INTO service_category_rel (service_id, category_id) VALUES ('STB_1130', 'cat_cafe');
INSERT OR REPLACE INTO service_cafe_details (service_id, has_wifi) VALUES ('STB_1130', 1);
INSERT OR REPLACE INTO services (service_id, brand_id, owner_id, plan_id, ext_place_id, ext_source, title, address, lat, lng, verification_level) VALUES ('STB_1132', 'brand_starbucks', '01ARZ3NDEKTSV4RRFFQ69G5FAV', 'free', 'STB_OFFICIAL_1132', 'starbucks_official', 'スターバックス コーヒー スターバックス ティー＆カフェ キラリナ京王吉祥寺 3階店', '東京都 武蔵野市 吉祥寺南町2-1-25 キラリナ京王吉祥寺 3階', 35.7026643832, 139.580121718, 1);
INSERT OR REPLACE INTO service_category_rel (service_id, category_id) VALUES ('STB_1132', 'cat_cafe');
INSERT OR REPLACE INTO service_cafe_details (service_id, has_wifi) VALUES ('STB_1132', 1);
INSERT OR REPLACE INTO services (service_id, brand_id, owner_id, plan_id, ext_place_id, ext_source, title, address, lat, lng, verification_level) VALUES ('STB_1138', 'brand_starbucks', '01ARZ3NDEKTSV4RRFFQ69G5FAV', 'free', 'STB_OFFICIAL_1138', 'starbucks_official', 'スターバックス コーヒー 二子玉川公園店', '東京都 世田谷区 玉川1-16-1', 35.60748159, 139.632502307, 1);
INSERT OR REPLACE INTO service_category_rel (service_id, category_id) VALUES ('STB_1138', 'cat_cafe');
INSERT OR REPLACE INTO service_cafe_details (service_id, has_wifi) VALUES ('STB_1138', 1);
INSERT OR REPLACE INTO services (service_id, brand_id, owner_id, plan_id, ext_place_id, ext_source, title, address, lat, lng, verification_level) VALUES ('STB_1139', 'brand_starbucks', '01ARZ3NDEKTSV4RRFFQ69G5FAV', 'free', 'STB_OFFICIAL_1139', 'starbucks_official', 'スターバックス コーヒー 田園調布 東急スクエアガーデンサイト店', '東京都 大田区 田園調布2-62-3 東急スクエアガーデンサイト アネックス', 35.5973591156, 139.667396819, 1);
INSERT OR REPLACE INTO service_category_rel (service_id, category_id) VALUES ('STB_1139', 'cat_cafe');
INSERT OR REPLACE INTO service_cafe_details (service_id, has_wifi) VALUES ('STB_1139', 1);
INSERT OR REPLACE INTO services (service_id, brand_id, owner_id, plan_id, ext_place_id, ext_source, title, address, lat, lng, verification_level) VALUES ('STB_1155', 'brand_starbucks', '01ARZ3NDEKTSV4RRFFQ69G5FAV', 'free', 'STB_OFFICIAL_1155', 'starbucks_official', 'スターバックス コーヒー ぽっぽ町田店', '東京都 町田市 原町田4-10-20', 35.5423109158, 139.449278024, 1);
INSERT OR REPLACE INTO service_category_rel (service_id, category_id) VALUES ('STB_1155', 'cat_cafe');
INSERT OR REPLACE INTO service_cafe_details (service_id, has_wifi) VALUES ('STB_1155', 1);
INSERT OR REPLACE INTO services (service_id, brand_id, owner_id, plan_id, ext_place_id, ext_source, title, address, lat, lng, verification_level) VALUES ('STB_1170', 'brand_starbucks', '01ARZ3NDEKTSV4RRFFQ69G5FAV', 'free', 'STB_OFFICIAL_1170', 'starbucks_official', 'スターバックス コーヒー 代沢5丁目店', '東京都 世田谷区 代沢5-8-13 クリークス代沢', 35.6570285743, 139.667837924, 1);
INSERT OR REPLACE INTO service_category_rel (service_id, category_id) VALUES ('STB_1170', 'cat_cafe');
INSERT OR REPLACE INTO service_cafe_details (service_id, has_wifi) VALUES ('STB_1170', 1);
INSERT OR REPLACE INTO services (service_id, brand_id, owner_id, plan_id, ext_place_id, ext_source, title, address, lat, lng, verification_level) VALUES ('STB_1175', 'brand_starbucks', '01ARZ3NDEKTSV4RRFFQ69G5FAV', 'free', 'STB_OFFICIAL_1175', 'starbucks_official', 'スターバックス コーヒー セレオ八王子北館店', '東京都 八王子市 旭町1-1 セレオ八王子', 35.656247639, 139.339158867, 1);
INSERT OR REPLACE INTO service_category_rel (service_id, category_id) VALUES ('STB_1175', 'cat_cafe');
INSERT OR REPLACE INTO service_cafe_details (service_id, has_wifi) VALUES ('STB_1175', 1);
INSERT OR REPLACE INTO services (service_id, brand_id, owner_id, plan_id, ext_place_id, ext_source, title, address, lat, lng, verification_level) VALUES ('STB_1180', 'brand_starbucks', '01ARZ3NDEKTSV4RRFFQ69G5FAV', 'free', 'STB_OFFICIAL_1180', 'starbucks_official', 'スターバックス コーヒー 池尻2丁目店', '東京都 世田谷区 池尻2-27-7 アリビエ池尻', 35.6491474671, 139.683409494, 1);
INSERT OR REPLACE INTO service_category_rel (service_id, category_id) VALUES ('STB_1180', 'cat_cafe');
INSERT OR REPLACE INTO service_cafe_details (service_id, has_wifi) VALUES ('STB_1180', 1);
INSERT OR REPLACE INTO services (service_id, brand_id, owner_id, plan_id, ext_place_id, ext_source, title, address, lat, lng, verification_level) VALUES ('STB_1185', 'brand_starbucks', '01ARZ3NDEKTSV4RRFFQ69G5FAV', 'free', 'STB_OFFICIAL_1185', 'starbucks_official', 'スターバックス コーヒー 豊洲フォレシア店', '東京都 江東区 豊洲3-2-24 豊洲フォレシア', 35.6573846402, 139.794651265, 1);
INSERT OR REPLACE INTO service_category_rel (service_id, category_id) VALUES ('STB_1185', 'cat_cafe');
INSERT OR REPLACE INTO service_cafe_details (service_id, has_wifi) VALUES ('STB_1185', 1);
INSERT OR REPLACE INTO services (service_id, brand_id, owner_id, plan_id, ext_place_id, ext_source, title, address, lat, lng, verification_level) VALUES ('STB_1197', 'brand_starbucks', '01ARZ3NDEKTSV4RRFFQ69G5FAV', 'free', 'STB_OFFICIAL_1197', 'starbucks_official', 'スターバックス コーヒー アークヒルズサウスタワー店', '東京都 港区 六本木1-4-5 アークヒルズサウスタワー', 35.6655083613, 139.739371593, 1);
INSERT OR REPLACE INTO service_category_rel (service_id, category_id) VALUES ('STB_1197', 'cat_cafe');
INSERT OR REPLACE INTO service_cafe_details (service_id, has_wifi) VALUES ('STB_1197', 1);
INSERT OR REPLACE INTO services (service_id, brand_id, owner_id, plan_id, ext_place_id, ext_source, title, address, lat, lng, verification_level) VALUES ('STB_1212', 'brand_starbucks', '01ARZ3NDEKTSV4RRFFQ69G5FAV', 'free', 'STB_OFFICIAL_1212', 'starbucks_official', 'スターバックス コーヒー nonowa武蔵小金井店', '東京都 小金井市 本町6-14-29', 35.700991897, 139.507063974, 1);
INSERT OR REPLACE INTO service_category_rel (service_id, category_id) VALUES ('STB_1212', 'cat_cafe');
INSERT OR REPLACE INTO service_cafe_details (service_id, has_wifi) VALUES ('STB_1212', 1);
INSERT OR REPLACE INTO services (service_id, brand_id, owner_id, plan_id, ext_place_id, ext_source, title, address, lat, lng, verification_level) VALUES ('STB_1221', 'brand_starbucks', '01ARZ3NDEKTSV4RRFFQ69G5FAV', 'free', 'STB_OFFICIAL_1221', 'starbucks_official', 'スターバックス コーヒー 北千住マルイ店', '東京都 足立区 千住3-92 北千住マルイ', 35.7508087092, 139.804540864, 1);
INSERT OR REPLACE INTO service_category_rel (service_id, category_id) VALUES ('STB_1221', 'cat_cafe');
INSERT OR REPLACE INTO service_cafe_details (service_id, has_wifi) VALUES ('STB_1221', 0);
INSERT OR REPLACE INTO services (service_id, brand_id, owner_id, plan_id, ext_place_id, ext_source, title, address, lat, lng, verification_level) VALUES ('STB_1225', 'brand_starbucks', '01ARZ3NDEKTSV4RRFFQ69G5FAV', 'free', 'STB_OFFICIAL_1225', 'starbucks_official', 'スターバックス コーヒー 飯田橋サクラテラス店', '東京都 千代田区 富士見2-10-2', 35.6990906845, 139.744057435, 1);
INSERT OR REPLACE INTO service_category_rel (service_id, category_id) VALUES ('STB_1225', 'cat_cafe');
INSERT OR REPLACE INTO service_cafe_details (service_id, has_wifi) VALUES ('STB_1225', 1);
INSERT OR REPLACE INTO services (service_id, brand_id, owner_id, plan_id, ext_place_id, ext_source, title, address, lat, lng, verification_level) VALUES ('STB_1235', 'brand_starbucks', '01ARZ3NDEKTSV4RRFFQ69G5FAV', 'free', 'STB_OFFICIAL_1235', 'starbucks_official', 'スターバックス コーヒー 調布パルコ店', '東京都 調布市 小島町1-38-1', 35.6526582625, 139.543708712, 1);
INSERT OR REPLACE INTO service_category_rel (service_id, category_id) VALUES ('STB_1235', 'cat_cafe');
INSERT OR REPLACE INTO service_cafe_details (service_id, has_wifi) VALUES ('STB_1235', 1);
INSERT OR REPLACE INTO services (service_id, brand_id, owner_id, plan_id, ext_place_id, ext_source, title, address, lat, lng, verification_level) VALUES ('STB_1239', 'brand_starbucks', '01ARZ3NDEKTSV4RRFFQ69G5FAV', 'free', 'STB_OFFICIAL_1239', 'starbucks_official', 'スターバックス コーヒー イオンモール多摩平の森店', '東京都 日野市 多摩平2-4-1', 35.6614891937, 139.380751561, 1);
INSERT OR REPLACE INTO service_category_rel (service_id, category_id) VALUES ('STB_1239', 'cat_cafe');
INSERT OR REPLACE INTO service_cafe_details (service_id, has_wifi) VALUES ('STB_1239', 1);
INSERT OR REPLACE INTO services (service_id, brand_id, owner_id, plan_id, ext_place_id, ext_source, title, address, lat, lng, verification_level) VALUES ('STB_1250', 'brand_starbucks', '01ARZ3NDEKTSV4RRFFQ69G5FAV', 'free', 'STB_OFFICIAL_1250', 'starbucks_official', 'スターバックス コーヒー ルミネ立川店', '東京都 立川市 曙町2-1-1 ルミネ立川店 1階', 35.698495537, 139.413913492, 1);
INSERT OR REPLACE INTO service_category_rel (service_id, category_id) VALUES ('STB_1250', 'cat_cafe');
INSERT OR REPLACE INTO service_cafe_details (service_id, has_wifi) VALUES ('STB_1250', 1);
INSERT OR REPLACE INTO services (service_id, brand_id, owner_id, plan_id, ext_place_id, ext_source, title, address, lat, lng, verification_level) VALUES ('STB_1253', 'brand_starbucks', '01ARZ3NDEKTSV4RRFFQ69G5FAV', 'free', 'STB_OFFICIAL_1253', 'starbucks_official', 'スターバックス コーヒー エチカ池袋店', '東京都 豊島区 西池袋3-28-14', 35.7313129909, 139.707648142, 1);
INSERT OR REPLACE INTO service_category_rel (service_id, category_id) VALUES ('STB_1253', 'cat_cafe');
INSERT OR REPLACE INTO service_cafe_details (service_id, has_wifi) VALUES ('STB_1253', 1);
INSERT OR REPLACE INTO services (service_id, brand_id, owner_id, plan_id, ext_place_id, ext_source, title, address, lat, lng, verification_level) VALUES ('STB_1269', 'brand_starbucks', '01ARZ3NDEKTSV4RRFFQ69G5FAV', 'free', 'STB_OFFICIAL_1269', 'starbucks_official', 'スターバックス コーヒー 恵比寿ファーストスクエア店', '東京都 渋谷区 恵比寿1-18-14 恵比寿ファーストスクエア', 35.6472865457, 139.714681427, 1);
INSERT OR REPLACE INTO service_category_rel (service_id, category_id) VALUES ('STB_1269', 'cat_cafe');
INSERT OR REPLACE INTO service_cafe_details (service_id, has_wifi) VALUES ('STB_1269', 1);
INSERT OR REPLACE INTO services (service_id, brand_id, owner_id, plan_id, ext_place_id, ext_source, title, address, lat, lng, verification_level) VALUES ('STB_1274', 'brand_starbucks', '01ARZ3NDEKTSV4RRFFQ69G5FAV', 'free', 'STB_OFFICIAL_1274', 'starbucks_official', 'スターバックス コーヒー アトレ恵比寿店(5F)', '東京都 渋谷区 恵比寿南1-5-5 アトレ恵比寿店 5階', 35.6462976928, 139.710684026, 1);
INSERT OR REPLACE INTO service_category_rel (service_id, category_id) VALUES ('STB_1274', 'cat_cafe');
INSERT OR REPLACE INTO service_cafe_details (service_id, has_wifi) VALUES ('STB_1274', 1);
INSERT OR REPLACE INTO services (service_id, brand_id, owner_id, plan_id, ext_place_id, ext_source, title, address, lat, lng, verification_level) VALUES ('STB_1284', 'brand_starbucks', '01ARZ3NDEKTSV4RRFFQ69G5FAV', 'free', 'STB_OFFICIAL_1284', 'starbucks_official', 'スターバックス コーヒー TSUTAYA 浜田山店', '東京都 杉並区 浜田山3-37-15', 35.6851484382, 139.625501256, 1);
INSERT OR REPLACE INTO service_category_rel (service_id, category_id) VALUES ('STB_1284', 'cat_cafe');
INSERT OR REPLACE INTO service_cafe_details (service_id, has_wifi) VALUES ('STB_1284', 1);
INSERT OR REPLACE INTO services (service_id, brand_id, owner_id, plan_id, ext_place_id, ext_source, title, address, lat, lng, verification_level) VALUES ('STB_1285', 'brand_starbucks', '01ARZ3NDEKTSV4RRFFQ69G5FAV', 'free', 'STB_OFFICIAL_1285', 'starbucks_official', 'スターバックス コーヒー 大崎ブライトタワー店', '東京都 品川区 北品川5-6-1 大崎ブライトタワー', 35.6216084653, 139.730952647, 1);
INSERT OR REPLACE INTO service_category_rel (service_id, category_id) VALUES ('STB_1285', 'cat_cafe');
INSERT OR REPLACE INTO service_cafe_details (service_id, has_wifi) VALUES ('STB_1285', 1);
INSERT OR REPLACE INTO services (service_id, brand_id, owner_id, plan_id, ext_place_id, ext_source, title, address, lat, lng, verification_level) VALUES ('STB_1292', 'brand_starbucks', '01ARZ3NDEKTSV4RRFFQ69G5FAV', 'free', 'STB_OFFICIAL_1292', 'starbucks_official', 'スターバックス コーヒー ららぽーと立川立飛店', '東京都 立川市 泉町935-1', 35.7123732758, 139.417149806, 1);
INSERT OR REPLACE INTO service_category_rel (service_id, category_id) VALUES ('STB_1292', 'cat_cafe');
INSERT OR REPLACE INTO service_cafe_details (service_id, has_wifi) VALUES ('STB_1292', 1);
INSERT OR REPLACE INTO services (service_id, brand_id, owner_id, plan_id, ext_place_id, ext_source, title, address, lat, lng, verification_level) VALUES ('STB_1308', 'brand_starbucks', '01ARZ3NDEKTSV4RRFFQ69G5FAV', 'free', 'STB_OFFICIAL_1308', 'starbucks_official', 'スターバックス コーヒー ルミネ新宿店', '東京都 新宿区 西新宿1-1-5 ルミネ新宿１', 35.6890170894, 139.699190514, 1);
INSERT OR REPLACE INTO service_category_rel (service_id, category_id) VALUES ('STB_1308', 'cat_cafe');
INSERT OR REPLACE INTO service_cafe_details (service_id, has_wifi) VALUES ('STB_1308', 1);
INSERT OR REPLACE INTO services (service_id, brand_id, owner_id, plan_id, ext_place_id, ext_source, title, address, lat, lng, verification_level) VALUES ('STB_1313', 'brand_starbucks', '01ARZ3NDEKTSV4RRFFQ69G5FAV', 'free', 'STB_OFFICIAL_1313', 'starbucks_official', 'スターバックス コーヒー 東京ガーデンテラス紀尾井町店', '東京都 千代田区 紀尾井町1-2 東京ガーデンテラス紀尾井町', 35.6790979752, 139.736875619, 1);
INSERT OR REPLACE INTO service_category_rel (service_id, category_id) VALUES ('STB_1313', 'cat_cafe');
INSERT OR REPLACE INTO service_cafe_details (service_id, has_wifi) VALUES ('STB_1313', 1);
INSERT OR REPLACE INTO services (service_id, brand_id, owner_id, plan_id, ext_place_id, ext_source, title, address, lat, lng, verification_level) VALUES ('STB_1315', 'brand_starbucks', '01ARZ3NDEKTSV4RRFFQ69G5FAV', 'free', 'STB_OFFICIAL_1315', 'starbucks_official', 'スターバックス コーヒー 小田急町田駅店', '東京都 町田市 原町田6-12-20', 35.5446339408, 139.445849313, 1);
INSERT OR REPLACE INTO service_category_rel (service_id, category_id) VALUES ('STB_1315', 'cat_cafe');
INSERT OR REPLACE INTO service_cafe_details (service_id, has_wifi) VALUES ('STB_1315', 1);
INSERT OR REPLACE INTO services (service_id, brand_id, owner_id, plan_id, ext_place_id, ext_source, title, address, lat, lng, verification_level) VALUES ('STB_1317', 'brand_starbucks', '01ARZ3NDEKTSV4RRFFQ69G5FAV', 'free', 'STB_OFFICIAL_1317', 'starbucks_official', 'スターバックス コーヒー ららぽーと豊洲 シーサイドデッキ店', '東京都 江東区 豊洲2-4-9 アーバンドック ららぽーと豊洲', 35.6560052968, 139.791987105, 1);
INSERT OR REPLACE INTO service_category_rel (service_id, category_id) VALUES ('STB_1317', 'cat_cafe');
INSERT OR REPLACE INTO service_cafe_details (service_id, has_wifi) VALUES ('STB_1317', 1);
INSERT OR REPLACE INTO services (service_id, brand_id, owner_id, plan_id, ext_place_id, ext_source, title, address, lat, lng, verification_level) VALUES ('STB_1324', 'brand_starbucks', '01ARZ3NDEKTSV4RRFFQ69G5FAV', 'free', 'STB_OFFICIAL_1324', 'starbucks_official', 'スターバックス コーヒー ルミネ町田店', '東京都 町田市 原町田6-1-11', 35.5419109058, 139.446252738, 1);
INSERT OR REPLACE INTO service_category_rel (service_id, category_id) VALUES ('STB_1324', 'cat_cafe');
INSERT OR REPLACE INTO service_cafe_details (service_id, has_wifi) VALUES ('STB_1324', 1);
INSERT OR REPLACE INTO services (service_id, brand_id, owner_id, plan_id, ext_place_id, ext_source, title, address, lat, lng, verification_level) VALUES ('STB_1325', 'brand_starbucks', '01ARZ3NDEKTSV4RRFFQ69G5FAV', 'free', 'STB_OFFICIAL_1325', 'starbucks_official', 'スターバックス コーヒー 三鷹武蔵境通り店', '東京都 三鷹市 井口2-1-2', 35.6887200747, 139.550227899, 1);
INSERT OR REPLACE INTO service_category_rel (service_id, category_id) VALUES ('STB_1325', 'cat_cafe');
INSERT OR REPLACE INTO service_cafe_details (service_id, has_wifi) VALUES ('STB_1325', 1);
INSERT OR REPLACE INTO services (service_id, brand_id, owner_id, plan_id, ext_place_id, ext_source, title, address, lat, lng, verification_level) VALUES ('STB_1328', 'brand_starbucks', '01ARZ3NDEKTSV4RRFFQ69G5FAV', 'free', 'STB_OFFICIAL_1328', 'starbucks_official', 'スターバックス コーヒー 世田谷ビジネススクエア店', '東京都 世田谷区 用賀4-10-1', 35.6266689913, 139.633022213, 1);
INSERT OR REPLACE INTO service_category_rel (service_id, category_id) VALUES ('STB_1328', 'cat_cafe');
INSERT OR REPLACE INTO service_cafe_details (service_id, has_wifi) VALUES ('STB_1328', 1);
INSERT OR REPLACE INTO services (service_id, brand_id, owner_id, plan_id, ext_place_id, ext_source, title, address, lat, lng, verification_level) VALUES ('STB_1337', 'brand_starbucks', '01ARZ3NDEKTSV4RRFFQ69G5FAV', 'free', 'STB_OFFICIAL_1337', 'starbucks_official', 'スターバックス コーヒー 東京ビッグサイト店', '東京都 江東区 有明3-11-1 東京ビッグサイト レストラン街', 35.6308852582, 139.794985513, 1);
INSERT OR REPLACE INTO service_category_rel (service_id, category_id) VALUES ('STB_1337', 'cat_cafe');
INSERT OR REPLACE INTO service_cafe_details (service_id, has_wifi) VALUES ('STB_1337', 1);
INSERT OR REPLACE INTO services (service_id, brand_id, owner_id, plan_id, ext_place_id, ext_source, title, address, lat, lng, verification_level) VALUES ('STB_1341', 'brand_starbucks', '01ARZ3NDEKTSV4RRFFQ69G5FAV', 'free', 'STB_OFFICIAL_1341', 'starbucks_official', 'スターバックス コーヒー 渋谷モディ店', '東京都 渋谷区 神南1-21-3', 35.6614492284, 139.700547226, 1);
INSERT OR REPLACE INTO service_category_rel (service_id, category_id) VALUES ('STB_1341', 'cat_cafe');
INSERT OR REPLACE INTO service_cafe_details (service_id, has_wifi) VALUES ('STB_1341', 1);
INSERT OR REPLACE INTO services (service_id, brand_id, owner_id, plan_id, ext_place_id, ext_source, title, address, lat, lng, verification_level) VALUES ('STB_1343', 'brand_starbucks', '01ARZ3NDEKTSV4RRFFQ69G5FAV', 'free', 'STB_OFFICIAL_1343', 'starbucks_official', 'スターバックス コーヒー 奥沢2丁目店', '東京都 世田谷区 奥沢2-38-9', 35.6073272819, 139.671167991, 1);
INSERT OR REPLACE INTO service_category_rel (service_id, category_id) VALUES ('STB_1343', 'cat_cafe');
INSERT OR REPLACE INTO service_cafe_details (service_id, has_wifi) VALUES ('STB_1343', 1);
INSERT OR REPLACE INTO services (service_id, brand_id, owner_id, plan_id, ext_place_id, ext_source, title, address, lat, lng, verification_level) VALUES ('STB_1357', 'brand_starbucks', '01ARZ3NDEKTSV4RRFFQ69G5FAV', 'free', 'STB_OFFICIAL_1357', 'starbucks_official', 'スターバックス コーヒー 京橋エドグラン店', '東京都 中央区 京橋2-2-1 京橋エドグラン', 35.6772587452, 139.769691867, 1);
INSERT OR REPLACE INTO service_category_rel (service_id, category_id) VALUES ('STB_1357', 'cat_cafe');
INSERT OR REPLACE INTO service_cafe_details (service_id, has_wifi) VALUES ('STB_1357', 1);
INSERT OR REPLACE INTO services (service_id, brand_id, owner_id, plan_id, ext_place_id, ext_source, title, address, lat, lng, verification_level) VALUES ('STB_1361', 'brand_starbucks', '01ARZ3NDEKTSV4RRFFQ69G5FAV', 'free', 'STB_OFFICIAL_1361', 'starbucks_official', 'スターバックス コーヒー エキア成増店', '東京都 板橋区 成増2-13-1 EQUiA成増 2階', 35.7775481301, 139.632977492, 1);
INSERT OR REPLACE INTO service_category_rel (service_id, category_id) VALUES ('STB_1361', 'cat_cafe');
INSERT OR REPLACE INTO service_cafe_details (service_id, has_wifi) VALUES ('STB_1361', 1);
INSERT OR REPLACE INTO services (service_id, brand_id, owner_id, plan_id, ext_place_id, ext_source, title, address, lat, lng, verification_level) VALUES ('STB_1362', 'brand_starbucks', '01ARZ3NDEKTSV4RRFFQ69G5FAV', 'free', 'STB_OFFICIAL_1362', 'starbucks_official', 'スターバックス コーヒー 駒沢1丁目店', '東京都 世田谷区 駒沢1-24-5', 35.6288500031, 139.656596544, 1);
INSERT OR REPLACE INTO service_category_rel (service_id, category_id) VALUES ('STB_1362', 'cat_cafe');
INSERT OR REPLACE INTO service_cafe_details (service_id, has_wifi) VALUES ('STB_1362', 1);
INSERT OR REPLACE INTO services (service_id, brand_id, owner_id, plan_id, ext_place_id, ext_source, title, address, lat, lng, verification_level) VALUES ('STB_1369', 'brand_starbucks', '01ARZ3NDEKTSV4RRFFQ69G5FAV', 'free', 'STB_OFFICIAL_1369', 'starbucks_official', 'スターバックス コーヒー 渋谷2丁目店', '東京都 渋谷区 渋谷2-9-8 日総第25ビル', 35.6605508274, 139.707076447, 1);
INSERT OR REPLACE INTO service_category_rel (service_id, category_id) VALUES ('STB_1369', 'cat_cafe');
INSERT OR REPLACE INTO service_cafe_details (service_id, has_wifi) VALUES ('STB_1369', 1);
INSERT OR REPLACE INTO services (service_id, brand_id, owner_id, plan_id, ext_place_id, ext_source, title, address, lat, lng, verification_level) VALUES ('STB_1374', 'brand_starbucks', '01ARZ3NDEKTSV4RRFFQ69G5FAV', 'free', 'STB_OFFICIAL_1374', 'starbucks_official', 'スターバックス コーヒー GINZA SIX店', '東京都 中央区 銀座6-10-1', 35.6696247555, 139.764880673, 1);
INSERT OR REPLACE INTO service_category_rel (service_id, category_id) VALUES ('STB_1374', 'cat_cafe');
INSERT OR REPLACE INTO service_cafe_details (service_id, has_wifi) VALUES ('STB_1374', 1);
INSERT OR REPLACE INTO services (service_id, brand_id, owner_id, plan_id, ext_place_id, ext_source, title, address, lat, lng, verification_level) VALUES ('STB_1391', 'brand_starbucks', '01ARZ3NDEKTSV4RRFFQ69G5FAV', 'free', 'STB_OFFICIAL_1391', 'starbucks_official', 'スターバックス コーヒー 稲城東長沼店', '東京都 稲城市 東長沼1711-6', 35.6379694939, 139.508357879, 1);
INSERT OR REPLACE INTO service_category_rel (service_id, category_id) VALUES ('STB_1391', 'cat_cafe');
INSERT OR REPLACE INTO service_cafe_details (service_id, has_wifi) VALUES ('STB_1391', 1);
INSERT OR REPLACE INTO services (service_id, brand_id, owner_id, plan_id, ext_place_id, ext_source, title, address, lat, lng, verification_level) VALUES ('STB_1400', 'brand_starbucks', '01ARZ3NDEKTSV4RRFFQ69G5FAV', 'free', 'STB_OFFICIAL_1400', 'starbucks_official', 'スターバックス コーヒー グランデュオ立川店', '東京都 立川市 柴崎町3-2-1', 35.697501769, 139.414749301, 1);
INSERT OR REPLACE INTO service_category_rel (service_id, category_id) VALUES ('STB_1400', 'cat_cafe');
INSERT OR REPLACE INTO service_cafe_details (service_id, has_wifi) VALUES ('STB_1400', 1);
INSERT OR REPLACE INTO services (service_id, brand_id, owner_id, plan_id, ext_place_id, ext_source, title, address, lat, lng, verification_level) VALUES ('STB_1417', 'brand_starbucks', '01ARZ3NDEKTSV4RRFFQ69G5FAV', 'free', 'STB_OFFICIAL_1417', 'starbucks_official', 'スターバックス コーヒー 中野坂上メトロピア店', '東京都 中野区 本町2-48-2 丸の内線中野坂上駅構内', 35.6970287169, 139.68240015, 1);
INSERT OR REPLACE INTO service_category_rel (service_id, category_id) VALUES ('STB_1417', 'cat_cafe');
INSERT OR REPLACE INTO service_cafe_details (service_id, has_wifi) VALUES ('STB_1417', 1);
INSERT OR REPLACE INTO services (service_id, brand_id, owner_id, plan_id, ext_place_id, ext_source, title, address, lat, lng, verification_level) VALUES ('STB_1422', 'brand_starbucks', '01ARZ3NDEKTSV4RRFFQ69G5FAV', 'free', 'STB_OFFICIAL_1422', 'starbucks_official', 'スターバックス コーヒー トリエ京王調布店', '東京都 調布市 布田4-4-22 トリエ京王調布 A館', 35.651885303, 139.544473128, 1);
INSERT OR REPLACE INTO service_category_rel (service_id, category_id) VALUES ('STB_1422', 'cat_cafe');
INSERT OR REPLACE INTO service_cafe_details (service_id, has_wifi) VALUES ('STB_1422', 1);
INSERT OR REPLACE INTO services (service_id, brand_id, owner_id, plan_id, ext_place_id, ext_source, title, address, lat, lng, verification_level) VALUES ('STB_1450', 'brand_starbucks', '01ARZ3NDEKTSV4RRFFQ69G5FAV', 'free', 'STB_OFFICIAL_1450', 'starbucks_official', 'スターバックス コーヒー むさし村山新青梅街道店', '東京都 武蔵村山市 榎3-2-3', 35.7510633468, 139.387784352, 1);
INSERT OR REPLACE INTO service_category_rel (service_id, category_id) VALUES ('STB_1450', 'cat_cafe');
INSERT OR REPLACE INTO service_cafe_details (service_id, has_wifi) VALUES ('STB_1450', 1);
INSERT OR REPLACE INTO services (service_id, brand_id, owner_id, plan_id, ext_place_id, ext_source, title, address, lat, lng, verification_level) VALUES ('STB_1453', 'brand_starbucks', '01ARZ3NDEKTSV4RRFFQ69G5FAV', 'free', 'STB_OFFICIAL_1453', 'starbucks_official', 'スターバックス コーヒー 飯田橋サクラテラス 2階店', '東京都 千代田区 富士見2-10-2 飯田橋グラン・ブルーム サクラテラス', 35.6986723909, 139.7437697, 1);
INSERT OR REPLACE INTO service_category_rel (service_id, category_id) VALUES ('STB_1453', 'cat_cafe');
INSERT OR REPLACE INTO service_cafe_details (service_id, has_wifi) VALUES ('STB_1453', 1);
INSERT OR REPLACE INTO services (service_id, brand_id, owner_id, plan_id, ext_place_id, ext_source, title, address, lat, lng, verification_level) VALUES ('STB_1456', 'brand_starbucks', '01ARZ3NDEKTSV4RRFFQ69G5FAV', 'free', 'STB_OFFICIAL_1456', 'starbucks_official', 'スターバックス コーヒー nonowa東小金井店', '東京都 小金井市 梶野町5-1-1 nonowa東小金井', 35.7015599201, 139.524584715, 1);
INSERT OR REPLACE INTO service_category_rel (service_id, category_id) VALUES ('STB_1456', 'cat_cafe');
INSERT OR REPLACE INTO service_cafe_details (service_id, has_wifi) VALUES ('STB_1456', 1);
INSERT OR REPLACE INTO services (service_id, brand_id, owner_id, plan_id, ext_place_id, ext_source, title, address, lat, lng, verification_level) VALUES ('STB_1461', 'brand_starbucks', '01ARZ3NDEKTSV4RRFFQ69G5FAV', 'free', 'STB_OFFICIAL_1461', 'starbucks_official', 'スターバックス コーヒー 赤坂インターシティAIR店', '東京都 港区 赤坂1-8-1', 35.6698837794, 139.74239364, 1);
INSERT OR REPLACE INTO service_category_rel (service_id, category_id) VALUES ('STB_1461', 'cat_cafe');
INSERT OR REPLACE INTO service_cafe_details (service_id, has_wifi) VALUES ('STB_1461', 1);
INSERT OR REPLACE INTO services (service_id, brand_id, owner_id, plan_id, ext_place_id, ext_source, title, address, lat, lng, verification_level) VALUES ('STB_1464', 'brand_starbucks', '01ARZ3NDEKTSV4RRFFQ69G5FAV', 'free', 'STB_OFFICIAL_1464', 'starbucks_official', 'スターバックス コーヒー 早稲田大学戸山キャンパス店', '東京都 新宿区 戸山1-24-1 早稲田アリーナ', 35.705781998, 139.71710742, 1);
INSERT OR REPLACE INTO service_category_rel (service_id, category_id) VALUES ('STB_1464', 'cat_cafe');
INSERT OR REPLACE INTO service_cafe_details (service_id, has_wifi) VALUES ('STB_1464', 1);
INSERT OR REPLACE INTO services (service_id, brand_id, owner_id, plan_id, ext_place_id, ext_source, title, address, lat, lng, verification_level) VALUES ('STB_1465', 'brand_starbucks', '01ARZ3NDEKTSV4RRFFQ69G5FAV', 'free', 'STB_OFFICIAL_1465', 'starbucks_official', 'スターバックス コーヒー イーアス高尾店', '東京都 八王子市 東浅川町550-1 イーアス高尾', 35.643742003, 139.289781322, 1);
INSERT OR REPLACE INTO service_category_rel (service_id, category_id) VALUES ('STB_1465', 'cat_cafe');
INSERT OR REPLACE INTO service_cafe_details (service_id, has_wifi) VALUES ('STB_1465', 1);
INSERT OR REPLACE INTO services (service_id, brand_id, owner_id, plan_id, ext_place_id, ext_source, title, address, lat, lng, verification_level) VALUES ('STB_1472', 'brand_starbucks', '01ARZ3NDEKTSV4RRFFQ69G5FAV', 'free', 'STB_OFFICIAL_1472', 'starbucks_official', 'スターバックス コーヒー 東京ミッドタウン店', '東京都 港区 赤坂9-7-2 東京ミッドタウンB0103', 35.6648946641, 139.730683176, 1);
INSERT OR REPLACE INTO service_category_rel (service_id, category_id) VALUES ('STB_1472', 'cat_cafe');
INSERT OR REPLACE INTO service_cafe_details (service_id, has_wifi) VALUES ('STB_1472', 1);
INSERT OR REPLACE INTO services (service_id, brand_id, owner_id, plan_id, ext_place_id, ext_source, title, address, lat, lng, verification_level) VALUES ('STB_1480', 'brand_starbucks', '01ARZ3NDEKTSV4RRFFQ69G5FAV', 'free', 'STB_OFFICIAL_1480', 'starbucks_official', 'スターバックス コーヒー イオンスタイル碑文谷店', '東京都 目黒区 碑文谷4-1-1', 35.6225367198, 139.684414524, 1);
INSERT OR REPLACE INTO service_category_rel (service_id, category_id) VALUES ('STB_1480', 'cat_cafe');
INSERT OR REPLACE INTO service_cafe_details (service_id, has_wifi) VALUES ('STB_1480', 1);
INSERT OR REPLACE INTO services (service_id, brand_id, owner_id, plan_id, ext_place_id, ext_source, title, address, lat, lng, verification_level) VALUES ('STB_1485', 'brand_starbucks', '01ARZ3NDEKTSV4RRFFQ69G5FAV', 'free', 'STB_OFFICIAL_1485', 'starbucks_official', 'スターバックス コーヒー マロニエゲート銀座1店', '東京都 中央区 銀座2-2-14 マロニエゲート銀座1', 35.6742242725, 139.765394863, 1);
INSERT OR REPLACE INTO service_category_rel (service_id, category_id) VALUES ('STB_1485', 'cat_cafe');
INSERT OR REPLACE INTO service_cafe_details (service_id, has_wifi) VALUES ('STB_1485', 1);
INSERT OR REPLACE INTO services (service_id, brand_id, owner_id, plan_id, ext_place_id, ext_source, title, address, lat, lng, verification_level) VALUES ('STB_1486', 'brand_starbucks', '01ARZ3NDEKTSV4RRFFQ69G5FAV', 'free', 'STB_OFFICIAL_1486', 'starbucks_official', 'スターバックス コーヒー グランスタ丸の内店', '東京都 千代田区 丸の内1-9-1 JR東日本東京駅構内地下1階改札外', 35.6819720709, 139.766314708, 1);
INSERT OR REPLACE INTO service_category_rel (service_id, category_id) VALUES ('STB_1486', 'cat_cafe');
INSERT OR REPLACE INTO service_cafe_details (service_id, has_wifi) VALUES ('STB_1486', 1);
INSERT OR REPLACE INTO services (service_id, brand_id, owner_id, plan_id, ext_place_id, ext_source, title, address, lat, lng, verification_level) VALUES ('STB_1487', 'brand_starbucks', '01ARZ3NDEKTSV4RRFFQ69G5FAV', 'free', 'STB_OFFICIAL_1487', 'starbucks_official', 'スターバックス コーヒー お茶の水サンクレール店', '東京都 千代田区 神田駿河台4-3', 35.6991649324, 139.765068742, 1);
INSERT OR REPLACE INTO service_category_rel (service_id, category_id) VALUES ('STB_1487', 'cat_cafe');
INSERT OR REPLACE INTO service_cafe_details (service_id, has_wifi) VALUES ('STB_1487', 1);
INSERT OR REPLACE INTO services (service_id, brand_id, owner_id, plan_id, ext_place_id, ext_source, title, address, lat, lng, verification_level) VALUES ('STB_1497', 'brand_starbucks', '01ARZ3NDEKTSV4RRFFQ69G5FAV', 'free', 'STB_OFFICIAL_1497', 'starbucks_official', 'スターバックス コーヒー 京王府中駅ビル店', '東京都 府中市 府中町1-2-1 京王府中ショッピングセンター', 35.6725319601, 139.479523405, 1);
INSERT OR REPLACE INTO service_category_rel (service_id, category_id) VALUES ('STB_1497', 'cat_cafe');
INSERT OR REPLACE INTO service_cafe_details (service_id, has_wifi) VALUES ('STB_1497', 1);
INSERT OR REPLACE INTO services (service_id, brand_id, owner_id, plan_id, ext_place_id, ext_source, title, address, lat, lng, verification_level) VALUES ('STB_1502', 'brand_starbucks', '01ARZ3NDEKTSV4RRFFQ69G5FAV', 'free', 'STB_OFFICIAL_1502', 'starbucks_official', 'スターバックス コーヒー 目黒セントラルスクエア店', '東京都 品川区 上大崎3-1-1', 35.6333614096, 139.717034095, 1);
INSERT OR REPLACE INTO service_category_rel (service_id, category_id) VALUES ('STB_1502', 'cat_cafe');
INSERT OR REPLACE INTO service_cafe_details (service_id, has_wifi) VALUES ('STB_1502', 1);
INSERT OR REPLACE INTO services (service_id, brand_id, owner_id, plan_id, ext_place_id, ext_source, title, address, lat, lng, verification_level) VALUES ('STB_1503', 'brand_starbucks', '01ARZ3NDEKTSV4RRFFQ69G5FAV', 'free', 'STB_OFFICIAL_1503', 'starbucks_official', 'スターバックス コーヒー 東京ミッドタウン日比谷店', '東京都 千代田区 有楽町1-1-4 東京ミッドタウン日比谷', 35.6734506329, 139.759029317, 1);
INSERT OR REPLACE INTO service_category_rel (service_id, category_id) VALUES ('STB_1503', 'cat_cafe');
INSERT OR REPLACE INTO service_cafe_details (service_id, has_wifi) VALUES ('STB_1503', 1);
INSERT OR REPLACE INTO services (service_id, brand_id, owner_id, plan_id, ext_place_id, ext_source, title, address, lat, lng, verification_level) VALUES ('STB_1504', 'brand_starbucks', '01ARZ3NDEKTSV4RRFFQ69G5FAV', 'free', 'STB_OFFICIAL_1504', 'starbucks_official', 'スターバックス コーヒー パルコヤ上野店', '東京都 台東区 上野3-24-6 パルコヤ 5階', 35.7067089872, 139.773049954, 1);
INSERT OR REPLACE INTO service_category_rel (service_id, category_id) VALUES ('STB_1504', 'cat_cafe');
INSERT OR REPLACE INTO service_cafe_details (service_id, has_wifi) VALUES ('STB_1504', 1);
INSERT OR REPLACE INTO services (service_id, brand_id, owner_id, plan_id, ext_place_id, ext_source, title, address, lat, lng, verification_level) VALUES ('STB_1515', 'brand_starbucks', '01ARZ3NDEKTSV4RRFFQ69G5FAV', 'free', 'STB_OFFICIAL_1515', 'starbucks_official', 'スターバックス コーヒー ミーツ国分寺店', '東京都 国分寺市 本町3-1-1 cocobunji WEST', 35.7006917369, 139.4801565, 1);
INSERT OR REPLACE INTO service_category_rel (service_id, category_id) VALUES ('STB_1515', 'cat_cafe');
INSERT OR REPLACE INTO service_cafe_details (service_id, has_wifi) VALUES ('STB_1515', 1);
INSERT OR REPLACE INTO services (service_id, brand_id, owner_id, plan_id, ext_place_id, ext_source, title, address, lat, lng, verification_level) VALUES ('STB_1526', 'brand_starbucks', '01ARZ3NDEKTSV4RRFFQ69G5FAV', 'free', 'STB_OFFICIAL_1526', 'starbucks_official', 'スターバックス コーヒー ビーンズ阿佐ヶ谷てくて店', '東京都 杉並区 阿佐谷南2-42 ビーンズ阿佐ヶ谷てくて', 35.7050198643, 139.637992082, 1);
INSERT OR REPLACE INTO service_category_rel (service_id, category_id) VALUES ('STB_1526', 'cat_cafe');
INSERT OR REPLACE INTO service_cafe_details (service_id, has_wifi) VALUES ('STB_1526', 1);
INSERT OR REPLACE INTO services (service_id, brand_id, owner_id, plan_id, ext_place_id, ext_source, title, address, lat, lng, verification_level) VALUES ('STB_1529', 'brand_starbucks', '01ARZ3NDEKTSV4RRFFQ69G5FAV', 'free', 'STB_OFFICIAL_1529', 'starbucks_official', 'スターバックス コーヒー 渋谷ヒカリエ ShinQs店', '東京都 渋谷区 渋谷2-21-1 渋谷ヒカリエ ShinQs B1F', 35.6589920443, 139.703584309, 1);
INSERT OR REPLACE INTO service_category_rel (service_id, category_id) VALUES ('STB_1529', 'cat_cafe');
INSERT OR REPLACE INTO service_cafe_details (service_id, has_wifi) VALUES ('STB_1529', 1);
INSERT OR REPLACE INTO services (service_id, brand_id, owner_id, plan_id, ext_place_id, ext_source, title, address, lat, lng, verification_level) VALUES ('STB_1533', 'brand_starbucks', '01ARZ3NDEKTSV4RRFFQ69G5FAV', 'free', 'STB_OFFICIAL_1533', 'starbucks_official', 'スターバックス コーヒー 池袋ショッピングパーク北館店', '東京都 豊島区 南池袋1-29-1 池袋ショッピングパーク', 35.7306478764, 139.712921623, 1);
INSERT OR REPLACE INTO service_category_rel (service_id, category_id) VALUES ('STB_1533', 'cat_cafe');
INSERT OR REPLACE INTO service_cafe_details (service_id, has_wifi) VALUES ('STB_1533', 1);
INSERT OR REPLACE INTO services (service_id, brand_id, owner_id, plan_id, ext_place_id, ext_source, title, address, lat, lng, verification_level) VALUES ('STB_1538', 'brand_starbucks', '01ARZ3NDEKTSV4RRFFQ69G5FAV', 'free', 'STB_OFFICIAL_1538', 'starbucks_official', 'スターバックス コーヒー グランスタ八重洲店', '東京都 千代田区 丸の内1-9-1 東京駅八重洲中央口B1F グランスタ八重洲', 35.6804806109, 139.769012608, 1);
INSERT OR REPLACE INTO service_category_rel (service_id, category_id) VALUES ('STB_1538', 'cat_cafe');
INSERT OR REPLACE INTO service_cafe_details (service_id, has_wifi) VALUES ('STB_1538', 1);
INSERT OR REPLACE INTO services (service_id, brand_id, owner_id, plan_id, ext_place_id, ext_source, title, address, lat, lng, verification_level) VALUES ('STB_1539', 'brand_starbucks', '01ARZ3NDEKTSV4RRFFQ69G5FAV', 'free', 'STB_OFFICIAL_1539', 'starbucks_official', 'スターバックス コーヒー 銀座EXITMELSA店', '東京都 中央区 銀座5-7-10', 35.6707712871, 139.764170957, 1);
INSERT OR REPLACE INTO service_category_rel (service_id, category_id) VALUES ('STB_1539', 'cat_cafe');
INSERT OR REPLACE INTO service_cafe_details (service_id, has_wifi) VALUES ('STB_1539', 1);
INSERT OR REPLACE INTO services (service_id, brand_id, owner_id, plan_id, ext_place_id, ext_source, title, address, lat, lng, verification_level) VALUES ('STB_1540', 'brand_starbucks', '01ARZ3NDEKTSV4RRFFQ69G5FAV', 'free', 'STB_OFFICIAL_1540', 'starbucks_official', 'スターバックス コーヒー 大手町プレイス店', '東京都 千代田区 大手町2-3-1 大手町プレイス', 35.6869676607, 139.767056361, 1);
INSERT OR REPLACE INTO service_category_rel (service_id, category_id) VALUES ('STB_1540', 'cat_cafe');
INSERT OR REPLACE INTO service_cafe_details (service_id, has_wifi) VALUES ('STB_1540', 1);
INSERT OR REPLACE INTO services (service_id, brand_id, owner_id, plan_id, ext_place_id, ext_source, title, address, lat, lng, verification_level) VALUES ('STB_1541', 'brand_starbucks', '01ARZ3NDEKTSV4RRFFQ69G5FAV', 'free', 'STB_OFFICIAL_1541', 'starbucks_official', 'スターバックス コーヒー イオンスタイル品川シーサイド店', '東京都 品川区 東品川4-12-5 イオンスタイル品川シーサイド', 35.6105202426, 139.748900833, 1);
INSERT OR REPLACE INTO service_category_rel (service_id, category_id) VALUES ('STB_1541', 'cat_cafe');
INSERT OR REPLACE INTO service_cafe_details (service_id, has_wifi) VALUES ('STB_1541', 1);
INSERT OR REPLACE INTO services (service_id, brand_id, owner_id, plan_id, ext_place_id, ext_source, title, address, lat, lng, verification_level) VALUES ('STB_1544', 'brand_starbucks', '01ARZ3NDEKTSV4RRFFQ69G5FAV', 'free', 'STB_OFFICIAL_1544', 'starbucks_official', 'スターバックス コーヒー 日本橋高島屋Ｓ.Ｃ.5階店', '東京都 中央区 日本橋2-5-1 日本橋高島屋Ｓ.Ｃ. 新館5階', 35.681411142, 139.773308597, 1);
INSERT OR REPLACE INTO service_category_rel (service_id, category_id) VALUES ('STB_1544', 'cat_cafe');
INSERT OR REPLACE INTO service_cafe_details (service_id, has_wifi) VALUES ('STB_1544', 1);
INSERT OR REPLACE INTO services (service_id, brand_id, owner_id, plan_id, ext_place_id, ext_source, title, address, lat, lng, verification_level) VALUES ('STB_1562', 'brand_starbucks', '01ARZ3NDEKTSV4RRFFQ69G5FAV', 'free', 'STB_OFFICIAL_1562', 'starbucks_official', 'スターバックス コーヒー 錦糸町オリナス店', '東京都 墨田区 太平4-1-2 オリナス', 35.7002568094, 139.815600328, 1);
INSERT OR REPLACE INTO service_category_rel (service_id, category_id) VALUES ('STB_1562', 'cat_cafe');
INSERT OR REPLACE INTO service_cafe_details (service_id, has_wifi) VALUES ('STB_1562', 1);
INSERT OR REPLACE INTO services (service_id, brand_id, owner_id, plan_id, ext_place_id, ext_source, title, address, lat, lng, verification_level) VALUES ('STB_1570', 'brand_starbucks', '01ARZ3NDEKTSV4RRFFQ69G5FAV', 'free', 'STB_OFFICIAL_1570', 'starbucks_official', 'スターバックス コーヒー 大井町駅東口店', '東京都 品川区 東大井5-20-1', 35.6058343959, 139.735340786, 1);
INSERT OR REPLACE INTO service_category_rel (service_id, category_id) VALUES ('STB_1570', 'cat_cafe');
INSERT OR REPLACE INTO service_cafe_details (service_id, has_wifi) VALUES ('STB_1570', 1);
INSERT OR REPLACE INTO services (service_id, brand_id, owner_id, plan_id, ext_place_id, ext_source, title, address, lat, lng, verification_level) VALUES ('STB_1582', 'brand_starbucks', '01ARZ3NDEKTSV4RRFFQ69G5FAV', 'free', 'STB_OFFICIAL_1582', 'starbucks_official', 'スターバックス コーヒー 慶應義塾大学病院店', '東京都 新宿区 信濃町35', 35.6819373523, 139.718598117, 1);
INSERT OR REPLACE INTO service_category_rel (service_id, category_id) VALUES ('STB_1582', 'cat_cafe');
INSERT OR REPLACE INTO service_cafe_details (service_id, has_wifi) VALUES ('STB_1582', 1);
INSERT OR REPLACE INTO services (service_id, brand_id, owner_id, plan_id, ext_place_id, ext_source, title, address, lat, lng, verification_level) VALUES ('STB_1588', 'brand_starbucks', '01ARZ3NDEKTSV4RRFFQ69G5FAV', 'free', 'STB_OFFICIAL_1588', 'starbucks_official', 'スターバックス コーヒー エトモ祐天寺店', '東京都 目黒区 祐天寺2-13-4 エトモ祐天寺', 35.6376885511, 139.691200763, 1);
INSERT OR REPLACE INTO service_category_rel (service_id, category_id) VALUES ('STB_1588', 'cat_cafe');
INSERT OR REPLACE INTO service_cafe_details (service_id, has_wifi) VALUES ('STB_1588', 1);
INSERT OR REPLACE INTO services (service_id, brand_id, owner_id, plan_id, ext_place_id, ext_source, title, address, lat, lng, verification_level) VALUES ('STB_1590', 'brand_starbucks', '01ARZ3NDEKTSV4RRFFQ69G5FAV', 'free', 'STB_OFFICIAL_1590', 'starbucks_official', 'スターバックス コーヒー 青山ビルヂング店', '東京都 港区 北青山1-2-3 青山ビル', 35.6730842185, 139.723516449, 1);
INSERT OR REPLACE INTO service_category_rel (service_id, category_id) VALUES ('STB_1590', 'cat_cafe');
INSERT OR REPLACE INTO service_cafe_details (service_id, has_wifi) VALUES ('STB_1590', 1);
INSERT OR REPLACE INTO services (service_id, brand_id, owner_id, plan_id, ext_place_id, ext_source, title, address, lat, lng, verification_level) VALUES ('STB_1600', 'brand_starbucks', '01ARZ3NDEKTSV4RRFFQ69G5FAV', 'free', 'STB_OFFICIAL_1600', 'starbucks_official', 'スターバックス コーヒー nonowa西国分寺店', '東京都 国分寺市 西恋ヶ窪2-1-18 JR西国分寺駅 改札内 nonowa西国分寺店', 35.699793254, 139.46609021, 1);
INSERT OR REPLACE INTO service_category_rel (service_id, category_id) VALUES ('STB_1600', 'cat_cafe');
INSERT OR REPLACE INTO service_cafe_details (service_id, has_wifi) VALUES ('STB_1600', 1);
INSERT OR REPLACE INTO services (service_id, brand_id, owner_id, plan_id, ext_place_id, ext_source, title, address, lat, lng, verification_level) VALUES ('STB_1604', 'brand_starbucks', '01ARZ3NDEKTSV4RRFFQ69G5FAV', 'free', 'STB_OFFICIAL_1604', 'starbucks_official', 'スターバックス コーヒー 雷門店', '東京都 台東区 浅草1-18-2 雷門旅館', 35.7112875127, 139.79618921, 1);
INSERT OR REPLACE INTO service_category_rel (service_id, category_id) VALUES ('STB_1604', 'cat_cafe');
INSERT OR REPLACE INTO service_cafe_details (service_id, has_wifi) VALUES ('STB_1604', 1);
INSERT OR REPLACE INTO services (service_id, brand_id, owner_id, plan_id, ext_place_id, ext_source, title, address, lat, lng, verification_level) VALUES ('STB_1612', 'brand_starbucks', '01ARZ3NDEKTSV4RRFFQ69G5FAV', 'free', 'STB_OFFICIAL_1612', 'starbucks_official', 'スターバックス コーヒー 羽田空港第1ターミナル THE HANEDA HOUSE5階店', '東京都 大田区 羽田空港3-3-2 第一旅客ターミナル5階', 35.5481233666, 139.784204386, 1);
INSERT OR REPLACE INTO service_category_rel (service_id, category_id) VALUES ('STB_1612', 'cat_cafe');
INSERT OR REPLACE INTO service_cafe_details (service_id, has_wifi) VALUES ('STB_1612', 1);
INSERT OR REPLACE INTO services (service_id, brand_id, owner_id, plan_id, ext_place_id, ext_source, title, address, lat, lng, verification_level) VALUES ('STB_1622', 'brand_starbucks', '01ARZ3NDEKTSV4RRFFQ69G5FAV', 'free', 'STB_OFFICIAL_1622', 'starbucks_official', 'スターバックス コーヒー 銀座 蔦屋書店', '東京都 中央区 銀座6-10-1 GINZA SIX 6階', 35.6699597109, 139.764379033, 1);
INSERT OR REPLACE INTO service_category_rel (service_id, category_id) VALUES ('STB_1622', 'cat_cafe');
INSERT OR REPLACE INTO service_cafe_details (service_id, has_wifi) VALUES ('STB_1622', 1);
INSERT OR REPLACE INTO services (service_id, brand_id, owner_id, plan_id, ext_place_id, ext_source, title, address, lat, lng, verification_level) VALUES ('STB_1629', 'brand_starbucks', '01ARZ3NDEKTSV4RRFFQ69G5FAV', 'free', 'STB_OFFICIAL_1629', 'starbucks_official', 'スターバックス コーヒー 淡路町駅前店', '東京都 千代田区 神田淡路町1-2', 35.6957089591, 139.76769535, 1);
INSERT OR REPLACE INTO service_category_rel (service_id, category_id) VALUES ('STB_1629', 'cat_cafe');
INSERT OR REPLACE INTO service_cafe_details (service_id, has_wifi) VALUES ('STB_1629', 1);
INSERT OR REPLACE INTO services (service_id, brand_id, owner_id, plan_id, ext_place_id, ext_source, title, address, lat, lng, verification_level) VALUES ('STB_1638', 'brand_starbucks', '01ARZ3NDEKTSV4RRFFQ69G5FAV', 'free', 'STB_OFFICIAL_1638', 'starbucks_official', 'スターバックス コーヒー コレド室町テラス店', '東京都 中央区 日本橋室町3-2-1 コレド室町テラス 地下1階', 35.6877904465, 139.77255781, 1);
INSERT OR REPLACE INTO service_category_rel (service_id, category_id) VALUES ('STB_1638', 'cat_cafe');
INSERT OR REPLACE INTO service_cafe_details (service_id, has_wifi) VALUES ('STB_1638', 1);
INSERT OR REPLACE INTO services (service_id, brand_id, owner_id, plan_id, ext_place_id, ext_source, title, address, lat, lng, verification_level) VALUES ('STB_1639', 'brand_starbucks', '01ARZ3NDEKTSV4RRFFQ69G5FAV', 'free', 'STB_OFFICIAL_1639', 'starbucks_official', 'スターバックス コーヒー 桜新町店', '東京都 世田谷区 桜新町2-10-4', 35.6316064249, 139.643555833, 1);
INSERT OR REPLACE INTO service_category_rel (service_id, category_id) VALUES ('STB_1639', 'cat_cafe');
INSERT OR REPLACE INTO service_cafe_details (service_id, has_wifi) VALUES ('STB_1639', 1);
INSERT OR REPLACE INTO services (service_id, brand_id, owner_id, plan_id, ext_place_id, ext_source, title, address, lat, lng, verification_level) VALUES ('STB_1644', 'brand_starbucks', '01ARZ3NDEKTSV4RRFFQ69G5FAV', 'free', 'STB_OFFICIAL_1644', 'starbucks_official', 'スターバックス コーヒー 吉祥寺パルコ店', '東京都 武蔵野市 吉祥寺本町1-5-1 吉祥寺PARCO', 35.7035711935, 139.577998797, 1);
INSERT OR REPLACE INTO service_category_rel (service_id, category_id) VALUES ('STB_1644', 'cat_cafe');
INSERT OR REPLACE INTO service_cafe_details (service_id, has_wifi) VALUES ('STB_1644', 1);
INSERT OR REPLACE INTO services (service_id, brand_id, owner_id, plan_id, ext_place_id, ext_source, title, address, lat, lng, verification_level) VALUES ('STB_1645', 'brand_starbucks', '01ARZ3NDEKTSV4RRFFQ69G5FAV', 'free', 'STB_OFFICIAL_1645', 'starbucks_official', 'スターバックス コーヒー 錦糸町パルコ店', '東京都 墨田区 江東橋4-27-14 楽天地ビル', 35.6965780417, 139.815915749, 1);
INSERT OR REPLACE INTO service_category_rel (service_id, category_id) VALUES ('STB_1645', 'cat_cafe');
INSERT OR REPLACE INTO service_cafe_details (service_id, has_wifi) VALUES ('STB_1645', 1);
INSERT OR REPLACE INTO services (service_id, brand_id, owner_id, plan_id, ext_place_id, ext_source, title, address, lat, lng, verification_level) VALUES ('STB_1647', 'brand_starbucks', '01ARZ3NDEKTSV4RRFFQ69G5FAV', 'free', 'STB_OFFICIAL_1647', 'starbucks_official', 'スターバックス コーヒー 小平天神店', '東京都 小平市 天神町1-12-9', 35.7304757375, 139.494000368, 1);
INSERT OR REPLACE INTO service_category_rel (service_id, category_id) VALUES ('STB_1647', 'cat_cafe');
INSERT OR REPLACE INTO service_cafe_details (service_id, has_wifi) VALUES ('STB_1647', 1);
INSERT OR REPLACE INTO services (service_id, brand_id, owner_id, plan_id, ext_place_id, ext_source, title, address, lat, lng, verification_level) VALUES ('STB_1649', 'brand_starbucks', '01ARZ3NDEKTSV4RRFFQ69G5FAV', 'free', 'STB_OFFICIAL_1649', 'starbucks_official', 'スターバックス コーヒー 渋谷ストリーム店', '東京都 渋谷区 渋谷3-21-3 渋谷ストリーム', 35.6575166288, 139.702568906, 1);
INSERT OR REPLACE INTO service_category_rel (service_id, category_id) VALUES ('STB_1649', 'cat_cafe');
INSERT OR REPLACE INTO service_cafe_details (service_id, has_wifi) VALUES ('STB_1649', 1);
INSERT OR REPLACE INTO services (service_id, brand_id, owner_id, plan_id, ext_place_id, ext_source, title, address, lat, lng, verification_level) VALUES ('STB_1651', 'brand_starbucks', '01ARZ3NDEKTSV4RRFFQ69G5FAV', 'free', 'STB_OFFICIAL_1651', 'starbucks_official', 'スターバックス コーヒー 渋谷フクラス店', '東京都 渋谷区 道玄坂1-2-3 渋谷フクラス1階', 35.6576560218, 139.700478518, 1);
INSERT OR REPLACE INTO service_category_rel (service_id, category_id) VALUES ('STB_1651', 'cat_cafe');
INSERT OR REPLACE INTO service_cafe_details (service_id, has_wifi) VALUES ('STB_1651', 1);
INSERT OR REPLACE INTO services (service_id, brand_id, owner_id, plan_id, ext_place_id, ext_source, title, address, lat, lng, verification_level) VALUES ('STB_1653', 'brand_starbucks', '01ARZ3NDEKTSV4RRFFQ69G5FAV', 'free', 'STB_OFFICIAL_1653', 'starbucks_official', 'スターバックス コーヒー ムスブ田町2階店', '東京都 港区 芝浦3-1-21 msb Tamachi 田町ステーションタワーS 2階205', 35.6447607455, 139.748820652, 1);
INSERT OR REPLACE INTO service_category_rel (service_id, category_id) VALUES ('STB_1653', 'cat_cafe');
INSERT OR REPLACE INTO service_cafe_details (service_id, has_wifi) VALUES ('STB_1653', 1);
INSERT OR REPLACE INTO services (service_id, brand_id, owner_id, plan_id, ext_place_id, ext_source, title, address, lat, lng, verification_level) VALUES ('STB_1654', 'brand_starbucks', '01ARZ3NDEKTSV4RRFFQ69G5FAV', 'free', 'STB_OFFICIAL_1654', 'starbucks_official', 'スターバックス コーヒー ムスブ田町4階店', '東京都 港区 芝浦3-1-21 msb Tamachi 田町ステーションタワーS 4階402', 35.6449365625, 139.748962299, 1);
INSERT OR REPLACE INTO service_category_rel (service_id, category_id) VALUES ('STB_1654', 'cat_cafe');
INSERT OR REPLACE INTO service_cafe_details (service_id, has_wifi) VALUES ('STB_1654', 1);
INSERT OR REPLACE INTO services (service_id, brand_id, owner_id, plan_id, ext_place_id, ext_source, title, address, lat, lng, verification_level) VALUES ('STB_1658', 'brand_starbucks', '01ARZ3NDEKTSV4RRFFQ69G5FAV', 'free', 'STB_OFFICIAL_1658', 'starbucks_official', 'スターバックス コーヒー リンクスクエア新宿店', '東京都 渋谷区 千駄ヶ谷5-27-5 リンクスクエア新宿', 35.6863171679, 139.703055317, 1);
INSERT OR REPLACE INTO service_category_rel (service_id, category_id) VALUES ('STB_1658', 'cat_cafe');
INSERT OR REPLACE INTO service_cafe_details (service_id, has_wifi) VALUES ('STB_1658', 1);
INSERT OR REPLACE INTO services (service_id, brand_id, owner_id, plan_id, ext_place_id, ext_source, title, address, lat, lng, verification_level) VALUES ('STB_1661', 'brand_starbucks', '01ARZ3NDEKTSV4RRFFQ69G5FAV', 'free', 'STB_OFFICIAL_1661', 'starbucks_official', 'スターバックス コーヒー 虎ノ門ヒルズ ビジネスタワー店', '東京都 港区 虎ノ門1-17-1 虎ノ門ヒルズ ビジネスタワー', 35.6675622235, 139.750418636, 1);
INSERT OR REPLACE INTO service_category_rel (service_id, category_id) VALUES ('STB_1661', 'cat_cafe');
INSERT OR REPLACE INTO service_cafe_details (service_id, has_wifi) VALUES ('STB_1661', 1);
INSERT OR REPLACE INTO services (service_id, brand_id, owner_id, plan_id, ext_place_id, ext_source, title, address, lat, lng, verification_level) VALUES ('STB_1666', 'brand_starbucks', '01ARZ3NDEKTSV4RRFFQ69G5FAV', 'free', 'STB_OFFICIAL_1666', 'starbucks_official', 'スターバックス コーヒー イオンモールむさし村山1階店', '東京都 武蔵村山市 榎1-1-3 イオンモールむさし村山', 35.7462310292, 139.3845404, 1);
INSERT OR REPLACE INTO service_category_rel (service_id, category_id) VALUES ('STB_1666', 'cat_cafe');
INSERT OR REPLACE INTO service_cafe_details (service_id, has_wifi) VALUES ('STB_1666', 1);
INSERT OR REPLACE INTO services (service_id, brand_id, owner_id, plan_id, ext_place_id, ext_source, title, address, lat, lng, verification_level) VALUES ('STB_1676', 'brand_starbucks', '01ARZ3NDEKTSV4RRFFQ69G5FAV', 'free', 'STB_OFFICIAL_1676', 'starbucks_official', 'スターバックス コーヒー 表参道ヒルズ店', '東京都 渋谷区 神宮前4-12-10 表参道ヒルズ', 35.6678153349, 139.707458303, 1);
INSERT OR REPLACE INTO service_category_rel (service_id, category_id) VALUES ('STB_1676', 'cat_cafe');
INSERT OR REPLACE INTO service_cafe_details (service_id, has_wifi) VALUES ('STB_1676', 1);
INSERT OR REPLACE INTO services (service_id, brand_id, owner_id, plan_id, ext_place_id, ext_source, title, address, lat, lng, verification_level) VALUES ('STB_1681', 'brand_starbucks', '01ARZ3NDEKTSV4RRFFQ69G5FAV', 'free', 'STB_OFFICIAL_1681', 'starbucks_official', 'スターバックス コーヒー 南町田グランベリーパーク店', '東京都 町田市 鶴間3-4-1 南町田グランベリーパーク', 35.5098681291, 139.472740625, 1);
INSERT OR REPLACE INTO service_category_rel (service_id, category_id) VALUES ('STB_1681', 'cat_cafe');
INSERT OR REPLACE INTO service_cafe_details (service_id, has_wifi) VALUES ('STB_1681', 1);
INSERT OR REPLACE INTO services (service_id, brand_id, owner_id, plan_id, ext_place_id, ext_source, title, address, lat, lng, verification_level) VALUES ('STB_1682', 'brand_starbucks', '01ARZ3NDEKTSV4RRFFQ69G5FAV', 'free', 'STB_OFFICIAL_1682', 'starbucks_official', 'スターバックス コーヒー ＫＩＴＴＥ丸の内店', '東京都 千代田区 丸の内2-7-2', 35.6793842656, 139.764791065, 1);
INSERT OR REPLACE INTO service_category_rel (service_id, category_id) VALUES ('STB_1682', 'cat_cafe');
INSERT OR REPLACE INTO service_cafe_details (service_id, has_wifi) VALUES ('STB_1682', 1);
INSERT OR REPLACE INTO services (service_id, brand_id, owner_id, plan_id, ext_place_id, ext_source, title, address, lat, lng, verification_level) VALUES ('STB_1688', 'brand_starbucks', '01ARZ3NDEKTSV4RRFFQ69G5FAV', 'free', 'STB_OFFICIAL_1688', 'starbucks_official', 'スターバックス コーヒー エミオ練馬店', '東京都 練馬区 練馬1-3-5 エミオ練馬', 35.7378683008, 139.654215888, 1);
INSERT OR REPLACE INTO service_category_rel (service_id, category_id) VALUES ('STB_1688', 'cat_cafe');
INSERT OR REPLACE INTO service_cafe_details (service_id, has_wifi) VALUES ('STB_1688', 1);
INSERT OR REPLACE INTO services (service_id, brand_id, owner_id, plan_id, ext_place_id, ext_source, title, address, lat, lng, verification_level) VALUES ('STB_1699', 'brand_starbucks', '01ARZ3NDEKTSV4RRFFQ69G5FAV', 'free', 'STB_OFFICIAL_1699', 'starbucks_official', 'スターバックス コーヒー 渋谷パルコ店', '東京都 渋谷区 宇田川町15-1 渋谷パルコ5階', 35.6620133044, 139.698809289, 1);
INSERT OR REPLACE INTO service_category_rel (service_id, category_id) VALUES ('STB_1699', 'cat_cafe');
INSERT OR REPLACE INTO service_cafe_details (service_id, has_wifi) VALUES ('STB_1699', 1);
INSERT OR REPLACE INTO services (service_id, brand_id, owner_id, plan_id, ext_place_id, ext_source, title, address, lat, lng, verification_level) VALUES ('STB_1704', 'brand_starbucks', '01ARZ3NDEKTSV4RRFFQ69G5FAV', 'free', 'STB_OFFICIAL_1704', 'starbucks_official', 'スターバックス コーヒー シモキタエキウエ店', '東京都 世田谷区 北沢2-24-2 小田急下北沢駅 シモキタエキウエ内', 35.661359486, 139.667037235, 1);
INSERT OR REPLACE INTO service_category_rel (service_id, category_id) VALUES ('STB_1704', 'cat_cafe');
INSERT OR REPLACE INTO service_cafe_details (service_id, has_wifi) VALUES ('STB_1704', 1);
INSERT OR REPLACE INTO services (service_id, brand_id, owner_id, plan_id, ext_place_id, ext_source, title, address, lat, lng, verification_level) VALUES ('STB_1712', 'brand_starbucks', '01ARZ3NDEKTSV4RRFFQ69G5FAV', 'free', 'STB_OFFICIAL_1712', 'starbucks_official', 'スターバックス コーヒー イオンモール東久留米店', '東京都 東久留米市 南沢5-17-62 イオンモール東久留米', 35.7455061161, 139.528199058, 1);
INSERT OR REPLACE INTO service_category_rel (service_id, category_id) VALUES ('STB_1712', 'cat_cafe');
INSERT OR REPLACE INTO service_cafe_details (service_id, has_wifi) VALUES ('STB_1712', 1);
INSERT OR REPLACE INTO services (service_id, brand_id, owner_id, plan_id, ext_place_id, ext_source, title, address, lat, lng, verification_level) VALUES ('STB_1727', 'brand_starbucks', '01ARZ3NDEKTSV4RRFFQ69G5FAV', 'free', 'STB_OFFICIAL_1727', 'starbucks_official', 'スターバックス コーヒー ルミネ池袋9階店', '東京都 豊島区 西池袋1-11-1 ルミネ池袋', 35.7287119145, 139.709609765, 1);
INSERT OR REPLACE INTO service_category_rel (service_id, category_id) VALUES ('STB_1727', 'cat_cafe');
INSERT OR REPLACE INTO service_cafe_details (service_id, has_wifi) VALUES ('STB_1727', 1);
INSERT OR REPLACE INTO services (service_id, brand_id, owner_id, plan_id, ext_place_id, ext_source, title, address, lat, lng, verification_level) VALUES ('STB_1728', 'brand_starbucks', '01ARZ3NDEKTSV4RRFFQ69G5FAV', 'free', 'STB_OFFICIAL_1728', 'starbucks_official', 'スターバックス コーヒー 渋谷cocoti店', '東京都 渋谷区 渋谷1-23-16 cocoti SHIBUYA', 35.6620553122, 139.702693131, 1);
INSERT OR REPLACE INTO service_category_rel (service_id, category_id) VALUES ('STB_1728', 'cat_cafe');
INSERT OR REPLACE INTO service_cafe_details (service_id, has_wifi) VALUES ('STB_1728', 1);
INSERT OR REPLACE INTO services (service_id, brand_id, owner_id, plan_id, ext_place_id, ext_source, title, address, lat, lng, verification_level) VALUES ('STB_1738', 'brand_starbucks', '01ARZ3NDEKTSV4RRFFQ69G5FAV', 'free', 'STB_OFFICIAL_1738', 'starbucks_official', 'スターバックス コーヒー WITH HARAJUKU店', '東京都 渋谷区 神宮前1-14-30 WITH HARAJUKU', 35.6705466401, 139.703491007, 1);
INSERT OR REPLACE INTO service_category_rel (service_id, category_id) VALUES ('STB_1738', 'cat_cafe');
INSERT OR REPLACE INTO service_cafe_details (service_id, has_wifi) VALUES ('STB_1738', 1);
INSERT OR REPLACE INTO services (service_id, brand_id, owner_id, plan_id, ext_place_id, ext_source, title, address, lat, lng, verification_level) VALUES ('STB_1743', 'brand_starbucks', '01ARZ3NDEKTSV4RRFFQ69G5FAV', 'free', 'STB_OFFICIAL_1743', 'starbucks_official', 'スターバックス コーヒー アーバンドック ららぽーと豊洲3 地下1階店', '東京都 江東区 豊洲2-2-1 ららぽーと豊洲3 地下1階', 35.6546829876, 139.794811376, 1);
INSERT OR REPLACE INTO service_category_rel (service_id, category_id) VALUES ('STB_1743', 'cat_cafe');
INSERT OR REPLACE INTO service_cafe_details (service_id, has_wifi) VALUES ('STB_1743', 1);
INSERT OR REPLACE INTO services (service_id, brand_id, owner_id, plan_id, ext_place_id, ext_source, title, address, lat, lng, verification_level) VALUES ('STB_1753', 'brand_starbucks', '01ARZ3NDEKTSV4RRFFQ69G5FAV', 'free', 'STB_OFFICIAL_1753', 'starbucks_official', 'スターバックス コーヒー 新宿中央公園  SHUKNOVA店', '東京都 新宿区 西新宿2-11-5', 35.6908217419, 139.69034922, 1);
INSERT OR REPLACE INTO service_category_rel (service_id, category_id) VALUES ('STB_1753', 'cat_cafe');
INSERT OR REPLACE INTO service_cafe_details (service_id, has_wifi) VALUES ('STB_1753', 1);
INSERT OR REPLACE INTO services (service_id, brand_id, owner_id, plan_id, ext_place_id, ext_source, title, address, lat, lng, verification_level) VALUES ('STB_1763', 'brand_starbucks', '01ARZ3NDEKTSV4RRFFQ69G5FAV', 'free', 'STB_OFFICIAL_1763', 'starbucks_official', 'スターバックス コーヒー 新宿2丁目店', '東京都 新宿区 新宿2-5-12 FORECAST新宿AVENUE', 35.6895421778, 139.707468413, 1);
INSERT OR REPLACE INTO service_category_rel (service_id, category_id) VALUES ('STB_1763', 'cat_cafe');
INSERT OR REPLACE INTO service_cafe_details (service_id, has_wifi) VALUES ('STB_1763', 1);
INSERT OR REPLACE INTO services (service_id, brand_id, owner_id, plan_id, ext_place_id, ext_source, title, address, lat, lng, verification_level) VALUES ('STB_1774', 'brand_starbucks', '01ARZ3NDEKTSV4RRFFQ69G5FAV', 'free', 'STB_OFFICIAL_1774', 'starbucks_official', 'スターバックス コーヒー 葛西臨海公園駅店', '東京都 江戸川区 臨海町6-3-4 葛西臨海公園駅高架下ビル', 35.6446788201, 139.860726084, 1);
INSERT OR REPLACE INTO service_category_rel (service_id, category_id) VALUES ('STB_1774', 'cat_cafe');
INSERT OR REPLACE INTO service_cafe_details (service_id, has_wifi) VALUES ('STB_1774', 1);
INSERT OR REPLACE INTO services (service_id, brand_id, owner_id, plan_id, ext_place_id, ext_source, title, address, lat, lng, verification_level) VALUES ('STB_1775', 'brand_starbucks', '01ARZ3NDEKTSV4RRFFQ69G5FAV', 'free', 'STB_OFFICIAL_1775', 'starbucks_official', 'スターバックス コーヒー 都営神保町駅店', '東京都 千代田区 神田神保町2-7 都営三田線・新宿線「神保町駅」構内', 35.6962253982, 139.757830034, 1);
INSERT OR REPLACE INTO service_category_rel (service_id, category_id) VALUES ('STB_1775', 'cat_cafe');
INSERT OR REPLACE INTO service_cafe_details (service_id, has_wifi) VALUES ('STB_1775', 1);
INSERT OR REPLACE INTO services (service_id, brand_id, owner_id, plan_id, ext_place_id, ext_source, title, address, lat, lng, verification_level) VALUES ('STB_1778', 'brand_starbucks', '01ARZ3NDEKTSV4RRFFQ69G5FAV', 'free', 'STB_OFFICIAL_1778', 'starbucks_official', 'スターバックス コーヒー 荻窪タウンセブン店', '東京都 杉並区 上荻1-9-1 荻窪タウンセブン6F', 35.7049967685, 139.619644995, 1);
INSERT OR REPLACE INTO service_category_rel (service_id, category_id) VALUES ('STB_1778', 'cat_cafe');
INSERT OR REPLACE INTO service_cafe_details (service_id, has_wifi) VALUES ('STB_1778', 1);
INSERT OR REPLACE INTO services (service_id, brand_id, owner_id, plan_id, ext_place_id, ext_source, title, address, lat, lng, verification_level) VALUES ('STB_1783', 'brand_starbucks', '01ARZ3NDEKTSV4RRFFQ69G5FAV', 'free', 'STB_OFFICIAL_1783', 'starbucks_official', 'スターバックス コーヒー 丸の内オアゾ店', '東京都 千代田区 丸の内1-6-4 丸の内OAZO', 35.6835468995, 139.766141039, 1);
INSERT OR REPLACE INTO service_category_rel (service_id, category_id) VALUES ('STB_1783', 'cat_cafe');
INSERT OR REPLACE INTO service_cafe_details (service_id, has_wifi) VALUES ('STB_1783', 1);
INSERT OR REPLACE INTO services (service_id, brand_id, owner_id, plan_id, ext_place_id, ext_source, title, address, lat, lng, verification_level) VALUES ('STB_1790', 'brand_starbucks', '01ARZ3NDEKTSV4RRFFQ69G5FAV', 'free', 'STB_OFFICIAL_1790', 'starbucks_official', 'スターバックス コーヒー MIYASHITA PARK店', '東京都 渋谷区 神宮前6-20-10 MIYASHITA PARK North 4階 (区画番号40000)', 35.6623036047, 139.701879298, 1);
INSERT OR REPLACE INTO service_category_rel (service_id, category_id) VALUES ('STB_1790', 'cat_cafe');
INSERT OR REPLACE INTO service_cafe_details (service_id, has_wifi) VALUES ('STB_1790', 1);
INSERT OR REPLACE INTO services (service_id, brand_id, owner_id, plan_id, ext_place_id, ext_source, title, address, lat, lng, verification_level) VALUES ('STB_1795', 'brand_starbucks', '01ARZ3NDEKTSV4RRFFQ69G5FAV', 'free', 'STB_OFFICIAL_1795', 'starbucks_official', 'スターバックス コーヒー 新田町ビル店', '東京都 港区 芝5-34-6 新田町ビル', 35.6462202723, 139.746567994, 1);
INSERT OR REPLACE INTO service_category_rel (service_id, category_id) VALUES ('STB_1795', 'cat_cafe');
INSERT OR REPLACE INTO service_cafe_details (service_id, has_wifi) VALUES ('STB_1795', 1);
INSERT OR REPLACE INTO services (service_id, brand_id, owner_id, plan_id, ext_place_id, ext_source, title, address, lat, lng, verification_level) VALUES ('STB_1796', 'brand_starbucks', '01ARZ3NDEKTSV4RRFFQ69G5FAV', 'free', 'STB_OFFICIAL_1796', 'starbucks_official', 'スターバックス コーヒー 日テレプラザ店', '東京都 港区 東新橋1-6-1 日本テレビタワー 2階', 35.6645863238, 139.760203794, 1);
INSERT OR REPLACE INTO service_category_rel (service_id, category_id) VALUES ('STB_1796', 'cat_cafe');
INSERT OR REPLACE INTO service_cafe_details (service_id, has_wifi) VALUES ('STB_1796', 1);
INSERT OR REPLACE INTO services (service_id, brand_id, owner_id, plan_id, ext_place_id, ext_source, title, address, lat, lng, verification_level) VALUES ('STB_1800', 'brand_starbucks', '01ARZ3NDEKTSV4RRFFQ69G5FAV', 'free', 'STB_OFFICIAL_1800', 'starbucks_official', 'スターバックス コーヒー 京王聖蹟桜ヶ丘SC店', '東京都 多摩市 関戸1-10-1 京王聖蹟桜ヶ丘ショッピングセンター B館', 35.651591134, 139.447125393, 1);
INSERT OR REPLACE INTO service_category_rel (service_id, category_id) VALUES ('STB_1800', 'cat_cafe');
INSERT OR REPLACE INTO service_cafe_details (service_id, has_wifi) VALUES ('STB_1800', 1);
INSERT OR REPLACE INTO services (service_id, brand_id, owner_id, plan_id, ext_place_id, ext_source, title, address, lat, lng, verification_level) VALUES ('STB_1805', 'brand_starbucks', '01ARZ3NDEKTSV4RRFFQ69G5FAV', 'free', 'STB_OFFICIAL_1805', 'starbucks_official', 'スターバックス コーヒー イオンモール日の出2階店', '東京都 西多摩郡 日の出町平井237-3 イオンモール日の出', 35.734799221, 139.274630332, 1);
INSERT OR REPLACE INTO service_category_rel (service_id, category_id) VALUES ('STB_1805', 'cat_cafe');
INSERT OR REPLACE INTO service_cafe_details (service_id, has_wifi) VALUES ('STB_1805', 1);
INSERT OR REPLACE INTO services (service_id, brand_id, owner_id, plan_id, ext_place_id, ext_source, title, address, lat, lng, verification_level) VALUES ('STB_1812', 'brand_starbucks', '01ARZ3NDEKTSV4RRFFQ69G5FAV', 'free', 'STB_OFFICIAL_1812', 'starbucks_official', 'スターバックス コーヒー アトレ信濃町店', '東京都 新宿区 信濃町34 アトレ信濃町', 35.6801084008, 139.719718941, 1);
INSERT OR REPLACE INTO service_category_rel (service_id, category_id) VALUES ('STB_1812', 'cat_cafe');
INSERT OR REPLACE INTO service_cafe_details (service_id, has_wifi) VALUES ('STB_1812', 1);
INSERT OR REPLACE INTO services (service_id, brand_id, owner_id, plan_id, ext_place_id, ext_source, title, address, lat, lng, verification_level) VALUES ('STB_1815', 'brand_starbucks', '01ARZ3NDEKTSV4RRFFQ69G5FAV', 'free', 'STB_OFFICIAL_1815', 'starbucks_official', 'スターバックス コーヒー 西東京新町店', '東京都 西東京市 新町5-19-10', 35.7121569951, 139.533341, 1);
INSERT OR REPLACE INTO service_category_rel (service_id, category_id) VALUES ('STB_1815', 'cat_cafe');
INSERT OR REPLACE INTO service_cafe_details (service_id, has_wifi) VALUES ('STB_1815', 1);
INSERT OR REPLACE INTO services (service_id, brand_id, owner_id, plan_id, ext_place_id, ext_source, title, address, lat, lng, verification_level) VALUES ('STB_1819', 'brand_starbucks', '01ARZ3NDEKTSV4RRFFQ69G5FAV', 'free', 'STB_OFFICIAL_1819', 'starbucks_official', 'スターバックス コーヒー 東京科学大学店', '東京都 文京区 湯島1-5-45 東京科学大学C棟1階', 35.7008128018, 139.764497602, 1);
INSERT OR REPLACE INTO service_category_rel (service_id, category_id) VALUES ('STB_1819', 'cat_cafe');
INSERT OR REPLACE INTO service_cafe_details (service_id, has_wifi) VALUES ('STB_1819', 1);
INSERT OR REPLACE INTO services (service_id, brand_id, owner_id, plan_id, ext_place_id, ext_source, title, address, lat, lng, verification_level) VALUES ('STB_1821', 'brand_starbucks', '01ARZ3NDEKTSV4RRFFQ69G5FAV', 'free', 'STB_OFFICIAL_1821', 'starbucks_official', 'スターバックス コーヒー 有楽町メトロピア店', '東京都 千代田区 有楽町1-11-1 東京メトロ有楽町駅構内', 35.6757987863, 139.763104426, 1);
INSERT OR REPLACE INTO service_category_rel (service_id, category_id) VALUES ('STB_1821', 'cat_cafe');
INSERT OR REPLACE INTO service_cafe_details (service_id, has_wifi) VALUES ('STB_1821', 1);
INSERT OR REPLACE INTO services (service_id, brand_id, owner_id, plan_id, ext_place_id, ext_source, title, address, lat, lng, verification_level) VALUES ('STB_1825', 'brand_starbucks', '01ARZ3NDEKTSV4RRFFQ69G5FAV', 'free', 'STB_OFFICIAL_1825', 'starbucks_official', 'スターバックス コーヒー エミオひばりヶ丘店', '東京都 西東京市 住吉町3-9-19 エミオひばりヶ丘', 35.7517268586, 139.545189582, 1);
INSERT OR REPLACE INTO service_category_rel (service_id, category_id) VALUES ('STB_1825', 'cat_cafe');
INSERT OR REPLACE INTO service_cafe_details (service_id, has_wifi) VALUES ('STB_1825', 1);
INSERT OR REPLACE INTO services (service_id, brand_id, owner_id, plan_id, ext_place_id, ext_source, title, address, lat, lng, verification_level) VALUES ('STB_1832', 'brand_starbucks', '01ARZ3NDEKTSV4RRFFQ69G5FAV', 'free', 'STB_OFFICIAL_1832', 'starbucks_official', 'スターバックス コーヒー エトモ池上店', '東京都 大田区 池上6-3-10 エトモ池上', 35.5720327216, 139.702852263, 1);
INSERT OR REPLACE INTO service_category_rel (service_id, category_id) VALUES ('STB_1832', 'cat_cafe');
INSERT OR REPLACE INTO service_cafe_details (service_id, has_wifi) VALUES ('STB_1832', 1);
INSERT OR REPLACE INTO services (service_id, brand_id, owner_id, plan_id, ext_place_id, ext_source, title, address, lat, lng, verification_level) VALUES ('STB_1837', 'brand_starbucks', '01ARZ3NDEKTSV4RRFFQ69G5FAV', 'free', 'STB_OFFICIAL_1837', 'starbucks_official', 'スターバックス コーヒー 京王新宿三丁目ビル店', '東京都 新宿区 新宿3-1-24 京王新宿三丁目ビル', 35.6903259486, 139.705504929, 1);
INSERT OR REPLACE INTO service_category_rel (service_id, category_id) VALUES ('STB_1837', 'cat_cafe');
INSERT OR REPLACE INTO service_cafe_details (service_id, has_wifi) VALUES ('STB_1837', 1);
INSERT OR REPLACE INTO services (service_id, brand_id, owner_id, plan_id, ext_place_id, ext_source, title, address, lat, lng, verification_level) VALUES ('STB_1838', 'brand_starbucks', '01ARZ3NDEKTSV4RRFFQ69G5FAV', 'free', 'STB_OFFICIAL_1838', 'starbucks_official', 'スターバックス コーヒー 新宿御苑店', '東京都 新宿区 内藤町11 新宿御苑', 35.6838395219, 139.711331133, 1);
INSERT OR REPLACE INTO service_category_rel (service_id, category_id) VALUES ('STB_1838', 'cat_cafe');
INSERT OR REPLACE INTO service_cafe_details (service_id, has_wifi) VALUES ('STB_1838', 1);
INSERT OR REPLACE INTO services (service_id, brand_id, owner_id, plan_id, ext_place_id, ext_source, title, address, lat, lng, verification_level) VALUES ('STB_1839', 'brand_starbucks', '01ARZ3NDEKTSV4RRFFQ69G5FAV', 'free', 'STB_OFFICIAL_1839', 'starbucks_official', 'スターバックス コーヒー 東京ワールドゲート神谷町店', '東京都 港区 虎ノ門4-1-1 神谷町トラストタワー', 35.6645863405, 139.745260035, 1);
INSERT OR REPLACE INTO service_category_rel (service_id, category_id) VALUES ('STB_1839', 'cat_cafe');
INSERT OR REPLACE INTO service_cafe_details (service_id, has_wifi) VALUES ('STB_1839', 1);
INSERT OR REPLACE INTO services (service_id, brand_id, owner_id, plan_id, ext_place_id, ext_source, title, address, lat, lng, verification_level) VALUES ('STB_1840', 'brand_starbucks', '01ARZ3NDEKTSV4RRFFQ69G5FAV', 'free', 'STB_OFFICIAL_1840', 'starbucks_official', 'スターバックス コーヒー エチカフィット銀座店', '東京都 中央区 銀座4-1-2 東京メトロ銀座駅構内', 35.673157964, 139.76346785, 1);
INSERT OR REPLACE INTO service_category_rel (service_id, category_id) VALUES ('STB_1840', 'cat_cafe');
INSERT OR REPLACE INTO service_cafe_details (service_id, has_wifi) VALUES ('STB_1840', 1);
INSERT OR REPLACE INTO services (service_id, brand_id, owner_id, plan_id, ext_place_id, ext_source, title, address, lat, lng, verification_level) VALUES ('STB_1851', 'brand_starbucks', '01ARZ3NDEKTSV4RRFFQ69G5FAV', 'free', 'STB_OFFICIAL_1851', 'starbucks_official', 'スターバックス コーヒー アリオ西新井店', '東京都 足立区 西新井栄町1-20-1 アリオ西新井', 35.7749302521, 139.786139337, 1);
INSERT OR REPLACE INTO service_category_rel (service_id, category_id) VALUES ('STB_1851', 'cat_cafe');
INSERT OR REPLACE INTO service_cafe_details (service_id, has_wifi) VALUES ('STB_1851', 1);
INSERT OR REPLACE INTO services (service_id, brand_id, owner_id, plan_id, ext_place_id, ext_source, title, address, lat, lng, verification_level) VALUES ('STB_1858', 'brand_starbucks', '01ARZ3NDEKTSV4RRFFQ69G5FAV', 'free', 'STB_OFFICIAL_1858', 'starbucks_official', 'スターバックス コーヒー よみうりランドHANA・BIYORI店', '東京都 稲城市 矢野口4015-1 よみうりランドHANA・BIYORI', 35.6283390309, 139.518296109, 1);
INSERT OR REPLACE INTO service_category_rel (service_id, category_id) VALUES ('STB_1858', 'cat_cafe');
INSERT OR REPLACE INTO service_cafe_details (service_id, has_wifi) VALUES ('STB_1858', 1);
INSERT OR REPLACE INTO services (service_id, brand_id, owner_id, plan_id, ext_place_id, ext_source, title, address, lat, lng, verification_level) VALUES ('STB_1859', 'brand_starbucks', '01ARZ3NDEKTSV4RRFFQ69G5FAV', 'free', 'STB_OFFICIAL_1859', 'starbucks_official', 'スターバックス コーヒー よみうりランドグッジョバ!!店', '東京都 稲城市 矢野口4015-1 よみうりランド', 35.6237931323, 139.518531021, 1);
INSERT OR REPLACE INTO service_category_rel (service_id, category_id) VALUES ('STB_1859', 'cat_cafe');
INSERT OR REPLACE INTO service_cafe_details (service_id, has_wifi) VALUES ('STB_1859', 1);
INSERT OR REPLACE INTO services (service_id, brand_id, owner_id, plan_id, ext_place_id, ext_source, title, address, lat, lng, verification_level) VALUES ('STB_1861', 'brand_starbucks', '01ARZ3NDEKTSV4RRFFQ69G5FAV', 'free', 'STB_OFFICIAL_1861', 'starbucks_official', 'スターバックス コーヒー 高輪ゲートウェイ駅店', '東京都 港区 港南2-1-220 JR高輪ゲートウェイ駅改札外3階', 35.636211245, 139.740968087, 1);
INSERT OR REPLACE INTO service_category_rel (service_id, category_id) VALUES ('STB_1861', 'cat_cafe');
INSERT OR REPLACE INTO service_cafe_details (service_id, has_wifi) VALUES ('STB_1861', 1);
INSERT OR REPLACE INTO services (service_id, brand_id, owner_id, plan_id, ext_place_id, ext_source, title, address, lat, lng, verification_level) VALUES ('STB_1870', 'brand_starbucks', '01ARZ3NDEKTSV4RRFFQ69G5FAV', 'free', 'STB_OFFICIAL_1870', 'starbucks_official', 'スターバックス コーヒー 千歳烏山店', '東京都 世田谷区 南烏山5-15-10 SKCビル', 35.6678476494, 139.60162098, 1);
INSERT OR REPLACE INTO service_category_rel (service_id, category_id) VALUES ('STB_1870', 'cat_cafe');
INSERT OR REPLACE INTO service_cafe_details (service_id, has_wifi) VALUES ('STB_1870', 1);
INSERT OR REPLACE INTO services (service_id, brand_id, owner_id, plan_id, ext_place_id, ext_source, title, address, lat, lng, verification_level) VALUES ('STB_1872', 'brand_starbucks', '01ARZ3NDEKTSV4RRFFQ69G5FAV', 'free', 'STB_OFFICIAL_1872', 'starbucks_official', 'スターバックス コーヒー nonowa国立店', '東京都 国立市 北1-14-1 nonowa国立', 35.6993124167, 139.447019316, 1);
INSERT OR REPLACE INTO service_category_rel (service_id, category_id) VALUES ('STB_1872', 'cat_cafe');
INSERT OR REPLACE INTO service_cafe_details (service_id, has_wifi) VALUES ('STB_1872', 1);
INSERT OR REPLACE INTO services (service_id, brand_id, owner_id, plan_id, ext_place_id, ext_source, title, address, lat, lng, verification_level) VALUES ('STB_1878', 'brand_starbucks', '01ARZ3NDEKTSV4RRFFQ69G5FAV', 'free', 'STB_OFFICIAL_1878', 'starbucks_official', 'スターバックス コーヒー 中野セントラルパーク店', '東京都 中野区 中野4-10-2 中野セントラルパークサウス', 35.7072286367, 139.660750923, 1);
INSERT OR REPLACE INTO service_category_rel (service_id, category_id) VALUES ('STB_1878', 'cat_cafe');
INSERT OR REPLACE INTO service_cafe_details (service_id, has_wifi) VALUES ('STB_1878', 1);
INSERT OR REPLACE INTO services (service_id, brand_id, owner_id, plan_id, ext_place_id, ext_source, title, address, lat, lng, verification_level) VALUES ('STB_1879', 'brand_starbucks', '01ARZ3NDEKTSV4RRFFQ69G5FAV', 'free', 'STB_OFFICIAL_1879', 'starbucks_official', 'スターバックス コーヒー CIRCLES 銀座店', '東京都 中央区 銀座3-7-6 CIRCLES 銀座', 35.6720023237, 139.767442573, 1);
INSERT OR REPLACE INTO service_category_rel (service_id, category_id) VALUES ('STB_1879', 'cat_cafe');
INSERT OR REPLACE INTO service_cafe_details (service_id, has_wifi) VALUES ('STB_1879', 1);
INSERT OR REPLACE INTO services (service_id, brand_id, owner_id, plan_id, ext_place_id, ext_source, title, address, lat, lng, verification_level) VALUES ('STB_1885', 'brand_starbucks', '01ARZ3NDEKTSV4RRFFQ69G5FAV', 'free', 'STB_OFFICIAL_1885', 'starbucks_official', 'スターバックス コーヒー 光が丘IMA店', '東京都 練馬区 光が丘5-1-1 光が丘IMA', 35.7589369923, 139.628801751, 1);
INSERT OR REPLACE INTO service_category_rel (service_id, category_id) VALUES ('STB_1885', 'cat_cafe');
INSERT OR REPLACE INTO service_cafe_details (service_id, has_wifi) VALUES ('STB_1885', 1);
INSERT OR REPLACE INTO services (service_id, brand_id, owner_id, plan_id, ext_place_id, ext_source, title, address, lat, lng, verification_level) VALUES ('STB_1894', 'brand_starbucks', '01ARZ3NDEKTSV4RRFFQ69G5FAV', 'free', 'STB_OFFICIAL_1894', 'starbucks_official', 'スターバックス コーヒー 東急歌舞伎町タワー店', '東京都 新宿区 歌舞伎町1-29-1 東急歌舞伎町タワー', 35.6956739062, 139.700844514, 1);
INSERT OR REPLACE INTO service_category_rel (service_id, category_id) VALUES ('STB_1894', 'cat_cafe');
INSERT OR REPLACE INTO service_cafe_details (service_id, has_wifi) VALUES ('STB_1894', 1);
INSERT OR REPLACE INTO services (service_id, brand_id, owner_id, plan_id, ext_place_id, ext_source, title, address, lat, lng, verification_level) VALUES ('STB_2001', 'brand_starbucks', '01ARZ3NDEKTSV4RRFFQ69G5FAV', 'free', 'STB_OFFICIAL_2001', 'starbucks_official', 'スターバックス コーヒー 羽田空港第2ターミナル国内線ゲートエリア店', '東京都 大田区 羽田空港3-4-2 東京国際空港第2旅客ターミナルビル', 35.5545752354, 139.787574364, 1);
INSERT OR REPLACE INTO service_category_rel (service_id, category_id) VALUES ('STB_2001', 'cat_cafe');
INSERT OR REPLACE INTO service_cafe_details (service_id, has_wifi) VALUES ('STB_2001', 1);
INSERT OR REPLACE INTO services (service_id, brand_id, owner_id, plan_id, ext_place_id, ext_source, title, address, lat, lng, verification_level) VALUES ('STB_2002', 'brand_starbucks', '01ARZ3NDEKTSV4RRFFQ69G5FAV', 'free', 'STB_OFFICIAL_2002', 'starbucks_official', 'スターバックス コーヒー 六本木 蔦屋書店', '東京都 港区 六本木6-11-1 ゲートタワー', 35.6585864715, 139.73192003, 1);
INSERT OR REPLACE INTO service_category_rel (service_id, category_id) VALUES ('STB_2002', 'cat_cafe');
INSERT OR REPLACE INTO service_cafe_details (service_id, has_wifi) VALUES ('STB_2002', 1);
INSERT OR REPLACE INTO services (service_id, brand_id, owner_id, plan_id, ext_place_id, ext_source, title, address, lat, lng, verification_level) VALUES ('STB_2003', 'brand_starbucks', '01ARZ3NDEKTSV4RRFFQ69G5FAV', 'free', 'STB_OFFICIAL_2003', 'starbucks_official', 'スターバックス コーヒー SHIBUYA TSUTAYA 2F店', '東京都 渋谷区 宇田川町21-6 QFRONT 2F', 35.6599313298, 139.700235933, 1);
INSERT OR REPLACE INTO service_category_rel (service_id, category_id) VALUES ('STB_2003', 'cat_cafe');
INSERT OR REPLACE INTO service_cafe_details (service_id, has_wifi) VALUES ('STB_2003', 1);
INSERT OR REPLACE INTO services (service_id, brand_id, owner_id, plan_id, ext_place_id, ext_source, title, address, lat, lng, verification_level) VALUES ('STB_2029', 'brand_starbucks', '01ARZ3NDEKTSV4RRFFQ69G5FAV', 'free', 'STB_OFFICIAL_2029', 'starbucks_official', 'スターバックス コーヒー ＪＲ東海 品川駅ラチ内店', '東京都 港区 港南2-1-78 JR-PLUS品川事務所', 35.6298585807, 139.740367318, 1);
INSERT OR REPLACE INTO service_category_rel (service_id, category_id) VALUES ('STB_2029', 'cat_cafe');
INSERT OR REPLACE INTO service_cafe_details (service_id, has_wifi) VALUES ('STB_2029', 1);
INSERT OR REPLACE INTO services (service_id, brand_id, owner_id, plan_id, ext_place_id, ext_source, title, address, lat, lng, verification_level) VALUES ('STB_2043', 'brand_starbucks', '01ARZ3NDEKTSV4RRFFQ69G5FAV', 'free', 'STB_OFFICIAL_2043', 'starbucks_official', 'スターバックス コーヒー ＪＲ東海 東京駅新幹線南ラチ内店', '東京都 中央区 八重洲1-7-20 八重洲口会館 JR-PLUS関東支社', 35.6797323214, 139.766939759, 1);
INSERT OR REPLACE INTO service_category_rel (service_id, category_id) VALUES ('STB_2043', 'cat_cafe');
INSERT OR REPLACE INTO service_cafe_details (service_id, has_wifi) VALUES ('STB_2043', 1);
INSERT OR REPLACE INTO services (service_id, brand_id, owner_id, plan_id, ext_place_id, ext_source, title, address, lat, lng, verification_level) VALUES ('STB_2044', 'brand_starbucks', '01ARZ3NDEKTSV4RRFFQ69G5FAV', 'free', 'STB_OFFICIAL_2044', 'starbucks_official', 'スターバックス コーヒー 代官山 蔦屋書店', '東京都 渋谷区 猿楽町17-5 蔦屋書店3号館1F', 35.6489969406, 139.700053952, 1);
INSERT OR REPLACE INTO service_category_rel (service_id, category_id) VALUES ('STB_2044', 'cat_cafe');
INSERT OR REPLACE INTO service_cafe_details (service_id, has_wifi) VALUES ('STB_2044', 0);
INSERT OR REPLACE INTO services (service_id, brand_id, owner_id, plan_id, ext_place_id, ext_source, title, address, lat, lng, verification_level) VALUES ('STB_2047', 'brand_starbucks', '01ARZ3NDEKTSV4RRFFQ69G5FAV', 'free', 'STB_OFFICIAL_2047', 'starbucks_official', 'スターバックス コーヒー JR有楽町駅京橋口店', '東京都 千代田区 有楽町2-9', 35.6749274997, 139.763628311, 1);
INSERT OR REPLACE INTO service_category_rel (service_id, category_id) VALUES ('STB_2047', 'cat_cafe');
INSERT OR REPLACE INTO service_cafe_details (service_id, has_wifi) VALUES ('STB_2047', 1);
INSERT OR REPLACE INTO services (service_id, brand_id, owner_id, plan_id, ext_place_id, ext_source, title, address, lat, lng, verification_level) VALUES ('STB_2067', 'brand_starbucks', '01ARZ3NDEKTSV4RRFFQ69G5FAV', 'free', 'STB_OFFICIAL_2067', 'starbucks_official', 'スターバックス コーヒー 二子玉川 蔦屋家電店', '東京都 世田谷区 玉川1-14-1 二子玉川ライズ S.C. テラスマーケット', 35.6110478181, 139.629232414, 1);
INSERT OR REPLACE INTO service_category_rel (service_id, category_id) VALUES ('STB_2067', 'cat_cafe');
INSERT OR REPLACE INTO service_cafe_details (service_id, has_wifi) VALUES ('STB_2067', 1);
INSERT OR REPLACE INTO services (service_id, brand_id, owner_id, plan_id, ext_place_id, ext_source, title, address, lat, lng, verification_level) VALUES ('STB_2081', 'brand_starbucks', '01ARZ3NDEKTSV4RRFFQ69G5FAV', 'free', 'STB_OFFICIAL_2081', 'starbucks_official', 'スターバックス コーヒー 日本医科大学付属病院店', '東京都 文京区 千駄木1-1-5 日本医科大学付属病院', 35.7209261134, 139.759196005, 1);
INSERT OR REPLACE INTO service_category_rel (service_id, category_id) VALUES ('STB_2081', 'cat_cafe');
INSERT OR REPLACE INTO service_cafe_details (service_id, has_wifi) VALUES ('STB_2081', 1);
INSERT OR REPLACE INTO services (service_id, brand_id, owner_id, plan_id, ext_place_id, ext_source, title, address, lat, lng, verification_level) VALUES ('STB_2082', 'brand_starbucks', '01ARZ3NDEKTSV4RRFFQ69G5FAV', 'free', 'STB_OFFICIAL_2082', 'starbucks_official', 'スターバックス コーヒー 中目黒 蔦屋書店', '東京都 目黒区 上目黒1-22-10', 35.6444707438, 139.699235895, 1);
INSERT OR REPLACE INTO service_category_rel (service_id, category_id) VALUES ('STB_2082', 'cat_cafe');
INSERT OR REPLACE INTO service_cafe_details (service_id, has_wifi) VALUES ('STB_2082', 0);
INSERT OR REPLACE INTO services (service_id, brand_id, owner_id, plan_id, ext_place_id, ext_source, title, address, lat, lng, verification_level) VALUES ('STB_2109', 'brand_starbucks', '01ARZ3NDEKTSV4RRFFQ69G5FAV', 'free', 'STB_OFFICIAL_2109', 'starbucks_official', 'スターバックス コーヒー 中央大学店', '東京都 八王子市 東中野742-1', 35.641748178, 139.408453502, 1);
INSERT OR REPLACE INTO service_category_rel (service_id, category_id) VALUES ('STB_2109', 'cat_cafe');
INSERT OR REPLACE INTO service_cafe_details (service_id, has_wifi) VALUES ('STB_2109', 1);
INSERT OR REPLACE INTO services (service_id, brand_id, owner_id, plan_id, ext_place_id, ext_source, title, address, lat, lng, verification_level) VALUES ('STB_2118', 'brand_starbucks', '01ARZ3NDEKTSV4RRFFQ69G5FAV', 'free', 'STB_OFFICIAL_2118', 'starbucks_official', 'スターバックス コーヒー JR東海 品川駅店', '東京都 港区 港南2-1-78 JR-PLUS品川事務所', 35.6291914261, 139.740152922, 1);
INSERT OR REPLACE INTO service_category_rel (service_id, category_id) VALUES ('STB_2118', 'cat_cafe');
INSERT OR REPLACE INTO service_cafe_details (service_id, has_wifi) VALUES ('STB_2118', 1);
INSERT OR REPLACE INTO services (service_id, brand_id, owner_id, plan_id, ext_place_id, ext_source, title, address, lat, lng, verification_level) VALUES ('STB_2129', 'brand_starbucks', '01ARZ3NDEKTSV4RRFFQ69G5FAV', 'free', 'STB_OFFICIAL_2129', 'starbucks_official', 'スターバックス コーヒー TSUTAYA BOOKSTORE 東雲店', '東京都 江東区 東雲2-7-20', 35.6420508796, 139.80351179, 1);
INSERT OR REPLACE INTO service_category_rel (service_id, category_id) VALUES ('STB_2129', 'cat_cafe');
INSERT OR REPLACE INTO service_cafe_details (service_id, has_wifi) VALUES ('STB_2129', 1);
INSERT OR REPLACE INTO services (service_id, brand_id, owner_id, plan_id, ext_place_id, ext_source, title, address, lat, lng, verification_level) VALUES ('STB_2131', 'brand_starbucks', '01ARZ3NDEKTSV4RRFFQ69G5FAV', 'free', 'STB_OFFICIAL_2131', 'starbucks_official', 'スターバックス コーヒー TSUTAYA BOOKSTORE 渋谷スクランブルスクエア店', '東京都 渋谷区 渋谷2-24-12 渋谷スクランブルスクエア', 35.658377362, 139.702104738, 1);
INSERT OR REPLACE INTO service_category_rel (service_id, category_id) VALUES ('STB_2131', 'cat_cafe');
INSERT OR REPLACE INTO service_cafe_details (service_id, has_wifi) VALUES ('STB_2131', 0);
INSERT OR REPLACE INTO services (service_id, brand_id, owner_id, plan_id, ext_place_id, ext_source, title, address, lat, lng, verification_level) VALUES ('STB_2156', 'brand_starbucks', '01ARZ3NDEKTSV4RRFFQ69G5FAV', 'free', 'STB_OFFICIAL_2156', 'starbucks_official', 'スターバックス コーヒー 新大久保駅店', '東京都 新宿区 百人町1-10-15', 35.701421892, 139.700240411, 1);
INSERT OR REPLACE INTO service_category_rel (service_id, category_id) VALUES ('STB_2156', 'cat_cafe');
INSERT OR REPLACE INTO service_cafe_details (service_id, has_wifi) VALUES ('STB_2156', 1);
INSERT OR REPLACE INTO services (service_id, brand_id, owner_id, plan_id, ext_place_id, ext_source, title, address, lat, lng, verification_level) VALUES ('STB_2164', 'brand_starbucks', '01ARZ3NDEKTSV4RRFFQ69G5FAV', 'free', 'STB_OFFICIAL_2164', 'starbucks_official', 'スターバックス コーヒー 羽田空港第2ターミナル国際線ゲートエリア店', '東京都 大田区 羽田空港3-4-2 第2旅客ターミナルビル', 35.5483648501, 139.791100191, 1);
INSERT OR REPLACE INTO service_category_rel (service_id, category_id) VALUES ('STB_2164', 'cat_cafe');
INSERT OR REPLACE INTO service_cafe_details (service_id, has_wifi) VALUES ('STB_2164', 0);
INSERT OR REPLACE INTO services (service_id, brand_id, owner_id, plan_id, ext_place_id, ext_source, title, address, lat, lng, verification_level) VALUES ('STB_2165', 'brand_starbucks', '01ARZ3NDEKTSV4RRFFQ69G5FAV', 'free', 'STB_OFFICIAL_2165', 'starbucks_official', 'スターバックス コーヒー 羽田空港 蔦屋書店', '東京都 大田区 羽田空港3-4-2 第2旅客ターミナルビル', 35.5487381256, 139.790075259, 1);
INSERT OR REPLACE INTO service_category_rel (service_id, category_id) VALUES ('STB_2165', 'cat_cafe');
INSERT OR REPLACE INTO service_cafe_details (service_id, has_wifi) VALUES ('STB_2165', 0);
INSERT OR REPLACE INTO services (service_id, brand_id, owner_id, plan_id, ext_place_id, ext_source, title, address, lat, lng, verification_level) VALUES ('STB_2166', 'brand_starbucks', '01ARZ3NDEKTSV4RRFFQ69G5FAV', 'free', 'STB_OFFICIAL_2166', 'starbucks_official', 'スターバックス コーヒー 東京駅八重洲北口 東京ギフトパレット店', '東京都 千代田区 丸の内1-9-1 東京駅', 35.6816354769, 139.768411216, 1);
INSERT OR REPLACE INTO service_category_rel (service_id, category_id) VALUES ('STB_2166', 'cat_cafe');
INSERT OR REPLACE INTO service_cafe_details (service_id, has_wifi) VALUES ('STB_2166', 1);
INSERT OR REPLACE INTO services (service_id, brand_id, owner_id, plan_id, ext_place_id, ext_source, title, address, lat, lng, verification_level) VALUES ('STB_2171', 'brand_starbucks', '01ARZ3NDEKTSV4RRFFQ69G5FAV', 'free', 'STB_OFFICIAL_2171', 'starbucks_official', 'スターバックス コーヒー JR新橋駅 銀座口店', '東京都 港区 新橋2-17-14 新橋駅1階', 35.6665891353, 139.758494399, 1);
INSERT OR REPLACE INTO service_category_rel (service_id, category_id) VALUES ('STB_2171', 'cat_cafe');
INSERT OR REPLACE INTO service_cafe_details (service_id, has_wifi) VALUES ('STB_2171', 1);
INSERT OR REPLACE INTO services (service_id, brand_id, owner_id, plan_id, ext_place_id, ext_source, title, address, lat, lng, verification_level) VALUES ('STB_2172', 'brand_starbucks', '01ARZ3NDEKTSV4RRFFQ69G5FAV', 'free', 'STB_OFFICIAL_2172', 'starbucks_official', 'スターバックス コーヒー 経堂駅店', '東京都 世田谷区 経堂2-1-3', 35.6514530756, 139.636950746, 1);
INSERT OR REPLACE INTO service_category_rel (service_id, category_id) VALUES ('STB_2172', 'cat_cafe');
INSERT OR REPLACE INTO service_cafe_details (service_id, has_wifi) VALUES ('STB_2172', 1);
INSERT OR REPLACE INTO services (service_id, brand_id, owner_id, plan_id, ext_place_id, ext_source, title, address, lat, lng, verification_level) VALUES ('STB_2190', 'brand_starbucks', '01ARZ3NDEKTSV4RRFFQ69G5FAV', 'free', 'STB_OFFICIAL_2190', 'starbucks_official', 'スターバックス コーヒー 練馬光が丘病院店', '東京都 練馬区 光が丘2-5-1', 35.7619792659, 139.634469751, 1);
INSERT OR REPLACE INTO service_category_rel (service_id, category_id) VALUES ('STB_2190', 'cat_cafe');
INSERT OR REPLACE INTO service_cafe_details (service_id, has_wifi) VALUES ('STB_2190', 0);
INSERT OR REPLACE INTO services (service_id, brand_id, owner_id, plan_id, ext_place_id, ext_source, title, address, lat, lng, verification_level) VALUES ('STB_2196', 'brand_starbucks', '01ARZ3NDEKTSV4RRFFQ69G5FAV', 'free', 'STB_OFFICIAL_2196', 'starbucks_official', 'スターバックス コーヒー 小田急多摩センター駅店', '東京都 多摩市 落合1-11-2 小田急マルシェ多摩センター', 35.6250113549, 139.424232685, 1);
INSERT OR REPLACE INTO service_category_rel (service_id, category_id) VALUES ('STB_2196', 'cat_cafe');
INSERT OR REPLACE INTO service_cafe_details (service_id, has_wifi) VALUES ('STB_2196', 1);
INSERT OR REPLACE INTO services (service_id, brand_id, owner_id, plan_id, ext_place_id, ext_source, title, address, lat, lng, verification_level) VALUES ('STB_2209', 'brand_starbucks', '01ARZ3NDEKTSV4RRFFQ69G5FAV', 'free', 'STB_OFFICIAL_2209', 'starbucks_official', 'スターバックス コーヒー エキュート上野 公園口店', '東京都 台東区 上野7-1-1 エキュート上野', 35.7136824586, 139.775947726, 1);
INSERT OR REPLACE INTO service_category_rel (service_id, category_id) VALUES ('STB_2209', 'cat_cafe');
INSERT OR REPLACE INTO service_cafe_details (service_id, has_wifi) VALUES ('STB_2209', 1);
INSERT OR REPLACE INTO services (service_id, brand_id, owner_id, plan_id, ext_place_id, ext_source, title, address, lat, lng, verification_level) VALUES ('STB_2218', 'brand_starbucks', '01ARZ3NDEKTSV4RRFFQ69G5FAV', 'free', 'STB_OFFICIAL_2218', 'starbucks_official', 'スターバックス コーヒー 千歳船橋駅店', '東京都 世田谷区 船橋1-9-45 小田急マルシェ千歳船橋2', 35.6471857982, 139.623564276, 1);
INSERT OR REPLACE INTO service_category_rel (service_id, category_id) VALUES ('STB_2218', 'cat_cafe');
INSERT OR REPLACE INTO service_cafe_details (service_id, has_wifi) VALUES ('STB_2218', 1);
INSERT OR REPLACE INTO services (service_id, brand_id, owner_id, plan_id, ext_place_id, ext_source, title, address, lat, lng, verification_level) VALUES ('STB_2221', 'brand_starbucks', '01ARZ3NDEKTSV4RRFFQ69G5FAV', 'free', 'STB_OFFICIAL_2221', 'starbucks_official', 'スターバックス コーヒー JR上野駅 入谷改札前店', '東京都 台東区 上野7-1-1 上野駅構内3階入谷口改札外', 35.7131253153, 139.777055159, 1);
INSERT OR REPLACE INTO service_category_rel (service_id, category_id) VALUES ('STB_2221', 'cat_cafe');
INSERT OR REPLACE INTO service_cafe_details (service_id, has_wifi) VALUES ('STB_2221', 1);
INSERT OR REPLACE INTO services (service_id, brand_id, owner_id, plan_id, ext_place_id, ext_source, title, address, lat, lng, verification_level) VALUES ('STB_2231', 'brand_starbucks', '01ARZ3NDEKTSV4RRFFQ69G5FAV', 'free', 'STB_OFFICIAL_2231', 'starbucks_official', 'スターバックス コーヒー 都立明治公園店', '東京都 新宿区 霞ヶ丘町5-7 都立明治公園 B棟', 35.6746402682, 139.713628032, 1);
INSERT OR REPLACE INTO service_category_rel (service_id, category_id) VALUES ('STB_2231', 'cat_cafe');
INSERT OR REPLACE INTO service_cafe_details (service_id, has_wifi) VALUES ('STB_2231', 1);
INSERT OR REPLACE INTO services (service_id, brand_id, owner_id, plan_id, ext_place_id, ext_source, title, address, lat, lng, verification_level) VALUES ('STB_2238', 'brand_starbucks', '01ARZ3NDEKTSV4RRFFQ69G5FAV', 'free', 'STB_OFFICIAL_2238', 'starbucks_official', 'スターバックス コーヒー JR東日本ホテルメッツ プレミア 秋葉原店', '東京都 千代田区 外神田1-17-4 JR東日本ホテルメッツ プレミア 秋葉原', 35.6977868803, 139.772727336, 1);
INSERT OR REPLACE INTO service_category_rel (service_id, category_id) VALUES ('STB_2238', 'cat_cafe');
INSERT OR REPLACE INTO service_cafe_details (service_id, has_wifi) VALUES ('STB_2238', 1);
INSERT OR REPLACE INTO services (service_id, brand_id, owner_id, plan_id, ext_place_id, ext_source, title, address, lat, lng, verification_level) VALUES ('STB_2239', 'brand_starbucks', '01ARZ3NDEKTSV4RRFFQ69G5FAV', 'free', 'STB_OFFICIAL_2239', 'starbucks_official', 'スターバックス コーヒー 神田駅南口店', '東京都 千代田区 鍛冶町2-13-1 JR神田駅南改札口外', 35.691267824, 139.770935007, 1);
INSERT OR REPLACE INTO service_category_rel (service_id, category_id) VALUES ('STB_2239', 'cat_cafe');
INSERT OR REPLACE INTO service_cafe_details (service_id, has_wifi) VALUES ('STB_2239', 1);
INSERT OR REPLACE INTO services (service_id, brand_id, owner_id, plan_id, ext_place_id, ext_source, title, address, lat, lng, verification_level) VALUES ('STB_2245', 'brand_starbucks', '01ARZ3NDEKTSV4RRFFQ69G5FAV', 'free', 'STB_OFFICIAL_2245', 'starbucks_official', 'スターバックス コーヒー TSUTAYA BOOKSTORE MARUNOUCHI店', '東京都 千代田区 丸の内2-4-1 丸の内ビルディング', 35.6807977125, 139.764049117, 1);
INSERT OR REPLACE INTO service_category_rel (service_id, category_id) VALUES ('STB_2245', 'cat_cafe');
INSERT OR REPLACE INTO service_cafe_details (service_id, has_wifi) VALUES ('STB_2245', 1);
INSERT OR REPLACE INTO services (service_id, brand_id, owner_id, plan_id, ext_place_id, ext_source, title, address, lat, lng, verification_level) VALUES ('STB_2249', 'brand_starbucks', '01ARZ3NDEKTSV4RRFFQ69G5FAV', 'free', 'STB_OFFICIAL_2249', 'starbucks_official', 'スターバックス コーヒー エキュート赤羽みなみ店', '東京都 北区 赤羽1-1-1赤羽駅南改札内 エキュート赤羽みなみ1階', 35.77711555, 139.721159077, 1);
INSERT OR REPLACE INTO service_category_rel (service_id, category_id) VALUES ('STB_2249', 'cat_cafe');
INSERT OR REPLACE INTO service_cafe_details (service_id, has_wifi) VALUES ('STB_2249', 1);
INSERT OR REPLACE INTO services (service_id, brand_id, owner_id, plan_id, ext_place_id, ext_source, title, address, lat, lng, verification_level) VALUES ('STB_2251', 'brand_starbucks', '01ARZ3NDEKTSV4RRFFQ69G5FAV', 'free', 'STB_OFFICIAL_2251', 'starbucks_official', 'スターバックス コーヒー エキュート立川店', '東京都 立川市 柴崎町3-1-1 エキュート立川 ３階', 35.6981239007, 139.413375776, 1);
INSERT OR REPLACE INTO service_category_rel (service_id, category_id) VALUES ('STB_2251', 'cat_cafe');
INSERT OR REPLACE INTO service_cafe_details (service_id, has_wifi) VALUES ('STB_2251', 1);
INSERT OR REPLACE INTO services (service_id, brand_id, owner_id, plan_id, ext_place_id, ext_source, title, address, lat, lng, verification_level) VALUES ('STB_2252', 'brand_starbucks', '01ARZ3NDEKTSV4RRFFQ69G5FAV', 'free', 'STB_OFFICIAL_2252', 'starbucks_official', 'スターバックス コーヒー 市ヶ谷駅前店', '東京都 千代田区 五番町2 市ヶ谷ストア 2F', 35.6911588867, 139.735689606, 1);
INSERT OR REPLACE INTO service_category_rel (service_id, category_id) VALUES ('STB_2252', 'cat_cafe');
INSERT OR REPLACE INTO service_cafe_details (service_id, has_wifi) VALUES ('STB_2252', 1);
INSERT OR REPLACE INTO services (service_id, brand_id, owner_id, plan_id, ext_place_id, ext_source, title, address, lat, lng, verification_level) VALUES ('STB_2253', 'brand_starbucks', '01ARZ3NDEKTSV4RRFFQ69G5FAV', 'free', 'STB_OFFICIAL_2253', 'starbucks_official', 'スターバックス コーヒー 東京理科大学葛飾キャンパス店', '東京都 葛飾区 新宿6-3-1 東京理科大学葛飾キャンパス内共創棟', 35.7714736241, 139.862603146, 1);
INSERT OR REPLACE INTO service_category_rel (service_id, category_id) VALUES ('STB_2253', 'cat_cafe');
INSERT OR REPLACE INTO service_cafe_details (service_id, has_wifi) VALUES ('STB_2253', 0);
INSERT OR REPLACE INTO services (service_id, brand_id, owner_id, plan_id, ext_place_id, ext_source, title, address, lat, lng, verification_level) VALUES ('STB_2255', 'brand_starbucks', '01ARZ3NDEKTSV4RRFFQ69G5FAV', 'free', 'STB_OFFICIAL_2255', 'starbucks_official', 'スターバックス コーヒー 梅ヶ丘駅店', '東京都 世田谷区 梅丘1-31-21', 35.6559998284, 139.653820524, 1);
INSERT OR REPLACE INTO service_category_rel (service_id, category_id) VALUES ('STB_2255', 'cat_cafe');
INSERT OR REPLACE INTO service_cafe_details (service_id, has_wifi) VALUES ('STB_2255', 1);
INSERT OR REPLACE INTO services (service_id, brand_id, owner_id, plan_id, ext_place_id, ext_source, title, address, lat, lng, verification_level) VALUES ('STB_2259', 'brand_starbucks', '01ARZ3NDEKTSV4RRFFQ69G5FAV', 'free', 'STB_OFFICIAL_2259', 'starbucks_official', 'スターバックス コーヒー 狛江駅店', '東京都 狛江市 元和泉1-2-2', 35.6323521317, 139.577266026, 1);
INSERT OR REPLACE INTO service_category_rel (service_id, category_id) VALUES ('STB_2259', 'cat_cafe');
INSERT OR REPLACE INTO service_cafe_details (service_id, has_wifi) VALUES ('STB_2259', 1);
INSERT OR REPLACE INTO services (service_id, brand_id, owner_id, plan_id, ext_place_id, ext_source, title, address, lat, lng, verification_level) VALUES ('STB_2303', 'brand_starbucks', '01ARZ3NDEKTSV4RRFFQ69G5FAV', 'free', 'STB_OFFICIAL_2303', 'starbucks_official', 'スターバックス コーヒー Olive LOUNGE 渋谷店', '東京都 渋谷区 宇田川町20-2 Olive LOUNGE 1階', 35.6607887458, 139.700681134, 1);
INSERT OR REPLACE INTO service_category_rel (service_id, category_id) VALUES ('STB_2303', 'cat_cafe');
INSERT OR REPLACE INTO service_cafe_details (service_id, has_wifi) VALUES ('STB_2303', 1);
INSERT OR REPLACE INTO services (service_id, brand_id, owner_id, plan_id, ext_place_id, ext_source, title, address, lat, lng, verification_level) VALUES ('STB_2304', 'brand_starbucks', '01ARZ3NDEKTSV4RRFFQ69G5FAV', 'free', 'STB_OFFICIAL_2304', 'starbucks_official', 'スターバックス コーヒー Olive LOUNGE 新宿通店', '東京都 新宿区 新宿3-14-5 Olive LOUNGE 1階', 35.6914538573, 139.704006946, 1);
INSERT OR REPLACE INTO service_category_rel (service_id, category_id) VALUES ('STB_2304', 'cat_cafe');
INSERT OR REPLACE INTO service_cafe_details (service_id, has_wifi) VALUES ('STB_2304', 1);
INSERT OR REPLACE INTO services (service_id, brand_id, owner_id, plan_id, ext_place_id, ext_source, title, address, lat, lng, verification_level) VALUES ('STB_2311', 'brand_starbucks', '01ARZ3NDEKTSV4RRFFQ69G5FAV', 'free', 'STB_OFFICIAL_2311', 'starbucks_official', 'スターバックス コーヒー SHIBUYA TSUTAYA 1F店', '東京都 渋谷区 宇田川町21-6 QFRONT 1F', 35.659901061, 139.700568407, 1);
INSERT OR REPLACE INTO service_category_rel (service_id, category_id) VALUES ('STB_2311', 'cat_cafe');
INSERT OR REPLACE INTO service_cafe_details (service_id, has_wifi) VALUES ('STB_2311', 1);
INSERT OR REPLACE INTO services (service_id, brand_id, owner_id, plan_id, ext_place_id, ext_source, title, address, lat, lng, verification_level) VALUES ('STB_2315', 'brand_starbucks', '01ARZ3NDEKTSV4RRFFQ69G5FAV', 'free', 'STB_OFFICIAL_2315', 'starbucks_official', 'スターバックス コーヒー Olive LOUNGE 下高井戸店', '東京都 世田谷区 赤堤4-47-10 Olive LOUNGE 1階', 35.6659149328, 139.640996411, 1);
INSERT OR REPLACE INTO service_category_rel (service_id, category_id) VALUES ('STB_2315', 'cat_cafe');
INSERT OR REPLACE INTO service_cafe_details (service_id, has_wifi) VALUES ('STB_2315', 1);
INSERT OR REPLACE INTO services (service_id, brand_id, owner_id, plan_id, ext_place_id, ext_source, title, address, lat, lng, verification_level) VALUES ('STB_2318', 'brand_starbucks', '01ARZ3NDEKTSV4RRFFQ69G5FAV', 'free', 'STB_OFFICIAL_2318', 'starbucks_official', 'スターバックス コーヒー SHARE LOUNGE キラリナ京王吉祥寺 9階店', '東京都 武蔵野市 吉祥寺南町2-1-25 キラリナ京王吉祥寺 9階', 35.7027643722, 139.580104771, 1);
INSERT OR REPLACE INTO service_category_rel (service_id, category_id) VALUES ('STB_2318', 'cat_cafe');
INSERT OR REPLACE INTO service_cafe_details (service_id, has_wifi) VALUES ('STB_2318', 1);
INSERT OR REPLACE INTO services (service_id, brand_id, owner_id, plan_id, ext_place_id, ext_source, title, address, lat, lng, verification_level) VALUES ('STB_2319', 'brand_starbucks', '01ARZ3NDEKTSV4RRFFQ69G5FAV', 'free', 'STB_OFFICIAL_2319', 'starbucks_official', 'スターバックス コーヒー TSUTAYA BOOKSTORE 大井町トラックス店', '東京都 品川区 広町2-1-17 OIMACHI TRACKS 2階 220区画', 35.6080460676, 139.733273078, 1);
INSERT OR REPLACE INTO service_category_rel (service_id, category_id) VALUES ('STB_2319', 'cat_cafe');
INSERT OR REPLACE INTO service_cafe_details (service_id, has_wifi) VALUES ('STB_2319', 1);
INSERT OR REPLACE INTO services (service_id, brand_id, owner_id, plan_id, ext_place_id, ext_source, title, address, lat, lng, verification_level) VALUES ('STB_2336', 'brand_starbucks', '01ARZ3NDEKTSV4RRFFQ69G5FAV', 'free', 'STB_OFFICIAL_2336', 'starbucks_official', 'スターバックス コーヒー Olive LOUNGE 高円寺店', '東京都 杉並区 高円寺南4-27-12 Olive LOUNGE 1階', 35.7045770684, 139.650146648, 1);
INSERT OR REPLACE INTO service_category_rel (service_id, category_id) VALUES ('STB_2336', 'cat_cafe');
INSERT OR REPLACE INTO service_cafe_details (service_id, has_wifi) VALUES ('STB_2336', 1);
INSERT OR REPLACE INTO services (service_id, brand_id, owner_id, plan_id, ext_place_id, ext_source, title, address, lat, lng, verification_level) VALUES ('STB_2340', 'brand_starbucks', '01ARZ3NDEKTSV4RRFFQ69G5FAV', 'free', 'STB_OFFICIAL_2340', 'starbucks_official', 'スターバックス コーヒー Olive LOUNGE 都立大学駅前店', '東京都 目黒区 中根1-3-1 Olive LOUNGE 1階', 35.6179465011, 139.675586858, 1);
INSERT OR REPLACE INTO service_category_rel (service_id, category_id) VALUES ('STB_2340', 'cat_cafe');
INSERT OR REPLACE INTO service_cafe_details (service_id, has_wifi) VALUES ('STB_2340', 1);
INSERT OR REPLACE INTO services (service_id, brand_id, owner_id, plan_id, ext_place_id, ext_source, title, address, lat, lng, verification_level) VALUES ('STB_2344', 'brand_starbucks', '01ARZ3NDEKTSV4RRFFQ69G5FAV', 'free', 'STB_OFFICIAL_2344', 'starbucks_official', 'スターバックス コーヒー Olive LOUNGE 町屋店', '東京都 荒川区 町屋1-1-6 Olive LOUNGE 1階', 35.7430271857, 139.780991511, 1);
INSERT OR REPLACE INTO service_category_rel (service_id, category_id) VALUES ('STB_2344', 'cat_cafe');
INSERT OR REPLACE INTO service_cafe_details (service_id, has_wifi) VALUES ('STB_2344', 1);
INSERT OR REPLACE INTO services (service_id, brand_id, owner_id, plan_id, ext_place_id, ext_source, title, address, lat, lng, verification_level) VALUES ('STB_2345', 'brand_starbucks', '01ARZ3NDEKTSV4RRFFQ69G5FAV', 'free', 'STB_OFFICIAL_2345', 'starbucks_official', 'スターバックス コーヒー Olive LOUNGE 成増店', '東京都 板橋区 成増2-16-1 Olive LOUNGE 1階', 35.7764982275, 139.632122889, 1);
INSERT OR REPLACE INTO service_category_rel (service_id, category_id) VALUES ('STB_2345', 'cat_cafe');
INSERT OR REPLACE INTO service_cafe_details (service_id, has_wifi) VALUES ('STB_2345', 1);
INSERT OR REPLACE INTO services (service_id, brand_id, owner_id, plan_id, ext_place_id, ext_source, title, address, lat, lng, verification_level) VALUES ('STB_2354', 'brand_starbucks', '01ARZ3NDEKTSV4RRFFQ69G5FAV', 'free', 'STB_OFFICIAL_2354', 'starbucks_official', 'スターバックス コーヒー グランスタ東京B1店', '東京都 千代田区 丸の内1ー9ー1 グランスタ東京B1', 35.6817454397, 139.766953277, 1);
INSERT OR REPLACE INTO service_category_rel (service_id, category_id) VALUES ('STB_2354', 'cat_cafe');
INSERT OR REPLACE INTO service_cafe_details (service_id, has_wifi) VALUES ('STB_2354', 1);
INSERT OR REPLACE INTO services (service_id, brand_id, owner_id, plan_id, ext_place_id, ext_source, title, address, lat, lng, verification_level) VALUES ('STB_2381', 'brand_starbucks', '01ARZ3NDEKTSV4RRFFQ69G5FAV', 'free', 'STB_OFFICIAL_2381', 'starbucks_official', 'スターバックス コーヒー STARBUCKS RESERVE(R) ROASTERY TOKYO', '東京都 目黒区 青葉台2-19-23', 35.6492201199, 139.692602893, 1);
INSERT OR REPLACE INTO service_category_rel (service_id, category_id) VALUES ('STB_2381', 'cat_cafe');
INSERT OR REPLACE INTO service_cafe_details (service_id, has_wifi) VALUES ('STB_2381', 0);
INSERT OR REPLACE INTO services (service_id, brand_id, owner_id, plan_id, ext_place_id, ext_source, title, address, lat, lng, verification_level) VALUES ('STB_2387', 'brand_starbucks', '01ARZ3NDEKTSV4RRFFQ69G5FAV', 'free', 'STB_OFFICIAL_2387', 'starbucks_official', 'スターバックス コーヒー プリンチ 代官山T-SITE', '東京都 渋谷区 猿楽町16-15 代官山T-SITE N-4棟1階', 35.6491077636, 139.700140328, 1);
INSERT OR REPLACE INTO service_category_rel (service_id, category_id) VALUES ('STB_2387', 'cat_cafe');
INSERT OR REPLACE INTO service_cafe_details (service_id, has_wifi) VALUES ('STB_2387', 1);
INSERT OR REPLACE INTO services (service_id, brand_id, owner_id, plan_id, ext_place_id, ext_source, title, address, lat, lng, verification_level) VALUES ('STB_4002', 'brand_starbucks', '01ARZ3NDEKTSV4RRFFQ69G5FAV', 'free', 'STB_OFFICIAL_4002', 'starbucks_official', 'スターバックス コーヒー 帝京大学板橋キャンパス店', '東京都 板橋区 加賀2-11-1 帝京大学板橋キャンパス', 35.7591981844, 139.71454934, 1);
INSERT OR REPLACE INTO service_category_rel (service_id, category_id) VALUES ('STB_4002', 'cat_cafe');
INSERT OR REPLACE INTO service_cafe_details (service_id, has_wifi) VALUES ('STB_4002', 1);
INSERT OR REPLACE INTO services (service_id, brand_id, owner_id, plan_id, ext_place_id, ext_source, title, address, lat, lng, verification_level) VALUES ('STB_4040', 'brand_starbucks', '01ARZ3NDEKTSV4RRFFQ69G5FAV', 'free', 'STB_OFFICIAL_4040', 'starbucks_official', 'スターバックス コーヒー カメイドクロック店', '東京都 江東区 亀戸6-31-6 KAMEIDO CLOCK', 35.695533385, 139.829169975, 1);
INSERT OR REPLACE INTO service_category_rel (service_id, category_id) VALUES ('STB_4040', 'cat_cafe');
INSERT OR REPLACE INTO service_cafe_details (service_id, has_wifi) VALUES ('STB_4040', 1);
INSERT OR REPLACE INTO services (service_id, brand_id, owner_id, plan_id, ext_place_id, ext_source, title, address, lat, lng, verification_level) VALUES ('STB_4066', 'brand_starbucks', '01ARZ3NDEKTSV4RRFFQ69G5FAV', 'free', 'STB_OFFICIAL_4066', 'starbucks_official', 'スターバックス コーヒー JR東日本ホテルメッツ 目白店', '東京都 豊島区 目白1-4-1 JR東日本ホテルメッツ 目白3階', 35.7210088028, 139.706935897, 1);
INSERT OR REPLACE INTO service_category_rel (service_id, category_id) VALUES ('STB_4066', 'cat_cafe');
INSERT OR REPLACE INTO service_cafe_details (service_id, has_wifi) VALUES ('STB_4066', 1);
INSERT OR REPLACE INTO services (service_id, brand_id, owner_id, plan_id, ext_place_id, ext_source, title, address, lat, lng, verification_level) VALUES ('STB_4072', 'brand_starbucks', '01ARZ3NDEKTSV4RRFFQ69G5FAV', 'free', 'STB_OFFICIAL_4072', 'starbucks_official', 'スターバックス コーヒー 八王子宇津木店', '東京都 八王子市 宇津木町777-1', 35.6838287096, 139.346706971, 1);
INSERT OR REPLACE INTO service_category_rel (service_id, category_id) VALUES ('STB_4072', 'cat_cafe');
INSERT OR REPLACE INTO service_cafe_details (service_id, has_wifi) VALUES ('STB_4072', 1);
INSERT OR REPLACE INTO services (service_id, brand_id, owner_id, plan_id, ext_place_id, ext_source, title, address, lat, lng, verification_level) VALUES ('STB_4078', 'brand_starbucks', '01ARZ3NDEKTSV4RRFFQ69G5FAV', 'free', 'STB_OFFICIAL_4078', 'starbucks_official', 'スターバックス コーヒー 京王笹塚店', '東京都 渋谷区 笹塚1-56-18 京王クラウン街笹塚', 35.6740198176, 139.668127673, 1);
INSERT OR REPLACE INTO service_category_rel (service_id, category_id) VALUES ('STB_4078', 'cat_cafe');
INSERT OR REPLACE INTO service_cafe_details (service_id, has_wifi) VALUES ('STB_4078', 1);
INSERT OR REPLACE INTO services (service_id, brand_id, owner_id, plan_id, ext_place_id, ext_source, title, address, lat, lng, verification_level) VALUES ('STB_4086', 'brand_starbucks', '01ARZ3NDEKTSV4RRFFQ69G5FAV', 'free', 'STB_OFFICIAL_4086', 'starbucks_official', 'スターバックス コーヒー 東京ミッドタウン八重洲店', '東京都 中央区 八重洲2-2-1 東京ミッドタウン八重洲', 35.6793362854, 139.768813511, 1);
INSERT OR REPLACE INTO service_category_rel (service_id, category_id) VALUES ('STB_4086', 'cat_cafe');
INSERT OR REPLACE INTO service_cafe_details (service_id, has_wifi) VALUES ('STB_4086', 1);
INSERT OR REPLACE INTO services (service_id, brand_id, owner_id, plan_id, ext_place_id, ext_source, title, address, lat, lng, verification_level) VALUES ('STB_4088', 'brand_starbucks', '01ARZ3NDEKTSV4RRFFQ69G5FAV', 'free', 'STB_OFFICIAL_4088', 'starbucks_official', 'スターバックス コーヒー 皇居外苑 和田倉噴水公園店', '東京都 千代田区 皇居外苑3-1', 35.6830390935, 139.761418121, 1);
INSERT OR REPLACE INTO service_category_rel (service_id, category_id) VALUES ('STB_4088', 'cat_cafe');
INSERT OR REPLACE INTO service_cafe_details (service_id, has_wifi) VALUES ('STB_4088', 1);
INSERT OR REPLACE INTO services (service_id, brand_id, owner_id, plan_id, ext_place_id, ext_source, title, address, lat, lng, verification_level) VALUES ('STB_4098', 'brand_starbucks', '01ARZ3NDEKTSV4RRFFQ69G5FAV', 'free', 'STB_OFFICIAL_4098', 'starbucks_official', 'スターバックス コーヒー 日本橋高島屋Ｓ.Ｃ.1階店', '東京都 中央区 日本橋2-5-1 日本橋高島屋Ｓ.Ｃ. 新館1階', 35.6811456245, 139.773863008, 1);
INSERT OR REPLACE INTO service_category_rel (service_id, category_id) VALUES ('STB_4098', 'cat_cafe');
INSERT OR REPLACE INTO service_cafe_details (service_id, has_wifi) VALUES ('STB_4098', 1);
INSERT OR REPLACE INTO services (service_id, brand_id, owner_id, plan_id, ext_place_id, ext_source, title, address, lat, lng, verification_level) VALUES ('STB_4107', 'brand_starbucks', '01ARZ3NDEKTSV4RRFFQ69G5FAV', 'free', 'STB_OFFICIAL_4107', 'starbucks_official', 'スターバックス コーヒー コレド室町2店', '東京都 中央区 日本橋室町2-3-1 コレド室町2 地下1階', 35.6868919715, 139.774847106, 1);
INSERT OR REPLACE INTO service_category_rel (service_id, category_id) VALUES ('STB_4107', 'cat_cafe');
INSERT OR REPLACE INTO service_cafe_details (service_id, has_wifi) VALUES ('STB_4107', 1);
INSERT OR REPLACE INTO services (service_id, brand_id, owner_id, plan_id, ext_place_id, ext_source, title, address, lat, lng, verification_level) VALUES ('STB_4118', 'brand_starbucks', '01ARZ3NDEKTSV4RRFFQ69G5FAV', 'free', 'STB_OFFICIAL_4118', 'starbucks_official', 'スターバックス コーヒー スターバックス ティー＆カフェ 恵比寿ガーデンプレイス B1店', '東京都 渋谷区 恵比寿4-20-7 恵比寿ガーデンプレイス センタープラザ B1', 35.6425892629, 139.714257789, 1);
INSERT OR REPLACE INTO service_category_rel (service_id, category_id) VALUES ('STB_4118', 'cat_cafe');
INSERT OR REPLACE INTO service_cafe_details (service_id, has_wifi) VALUES ('STB_4118', 1);
INSERT OR REPLACE INTO services (service_id, brand_id, owner_id, plan_id, ext_place_id, ext_source, title, address, lat, lng, verification_level) VALUES ('STB_4121', 'brand_starbucks', '01ARZ3NDEKTSV4RRFFQ69G5FAV', 'free', 'STB_OFFICIAL_4121', 'starbucks_official', 'スターバックス コーヒー 御茶ノ水ソラシティ店', '東京都 千代田区 神田駿河台4-6 御茶ノ水ソラシティ', 35.698536688, 139.76630839, 1);
INSERT OR REPLACE INTO service_category_rel (service_id, category_id) VALUES ('STB_4121', 'cat_cafe');
INSERT OR REPLACE INTO service_cafe_details (service_id, has_wifi) VALUES ('STB_4121', 1);
INSERT OR REPLACE INTO services (service_id, brand_id, owner_id, plan_id, ext_place_id, ext_source, title, address, lat, lng, verification_level) VALUES ('STB_4128', 'brand_starbucks', '01ARZ3NDEKTSV4RRFFQ69G5FAV', 'free', 'STB_OFFICIAL_4128', 'starbucks_official', 'スターバックス コーヒー 虎ノ門ヒルズ ステーションタワー店', '東京都 港区 虎ノ門2-6-3 虎ノ門ヒルズステーションタワー7階', 35.6673874627, 139.747143361, 1);
INSERT OR REPLACE INTO service_category_rel (service_id, category_id) VALUES ('STB_4128', 'cat_cafe');
INSERT OR REPLACE INTO service_cafe_details (service_id, has_wifi) VALUES ('STB_4128', 1);
INSERT OR REPLACE INTO services (service_id, brand_id, owner_id, plan_id, ext_place_id, ext_source, title, address, lat, lng, verification_level) VALUES ('STB_4141', 'brand_starbucks', '01ARZ3NDEKTSV4RRFFQ69G5FAV', 'free', 'STB_OFFICIAL_4141', 'starbucks_official', 'スターバックス コーヒー アトレ大森店(5F)', '東京都 大田区 大森北1-6-16 アトレ大森 5F', 35.5885139013, 139.7281869, 1);
INSERT OR REPLACE INTO service_category_rel (service_id, category_id) VALUES ('STB_4141', 'cat_cafe');
INSERT OR REPLACE INTO service_cafe_details (service_id, has_wifi) VALUES ('STB_4141', 1);
INSERT OR REPLACE INTO services (service_id, brand_id, owner_id, plan_id, ext_place_id, ext_source, title, address, lat, lng, verification_level) VALUES ('STB_4165', 'brand_starbucks', '01ARZ3NDEKTSV4RRFFQ69G5FAV', 'free', 'STB_OFFICIAL_4165', 'starbucks_official', 'スターバックス コーヒー 勝どき店', '東京都 中央区 勝どき4-6-2 パークタワー勝どきミッド1階', 35.6568660738, 139.778132105, 1);
INSERT OR REPLACE INTO service_category_rel (service_id, category_id) VALUES ('STB_4165', 'cat_cafe');
INSERT OR REPLACE INTO service_cafe_details (service_id, has_wifi) VALUES ('STB_4165', 1);
INSERT OR REPLACE INTO services (service_id, brand_id, owner_id, plan_id, ext_place_id, ext_source, title, address, lat, lng, verification_level) VALUES ('STB_4184', 'brand_starbucks', '01ARZ3NDEKTSV4RRFFQ69G5FAV', 'free', 'STB_OFFICIAL_4184', 'starbucks_official', 'スターバックス コーヒー 田町タワー店', '東京都 港区 芝5-33-11 田町タワーモール1階', 35.6471396555, 139.74869222, 1);
INSERT OR REPLACE INTO service_category_rel (service_id, category_id) VALUES ('STB_4184', 'cat_cafe');
INSERT OR REPLACE INTO service_cafe_details (service_id, has_wifi) VALUES ('STB_4184', 1);
INSERT OR REPLACE INTO services (service_id, brand_id, owner_id, plan_id, ext_place_id, ext_source, title, address, lat, lng, verification_level) VALUES ('STB_4201', 'brand_starbucks', '01ARZ3NDEKTSV4RRFFQ69G5FAV', 'free', 'STB_OFFICIAL_4201', 'starbucks_official', 'スターバックス コーヒー 麻布台ヒルズ店', '東京都 港区 麻布台1-3-1 麻布台ヒルズ タワープラザ 地下1階', 35.6617051737, 139.740327244, 1);
INSERT OR REPLACE INTO service_category_rel (service_id, category_id) VALUES ('STB_4201', 'cat_cafe');
INSERT OR REPLACE INTO service_cafe_details (service_id, has_wifi) VALUES ('STB_4201', 1);
INSERT OR REPLACE INTO services (service_id, brand_id, owner_id, plan_id, ext_place_id, ext_source, title, address, lat, lng, verification_level) VALUES ('STB_4217', 'brand_starbucks', '01ARZ3NDEKTSV4RRFFQ69G5FAV', 'free', 'STB_OFFICIAL_4217', 'starbucks_official', 'スターバックス コーヒー 茗荷谷店', '東京都 文京区 大塚1-4-1 中央大学 茗荷谷キャンパス', 35.7183868047, 139.735516145, 1);
INSERT OR REPLACE INTO service_category_rel (service_id, category_id) VALUES ('STB_4217', 'cat_cafe');
INSERT OR REPLACE INTO service_cafe_details (service_id, has_wifi) VALUES ('STB_4217', 1);
INSERT OR REPLACE INTO services (service_id, brand_id, owner_id, plan_id, ext_place_id, ext_source, title, address, lat, lng, verification_level) VALUES ('STB_4221', 'brand_starbucks', '01ARZ3NDEKTSV4RRFFQ69G5FAV', 'free', 'STB_OFFICIAL_4221', 'starbucks_official', 'スターバックス コーヒー 板橋蓮根店', '東京都 板橋区 蓮根2-9-12', 35.782625248, 139.673996907, 1);
INSERT OR REPLACE INTO service_category_rel (service_id, category_id) VALUES ('STB_4221', 'cat_cafe');
INSERT OR REPLACE INTO service_cafe_details (service_id, has_wifi) VALUES ('STB_4221', 1);
INSERT OR REPLACE INTO services (service_id, brand_id, owner_id, plan_id, ext_place_id, ext_source, title, address, lat, lng, verification_level) VALUES ('STB_4236', 'brand_starbucks', '01ARZ3NDEKTSV4RRFFQ69G5FAV', 'free', 'STB_OFFICIAL_4236', 'starbucks_official', 'スターバックス コーヒー スターバックス ティー＆カフェ 渋谷サクラステージ店', '東京都 渋谷区 桜丘町1-4 渋谷サクラステージ SHIBUYAサイド 3階', 35.6571188709, 139.701271254, 1);
INSERT OR REPLACE INTO service_category_rel (service_id, category_id) VALUES ('STB_4236', 'cat_cafe');
INSERT OR REPLACE INTO service_cafe_details (service_id, has_wifi) VALUES ('STB_4236', 1);
INSERT OR REPLACE INTO services (service_id, brand_id, owner_id, plan_id, ext_place_id, ext_source, title, address, lat, lng, verification_level) VALUES ('STB_4239', 'brand_starbucks', '01ARZ3NDEKTSV4RRFFQ69G5FAV', 'free', 'STB_OFFICIAL_4239', 'starbucks_official', 'スターバックス コーヒー 武蔵小山店', '東京都 品川区 小山3-15-1 パークシティ武蔵小山ザ モール', 35.6198795747, 139.704365212, 1);
INSERT OR REPLACE INTO service_category_rel (service_id, category_id) VALUES ('STB_4239', 'cat_cafe');
INSERT OR REPLACE INTO service_cafe_details (service_id, has_wifi) VALUES ('STB_4239', 1);
INSERT OR REPLACE INTO services (service_id, brand_id, owner_id, plan_id, ext_place_id, ext_source, title, address, lat, lng, verification_level) VALUES ('STB_4268', 'brand_starbucks', '01ARZ3NDEKTSV4RRFFQ69G5FAV', 'free', 'STB_OFFICIAL_4268', 'starbucks_official', 'スターバックス コーヒー シャポー新小岩店', '東京都 葛飾区 新小岩1-45-1 シャポー新小岩1階', 35.716791898, 139.85831102, 1);
INSERT OR REPLACE INTO service_category_rel (service_id, category_id) VALUES ('STB_4268', 'cat_cafe');
INSERT OR REPLACE INTO service_cafe_details (service_id, has_wifi) VALUES ('STB_4268', 1);
INSERT OR REPLACE INTO services (service_id, brand_id, owner_id, plan_id, ext_place_id, ext_source, title, address, lat, lng, verification_level) VALUES ('STB_4278', 'brand_starbucks', '01ARZ3NDEKTSV4RRFFQ69G5FAV', 'free', 'STB_OFFICIAL_4278', 'starbucks_official', 'スターバックス コーヒー シャポー小岩店', '東京都 江戸川区 南小岩7-24-15', 35.7331536098, 139.881571946, 1);
INSERT OR REPLACE INTO service_category_rel (service_id, category_id) VALUES ('STB_4278', 'cat_cafe');
INSERT OR REPLACE INTO service_cafe_details (service_id, has_wifi) VALUES ('STB_4278', 1);
INSERT OR REPLACE INTO services (service_id, brand_id, owner_id, plan_id, ext_place_id, ext_source, title, address, lat, lng, verification_level) VALUES ('STB_4289', 'brand_starbucks', '01ARZ3NDEKTSV4RRFFQ69G5FAV', 'free', 'STB_OFFICIAL_4289', 'starbucks_official', 'スターバックス コーヒー LaLaテラス南千住店', '東京都 荒川区 南千住4-7-2 LaLaテラス南千住 B棟1階', 35.7351322799, 139.801653214, 1);
INSERT OR REPLACE INTO service_category_rel (service_id, category_id) VALUES ('STB_4289', 'cat_cafe');
INSERT OR REPLACE INTO service_cafe_details (service_id, has_wifi) VALUES ('STB_4289', 1);
INSERT OR REPLACE INTO services (service_id, brand_id, owner_id, plan_id, ext_place_id, ext_source, title, address, lat, lng, verification_level) VALUES ('STB_4309', 'brand_starbucks', '01ARZ3NDEKTSV4RRFFQ69G5FAV', 'free', 'STB_OFFICIAL_4309', 'starbucks_official', 'スターバックス コーヒー アトレ目黒1店', '東京都 品川区 上大崎2-16-9 アトレ目黒1 1F', 35.6342129665, 139.715968033, 1);
INSERT OR REPLACE INTO service_category_rel (service_id, category_id) VALUES ('STB_4309', 'cat_cafe');
INSERT OR REPLACE INTO service_cafe_details (service_id, has_wifi) VALUES ('STB_4309', 1);
INSERT OR REPLACE INTO services (service_id, brand_id, owner_id, plan_id, ext_place_id, ext_source, title, address, lat, lng, verification_level) VALUES ('STB_4315', 'brand_starbucks', '01ARZ3NDEKTSV4RRFFQ69G5FAV', 'free', 'STB_OFFICIAL_4315', 'starbucks_official', 'スターバックス コーヒー 南砂町 SUNAMO店', '東京都 江東区 新砂3-4-31 南砂町ショッピングセンター SUNAMO１階', 35.6649587128, 139.835643345, 1);
INSERT OR REPLACE INTO service_category_rel (service_id, category_id) VALUES ('STB_4315', 'cat_cafe');
INSERT OR REPLACE INTO service_cafe_details (service_id, has_wifi) VALUES ('STB_4315', 1);
INSERT OR REPLACE INTO services (service_id, brand_id, owner_id, plan_id, ext_place_id, ext_source, title, address, lat, lng, verification_level) VALUES ('STB_4328', 'brand_starbucks', '01ARZ3NDEKTSV4RRFFQ69G5FAV', 'free', 'STB_OFFICIAL_4328', 'starbucks_official', 'スターバックス コーヒー 羽村栄町店', '東京都 羽村市 栄町2-2-6', 35.7721110882, 139.307853354, 1);
INSERT OR REPLACE INTO service_category_rel (service_id, category_id) VALUES ('STB_4328', 'cat_cafe');
INSERT OR REPLACE INTO service_cafe_details (service_id, has_wifi) VALUES ('STB_4328', 1);
INSERT OR REPLACE INTO services (service_id, brand_id, owner_id, plan_id, ext_place_id, ext_source, title, address, lat, lng, verification_level) VALUES ('STB_4331', 'brand_starbucks', '01ARZ3NDEKTSV4RRFFQ69G5FAV', 'free', 'STB_OFFICIAL_4331', 'starbucks_official', 'スターバックス コーヒー 小田急百貨店SHINJUKU DELISH PARK店', '東京都 新宿区 西新宿1丁目西口地下街１号 小田急エース北館', 35.6920453666, 139.698617644, 1);
INSERT OR REPLACE INTO service_category_rel (service_id, category_id) VALUES ('STB_4331', 'cat_cafe');
INSERT OR REPLACE INTO service_cafe_details (service_id, has_wifi) VALUES ('STB_4331', 1);
INSERT OR REPLACE INTO services (service_id, brand_id, owner_id, plan_id, ext_place_id, ext_source, title, address, lat, lng, verification_level) VALUES ('STB_4337', 'brand_starbucks', '01ARZ3NDEKTSV4RRFFQ69G5FAV', 'free', 'STB_OFFICIAL_4337', 'starbucks_official', 'スターバックス コーヒー イオンスタイル赤羽店', '東京都 北区 神谷3-12-1 イオンスタイル赤羽1階', 35.7742640998, 139.731990253, 1);
INSERT OR REPLACE INTO service_category_rel (service_id, category_id) VALUES ('STB_4337', 'cat_cafe');
INSERT OR REPLACE INTO service_cafe_details (service_id, has_wifi) VALUES ('STB_4337', 1);
INSERT OR REPLACE INTO services (service_id, brand_id, owner_id, plan_id, ext_place_id, ext_source, title, address, lat, lng, verification_level) VALUES ('STB_4357', 'brand_starbucks', '01ARZ3NDEKTSV4RRFFQ69G5FAV', 'free', 'STB_OFFICIAL_4357', 'starbucks_official', 'スターバックス コーヒー 上智大学 四谷キャンパス店', '東京都 千代田区 麹町6-1-18 上智大学15号館1階', 35.6845828787, 139.733129288, 1);
INSERT OR REPLACE INTO service_category_rel (service_id, category_id) VALUES ('STB_4357', 'cat_cafe');
INSERT OR REPLACE INTO service_cafe_details (service_id, has_wifi) VALUES ('STB_4357', 1);
INSERT OR REPLACE INTO services (service_id, brand_id, owner_id, plan_id, ext_place_id, ext_source, title, address, lat, lng, verification_level) VALUES ('STB_4379', 'brand_starbucks', '01ARZ3NDEKTSV4RRFFQ69G5FAV', 'free', 'STB_OFFICIAL_4379', 'starbucks_official', 'スターバックス コーヒー エキア竹ノ塚店', '東京都 足立区 西竹の塚2-1-2 EQUiA竹ノ塚1階', 35.7946040688, 139.791155236, 1);
INSERT OR REPLACE INTO service_category_rel (service_id, category_id) VALUES ('STB_4379', 'cat_cafe');
INSERT OR REPLACE INTO service_cafe_details (service_id, has_wifi) VALUES ('STB_4379', 1);
INSERT OR REPLACE INTO services (service_id, brand_id, owner_id, plan_id, ext_place_id, ext_source, title, address, lat, lng, verification_level) VALUES ('STB_4389', 'brand_starbucks', '01ARZ3NDEKTSV4RRFFQ69G5FAV', 'free', 'STB_OFFICIAL_4389', 'starbucks_official', 'スターバックス コーヒー 錦糸町メトロピア店', '東京都 墨田区 江東橋3-14-6 東京メトロ錦糸町駅構内 錦糸町メトロピア', 35.6960425338, 139.815360542, 1);
INSERT OR REPLACE INTO service_category_rel (service_id, category_id) VALUES ('STB_4389', 'cat_cafe');
INSERT OR REPLACE INTO service_cafe_details (service_id, has_wifi) VALUES ('STB_4389', 1);
INSERT OR REPLACE INTO services (service_id, brand_id, owner_id, plan_id, ext_place_id, ext_source, title, address, lat, lng, verification_level) VALUES ('STB_4421', 'brand_starbucks', '01ARZ3NDEKTSV4RRFFQ69G5FAV', 'free', 'STB_OFFICIAL_4421', 'starbucks_official', 'スターバックス コーヒー 町田東急ツインズEAST店', '東京都 町田市 原町田6-4-1 町田東急ツインズ イースト2階', 35.5426030632, 139.446779607, 1);
INSERT OR REPLACE INTO service_category_rel (service_id, category_id) VALUES ('STB_4421', 'cat_cafe');
INSERT OR REPLACE INTO service_cafe_details (service_id, has_wifi) VALUES ('STB_4421', 1);
INSERT OR REPLACE INTO services (service_id, brand_id, owner_id, plan_id, ext_place_id, ext_source, title, address, lat, lng, verification_level) VALUES ('STB_4423', 'brand_starbucks', '01ARZ3NDEKTSV4RRFFQ69G5FAV', 'free', 'STB_OFFICIAL_4423', 'starbucks_official', 'スターバックス コーヒー 江戸川総合レクリエーション公園店', '東京都 江戸川区 南葛西3-23-9 江戸川総合レクリエーション公園 ファミリースポーツ広場', 35.6507602876, 139.870663868, 1);
INSERT OR REPLACE INTO service_category_rel (service_id, category_id) VALUES ('STB_4423', 'cat_cafe');
INSERT OR REPLACE INTO service_cafe_details (service_id, has_wifi) VALUES ('STB_4423', 1);
INSERT OR REPLACE INTO services (service_id, brand_id, owner_id, plan_id, ext_place_id, ext_source, title, address, lat, lng, verification_level) VALUES ('STB_4431', 'brand_starbucks', '01ARZ3NDEKTSV4RRFFQ69G5FAV', 'free', 'STB_OFFICIAL_4431', 'starbucks_official', 'スターバックス コーヒー ららテラス北綾瀬店', '東京都 足立区 谷中4-8-1 ららテラス北綾瀬2階', 35.7779582228, 139.831627364, 1);
INSERT OR REPLACE INTO service_category_rel (service_id, category_id) VALUES ('STB_4431', 'cat_cafe');
INSERT OR REPLACE INTO service_cafe_details (service_id, has_wifi) VALUES ('STB_4431', 1);
INSERT OR REPLACE INTO services (service_id, brand_id, owner_id, plan_id, ext_place_id, ext_source, title, address, lat, lng, verification_level) VALUES ('STB_4439', 'brand_starbucks', '01ARZ3NDEKTSV4RRFFQ69G5FAV', 'free', 'STB_OFFICIAL_4439', 'starbucks_official', 'スターバックス コーヒー 多摩東寺方店', '東京都 多摩市 東寺方651-1', 35.6411931813, 139.437050597, 1);
INSERT OR REPLACE INTO service_category_rel (service_id, category_id) VALUES ('STB_4439', 'cat_cafe');
INSERT OR REPLACE INTO service_cafe_details (service_id, has_wifi) VALUES ('STB_4439', 1);
INSERT OR REPLACE INTO services (service_id, brand_id, owner_id, plan_id, ext_place_id, ext_source, title, address, lat, lng, verification_level) VALUES ('STB_4440', 'brand_starbucks', '01ARZ3NDEKTSV4RRFFQ69G5FAV', 'free', 'STB_OFFICIAL_4440', 'starbucks_official', 'スターバックス コーヒー 駒沢パーククォーター店', '東京都 世田谷区 上馬3-18-7 KOMAZAWA Park Quarter1階', 35.6328766032, 139.661540948, 1);
INSERT OR REPLACE INTO service_category_rel (service_id, category_id) VALUES ('STB_4440', 'cat_cafe');
INSERT OR REPLACE INTO service_cafe_details (service_id, has_wifi) VALUES ('STB_4440', 1);
INSERT OR REPLACE INTO services (service_id, brand_id, owner_id, plan_id, ext_place_id, ext_source, title, address, lat, lng, verification_level) VALUES ('STB_4448', 'brand_starbucks', '01ARZ3NDEKTSV4RRFFQ69G5FAV', 'free', 'STB_OFFICIAL_4448', 'starbucks_official', 'スターバックス コーヒー 昭島駅前店', '東京都 昭島市 代官山2-3-1 モリタウン１階', 35.713669386, 139.36142493, 1);
INSERT OR REPLACE INTO service_category_rel (service_id, category_id) VALUES ('STB_4448', 'cat_cafe');
INSERT OR REPLACE INTO service_cafe_details (service_id, has_wifi) VALUES ('STB_4448', 1);
INSERT OR REPLACE INTO services (service_id, brand_id, owner_id, plan_id, ext_place_id, ext_source, title, address, lat, lng, verification_level) VALUES ('STB_4459', 'brand_starbucks', '01ARZ3NDEKTSV4RRFFQ69G5FAV', 'free', 'STB_OFFICIAL_4459', 'starbucks_official', 'スターバックス コーヒー 府中西府店', '東京都 府中市 西府町2-5-7', 35.6741136318, 139.457692645, 1);
INSERT OR REPLACE INTO service_category_rel (service_id, category_id) VALUES ('STB_4459', 'cat_cafe');
INSERT OR REPLACE INTO service_cafe_details (service_id, has_wifi) VALUES ('STB_4459', 1);
INSERT OR REPLACE INTO services (service_id, brand_id, owner_id, plan_id, ext_place_id, ext_source, title, address, lat, lng, verification_level) VALUES ('STB_4463', 'brand_starbucks', '01ARZ3NDEKTSV4RRFFQ69G5FAV', 'free', 'STB_OFFICIAL_4463', 'starbucks_official', 'スターバックス コーヒー ニュウマン高輪店', '東京都 港区 高輪2-21-1 ニュウマン高輪 North 5階', 35.6363726018, 139.740117872, 1);
INSERT OR REPLACE INTO service_category_rel (service_id, category_id) VALUES ('STB_4463', 'cat_cafe');
INSERT OR REPLACE INTO service_cafe_details (service_id, has_wifi) VALUES ('STB_4463', 1);
INSERT OR REPLACE INTO services (service_id, brand_id, owner_id, plan_id, ext_place_id, ext_source, title, address, lat, lng, verification_level) VALUES ('STB_4464', 'brand_starbucks', '01ARZ3NDEKTSV4RRFFQ69G5FAV', 'free', 'STB_OFFICIAL_4464', 'starbucks_official', 'スターバックス コーヒー 葛西駅南口店', '東京都 江戸川区 東葛西6-2-1 RECS東葛西2階', 35.6622363298, 139.873379503, 1);
INSERT OR REPLACE INTO service_category_rel (service_id, category_id) VALUES ('STB_4464', 'cat_cafe');
INSERT OR REPLACE INTO service_cafe_details (service_id, has_wifi) VALUES ('STB_4464', 1);
INSERT OR REPLACE INTO services (service_id, brand_id, owner_id, plan_id, ext_place_id, ext_source, title, address, lat, lng, verification_level) VALUES ('STB_4465', 'brand_starbucks', '01ARZ3NDEKTSV4RRFFQ69G5FAV', 'free', 'STB_OFFICIAL_4465', 'starbucks_official', 'スターバックス コーヒー ビーンズ亀有店', '東京都 葛飾区 亀有3-25-1 ビーンズ亀有 1階', 35.7663636284, 139.84746075, 1);
INSERT OR REPLACE INTO service_category_rel (service_id, category_id) VALUES ('STB_4465', 'cat_cafe');
INSERT OR REPLACE INTO service_cafe_details (service_id, has_wifi) VALUES ('STB_4465', 1);
INSERT OR REPLACE INTO services (service_id, brand_id, owner_id, plan_id, ext_place_id, ext_source, title, address, lat, lng, verification_level) VALUES ('STB_4479', 'brand_starbucks', '01ARZ3NDEKTSV4RRFFQ69G5FAV', 'free', 'STB_OFFICIAL_4479', 'starbucks_official', 'スターバックス コーヒー 大井町トラックスパーク店', '東京都 品川区 広町2-2-9 OIMACHI TRACKS 1階', 35.6082554479, 139.730883267, 1);
INSERT OR REPLACE INTO service_category_rel (service_id, category_id) VALUES ('STB_4479', 'cat_cafe');
INSERT OR REPLACE INTO service_cafe_details (service_id, has_wifi) VALUES ('STB_4479', 1);
INSERT OR REPLACE INTO services (service_id, brand_id, owner_id, plan_id, ext_place_id, ext_source, title, address, lat, lng, verification_level) VALUES ('STB_4489', 'brand_starbucks', '01ARZ3NDEKTSV4RRFFQ69G5FAV', 'free', 'STB_OFFICIAL_4489', 'starbucks_official', 'スターバックス コーヒー エミオ石神井公園店', '東京都 練馬区 石神井町3-23-5 エミオ石神井公園 1階', 35.7433880074, 139.607607838, 1);
INSERT OR REPLACE INTO service_category_rel (service_id, category_id) VALUES ('STB_4489', 'cat_cafe');
INSERT OR REPLACE INTO service_cafe_details (service_id, has_wifi) VALUES ('STB_4489', 1);
INSERT OR REPLACE INTO services (service_id, brand_id, owner_id, plan_id, ext_place_id, ext_source, title, address, lat, lng, verification_level) VALUES ('STB_4492', 'brand_starbucks', '01ARZ3NDEKTSV4RRFFQ69G5FAV', 'free', 'STB_OFFICIAL_4492', 'starbucks_official', 'スターバックス コーヒー スターバックス カフェ & アートギャラリー 谷中御殿坂', '東京都 荒川区 西日暮里3-2-5', 35.7278505382, 139.768668233, 1);
INSERT OR REPLACE INTO service_category_rel (service_id, category_id) VALUES ('STB_4492', 'cat_cafe');
INSERT OR REPLACE INTO service_cafe_details (service_id, has_wifi) VALUES ('STB_4492', 1);
INSERT OR REPLACE INTO services (service_id, brand_id, owner_id, plan_id, ext_place_id, ext_source, title, address, lat, lng, verification_level) VALUES ('STB_4498', 'brand_starbucks', '01ARZ3NDEKTSV4RRFFQ69G5FAV', 'free', 'STB_OFFICIAL_4498', 'starbucks_official', 'スターバックス コーヒー 虎ノ門アルセアタワー店', '東京都 港区 虎ノ門2-2-3 虎ノ門アルセアタワー 1階', 35.669112822, 139.746473337, 1);
INSERT OR REPLACE INTO service_category_rel (service_id, category_id) VALUES ('STB_4498', 'cat_cafe');
INSERT OR REPLACE INTO service_cafe_details (service_id, has_wifi) VALUES ('STB_4498', 1);
INSERT OR REPLACE INTO services (service_id, brand_id, owner_id, plan_id, ext_place_id, ext_source, title, address, lat, lng, verification_level) VALUES ('STB_4499', 'brand_starbucks', '01ARZ3NDEKTSV4RRFFQ69G5FAV', 'free', 'STB_OFFICIAL_4499', 'starbucks_official', 'スターバックス コーヒー ブルーフロント芝浦店', '東京都 港区 芝浦1-1-1 BLUE FRONT SHIBAURA3階', 35.6517351485, 139.757351011, 1);
INSERT OR REPLACE INTO service_category_rel (service_id, category_id) VALUES ('STB_4499', 'cat_cafe');
INSERT OR REPLACE INTO service_cafe_details (service_id, has_wifi) VALUES ('STB_4499', 1);
INSERT OR REPLACE INTO services (service_id, brand_id, owner_id, plan_id, ext_place_id, ext_source, title, address, lat, lng, verification_level) VALUES ('STB_4507', 'brand_starbucks', '01ARZ3NDEKTSV4RRFFQ69G5FAV', 'free', 'STB_OFFICIAL_4507', 'starbucks_official', 'スターバックス コーヒー スターバックス ティバーナストア 銀座マロニエ通り', '東京都 中央区 銀座3-7-3 銀座オーミビル B1F', 35.6721870281, 139.767555333, 1);
INSERT OR REPLACE INTO service_category_rel (service_id, category_id) VALUES ('STB_4507', 'cat_cafe');
INSERT OR REPLACE INTO service_cafe_details (service_id, has_wifi) VALUES ('STB_4507', 1);
INSERT OR REPLACE INTO services (service_id, brand_id, owner_id, plan_id, ext_place_id, ext_source, title, address, lat, lng, verification_level) VALUES ('STB_4517', 'brand_starbucks', '01ARZ3NDEKTSV4RRFFQ69G5FAV', 'free', 'STB_OFFICIAL_4517', 'starbucks_official', 'スターバックス コーヒー 池袋サンシャインシティ アルパ 1階店', '東京都 豊島区 東池袋3-1-2 サンシャインシティ アルパ 1階', 35.7294275572, 139.718984231, 1);
INSERT OR REPLACE INTO service_category_rel (service_id, category_id) VALUES ('STB_4517', 'cat_cafe');
INSERT OR REPLACE INTO service_cafe_details (service_id, has_wifi) VALUES ('STB_4517', 1);
INSERT OR REPLACE INTO services (service_id, brand_id, owner_id, plan_id, ext_place_id, ext_source, title, address, lat, lng, verification_level) VALUES ('STB_4518', 'brand_starbucks', '01ARZ3NDEKTSV4RRFFQ69G5FAV', 'free', 'STB_OFFICIAL_4518', 'starbucks_official', 'スターバックス コーヒー 池袋　IT tower TOKYO店', '東京都 豊島区 西池袋3-28-13 IT tower TOKYO 2階', 35.7313438222, 139.707718968, 1);
INSERT OR REPLACE INTO service_category_rel (service_id, category_id) VALUES ('STB_4518', 'cat_cafe');
INSERT OR REPLACE INTO service_cafe_details (service_id, has_wifi) VALUES ('STB_4518', 1);
INSERT OR REPLACE INTO services (service_id, brand_id, owner_id, plan_id, ext_place_id, ext_source, title, address, lat, lng, verification_level) VALUES ('STB_4528', 'brand_starbucks', '01ARZ3NDEKTSV4RRFFQ69G5FAV', 'free', 'STB_OFFICIAL_4528', 'starbucks_official', 'スターバックス コーヒー リコパ東大和店', '東京都 東大和市 桜が丘2-142-1 リコパ東大和 テラス棟1階', 35.7365194082, 139.423103477, 1);
INSERT OR REPLACE INTO service_category_rel (service_id, category_id) VALUES ('STB_4528', 'cat_cafe');
INSERT OR REPLACE INTO service_cafe_details (service_id, has_wifi) VALUES ('STB_4528', 1);
INSERT OR REPLACE INTO services (service_id, brand_id, owner_id, plan_id, ext_place_id, ext_source, title, address, lat, lng, verification_level) VALUES ('STB_4531', 'brand_starbucks', '01ARZ3NDEKTSV4RRFFQ69G5FAV', 'free', 'STB_OFFICIAL_4531', 'starbucks_official', 'スターバックス コーヒー スターバックス ティー＆カフェ フォレストスクエア仙川店', '東京都 調布市 仙川町3-1-17 フォレストスクエア仙川 1階', 35.6630148181, 139.584864261, 1);
INSERT OR REPLACE INTO service_category_rel (service_id, category_id) VALUES ('STB_4531', 'cat_cafe');
INSERT OR REPLACE INTO service_cafe_details (service_id, has_wifi) VALUES ('STB_4531', 1);
INSERT OR REPLACE INTO services (service_id, brand_id, owner_id, plan_id, ext_place_id, ext_source, title, address, lat, lng, verification_level) VALUES ('STB_4536', 'brand_starbucks', '01ARZ3NDEKTSV4RRFFQ69G5FAV', 'free', 'STB_OFFICIAL_4536', 'starbucks_official', 'スターバックス コーヒー 麻布十番２丁目店', '東京都 港区 麻布十番2-3-12', 35.6556821154, 139.735097956, 1);
INSERT OR REPLACE INTO service_category_rel (service_id, category_id) VALUES ('STB_4536', 'cat_cafe');
INSERT OR REPLACE INTO service_cafe_details (service_id, has_wifi) VALUES ('STB_4536', 1);
INSERT OR REPLACE INTO services (service_id, brand_id, owner_id, plan_id, ext_place_id, ext_source, title, address, lat, lng, verification_level) VALUES ('STB_4553', 'brand_starbucks', '01ARZ3NDEKTSV4RRFFQ69G5FAV', 'free', 'STB_OFFICIAL_4553', 'starbucks_official', 'スターバックス コーヒー ららぽーと立川立飛2階 パークサイド店', '東京都 立川市 泉町935-1 ららぽーと立川立飛2階', 35.7136034352, 139.417908297, 1);
INSERT OR REPLACE INTO service_category_rel (service_id, category_id) VALUES ('STB_4553', 'cat_cafe');
INSERT OR REPLACE INTO service_cafe_details (service_id, has_wifi) VALUES ('STB_4553', 1);
INSERT OR REPLACE INTO services (service_id, brand_id, owner_id, plan_id, ext_place_id, ext_source, title, address, lat, lng, verification_level) VALUES ('STB_4566', 'brand_starbucks', '01ARZ3NDEKTSV4RRFFQ69G5FAV', 'free', 'STB_OFFICIAL_4566', 'starbucks_official', 'スターバックス コーヒー エミオ池袋店', '東京都 豊島区 南池袋1-28-1 西武池袋線池袋駅 地下1階改札内', 35.7289224792, 139.711425716, 1);
INSERT OR REPLACE INTO service_category_rel (service_id, category_id) VALUES ('STB_4566', 'cat_cafe');
INSERT OR REPLACE INTO service_cafe_details (service_id, has_wifi) VALUES ('STB_4566', 1);
INSERT OR REPLACE INTO services (service_id, brand_id, owner_id, plan_id, ext_place_id, ext_source, title, address, lat, lng, verification_level) VALUES ('STB_4594', 'brand_starbucks', '01ARZ3NDEKTSV4RRFFQ69G5FAV', 'free', 'STB_OFFICIAL_4594', 'starbucks_official', 'スターバックス コーヒー 銀座１丁目店', '東京都 中央区 銀座1-13-15 ダイワロイネットホテル 銀座 PREMIER 1階', 35.673363596, 139.769105706, 1);
INSERT OR REPLACE INTO service_category_rel (service_id, category_id) VALUES ('STB_4594', 'cat_cafe');
INSERT OR REPLACE INTO service_cafe_details (service_id, has_wifi) VALUES ('STB_4594', 1);
INSERT OR REPLACE INTO services (service_id, brand_id, owner_id, plan_id, ext_place_id, ext_source, title, address, lat, lng, verification_level) VALUES ('STB_4597', 'brand_starbucks', '01ARZ3NDEKTSV4RRFFQ69G5FAV', 'free', 'STB_OFFICIAL_4597', 'starbucks_official', 'スターバックス コーヒー スターバックス リザーブ(R) カフェ 東京スカイツリータウン30F店', '東京都 墨田区 押上1-1-2 東京スカイツリータウン・ソラマチ30階', 35.7103242888, 139.81245957, 1);
INSERT OR REPLACE INTO service_category_rel (service_id, category_id) VALUES ('STB_4597', 'cat_cafe');
INSERT OR REPLACE INTO service_cafe_details (service_id, has_wifi) VALUES ('STB_4597', 1);
INSERT OR REPLACE INTO services (service_id, brand_id, owner_id, plan_id, ext_place_id, ext_source, title, address, lat, lng, verification_level) VALUES ('STB_4624', 'brand_starbucks', '01ARZ3NDEKTSV4RRFFQ69G5FAV', 'free', 'STB_OFFICIAL_4624', 'starbucks_official', 'スターバックス コーヒー スターバックス ティー＆カフェ セレオ八王子北館店', '東京都 八王子市 旭町1-1 セレオ八王子北館2階', 35.6560729487, 139.339921868, 1);
INSERT OR REPLACE INTO service_category_rel (service_id, category_id) VALUES ('STB_4624', 'cat_cafe');
INSERT OR REPLACE INTO service_cafe_details (service_id, has_wifi) VALUES ('STB_4624', 1);
INSERT OR REPLACE INTO services (service_id, brand_id, owner_id, plan_id, ext_place_id, ext_source, title, address, lat, lng, verification_level) VALUES ('STB_8', 'brand_starbucks', '01ARZ3NDEKTSV4RRFFQ69G5FAV', 'free', 'STB_OFFICIAL_8', 'starbucks_official', 'スターバックス コーヒー みなとみらい東急スクエア店', '神奈川県 横浜市西区 みなとみらい2-3-9 みなとみらい東急スクエア ②１Ｆ', 35.4568818921, 139.634056334, 1);
INSERT OR REPLACE INTO service_category_rel (service_id, category_id) VALUES ('STB_8', 'cat_cafe');
INSERT OR REPLACE INTO service_cafe_details (service_id, has_wifi) VALUES ('STB_8', 1);
INSERT OR REPLACE INTO services (service_id, brand_id, owner_id, plan_id, ext_place_id, ext_source, title, address, lat, lng, verification_level) VALUES ('STB_44', 'brand_starbucks', '01ARZ3NDEKTSV4RRFFQ69G5FAV', 'free', 'STB_OFFICIAL_44', 'starbucks_official', 'スターバックス コーヒー 横浜元町店', '神奈川県 横浜市中区 元町1-13-5 ラヴィ元町 1F', 35.4415999281, 139.650675658, 1);
INSERT OR REPLACE INTO service_category_rel (service_id, category_id) VALUES ('STB_44', 'cat_cafe');
INSERT OR REPLACE INTO service_cafe_details (service_id, has_wifi) VALUES ('STB_44', 1);
INSERT OR REPLACE INTO services (service_id, brand_id, owner_id, plan_id, ext_place_id, ext_source, title, address, lat, lng, verification_level) VALUES ('STB_45', 'brand_starbucks', '01ARZ3NDEKTSV4RRFFQ69G5FAV', 'free', 'STB_OFFICIAL_45', 'starbucks_official', 'スターバックス コーヒー 新横浜店', '神奈川県 横浜市港北区 新横浜2-5-1 日総第１３ビル 1F', 35.5086599119, 139.61511469, 1);
INSERT OR REPLACE INTO service_category_rel (service_id, category_id) VALUES ('STB_45', 'cat_cafe');
INSERT OR REPLACE INTO service_cafe_details (service_id, has_wifi) VALUES ('STB_45', 1);
INSERT OR REPLACE INTO services (service_id, brand_id, owner_id, plan_id, ext_place_id, ext_source, title, address, lat, lng, verification_level) VALUES ('STB_49', 'brand_starbucks', '01ARZ3NDEKTSV4RRFFQ69G5FAV', 'free', 'STB_OFFICIAL_49', 'starbucks_official', 'スターバックス コーヒー 横浜ランドマークプラザ店', '神奈川県 横浜市西区 みなとみらい2-2-1 横浜ランドマークタワー', 35.4544737693, 139.631365002, 1);
INSERT OR REPLACE INTO service_category_rel (service_id, category_id) VALUES ('STB_49', 'cat_cafe');
INSERT OR REPLACE INTO service_cafe_details (service_id, has_wifi) VALUES ('STB_49', 1);
INSERT OR REPLACE INTO services (service_id, brand_id, owner_id, plan_id, ext_place_id, ext_source, title, address, lat, lng, verification_level) VALUES ('STB_57', 'brand_starbucks', '01ARZ3NDEKTSV4RRFFQ69G5FAV', 'free', 'STB_OFFICIAL_57', 'starbucks_official', 'スターバックス コーヒー 本厚木店', '神奈川県 厚木市 中町2-6-20 人の森本厚木中町ビル １F', 35.4408186257, 139.364597786, 1);
INSERT OR REPLACE INTO service_category_rel (service_id, category_id) VALUES ('STB_57', 'cat_cafe');
INSERT OR REPLACE INTO service_cafe_details (service_id, has_wifi) VALUES ('STB_57', 1);
INSERT OR REPLACE INTO services (service_id, brand_id, owner_id, plan_id, ext_place_id, ext_source, title, address, lat, lng, verification_level) VALUES ('STB_72', 'brand_starbucks', '01ARZ3NDEKTSV4RRFFQ69G5FAV', 'free', 'STB_OFFICIAL_72', 'starbucks_official', 'スターバックス コーヒー 横浜モアーズ店', '神奈川県 横浜市西区 南幸1-3-1 横浜モアーズ 2F', 35.4670392094, 139.622184908, 1);
INSERT OR REPLACE INTO service_category_rel (service_id, category_id) VALUES ('STB_72', 'cat_cafe');
INSERT OR REPLACE INTO service_cafe_details (service_id, has_wifi) VALUES ('STB_72', 1);
INSERT OR REPLACE INTO services (service_id, brand_id, owner_id, plan_id, ext_place_id, ext_source, title, address, lat, lng, verification_level) VALUES ('STB_81', 'brand_starbucks', '01ARZ3NDEKTSV4RRFFQ69G5FAV', 'free', 'STB_OFFICIAL_81', 'starbucks_official', 'スターバックス コーヒー 湘南台駅ビル店', '神奈川県 藤沢市 湘南台2-15 小田急マルシェ湘南台２', 35.3961029724, 139.466850797, 1);
INSERT OR REPLACE INTO service_category_rel (service_id, category_id) VALUES ('STB_81', 'cat_cafe');
INSERT OR REPLACE INTO service_cafe_details (service_id, has_wifi) VALUES ('STB_81', 1);
INSERT OR REPLACE INTO services (service_id, brand_id, owner_id, plan_id, ext_place_id, ext_source, title, address, lat, lng, verification_level) VALUES ('STB_96', 'brand_starbucks', '01ARZ3NDEKTSV4RRFFQ69G5FAV', 'free', 'STB_OFFICIAL_96', 'starbucks_official', 'スターバックス コーヒー 関内馬車道店', '神奈川県 横浜市中区 常盤町4-45 アートビル 1F', 35.4468063299, 139.635590282, 1);
INSERT OR REPLACE INTO service_category_rel (service_id, category_id) VALUES ('STB_96', 'cat_cafe');
INSERT OR REPLACE INTO service_cafe_details (service_id, has_wifi) VALUES ('STB_96', 1);
INSERT OR REPLACE INTO services (service_id, brand_id, owner_id, plan_id, ext_place_id, ext_source, title, address, lat, lng, verification_level) VALUES ('STB_113', 'brand_starbucks', '01ARZ3NDEKTSV4RRFFQ69G5FAV', 'free', 'STB_OFFICIAL_113', 'starbucks_official', 'スターバックス コーヒー 川崎モアーズ店', '神奈川県 川崎市川崎区 駅前本町7 川崎モアーズ 2F', 35.5305668174, 139.699321132, 1);
INSERT OR REPLACE INTO service_category_rel (service_id, category_id) VALUES ('STB_113', 'cat_cafe');
INSERT OR REPLACE INTO service_cafe_details (service_id, has_wifi) VALUES ('STB_113', 1);
INSERT OR REPLACE INTO services (service_id, brand_id, owner_id, plan_id, ext_place_id, ext_source, title, address, lat, lng, verification_level) VALUES ('STB_127', 'brand_starbucks', '01ARZ3NDEKTSV4RRFFQ69G5FAV', 'free', 'STB_OFFICIAL_127', 'starbucks_official', 'スターバックス コーヒー イオン橋本店', '神奈川県 相模原市緑区 橋本6-2-1 イオン橋本', 35.5961694424, 139.344866438, 1);
INSERT OR REPLACE INTO service_category_rel (service_id, category_id) VALUES ('STB_127', 'cat_cafe');
INSERT OR REPLACE INTO service_cafe_details (service_id, has_wifi) VALUES ('STB_127', 1);
INSERT OR REPLACE INTO services (service_id, brand_id, owner_id, plan_id, ext_place_id, ext_source, title, address, lat, lng, verification_level) VALUES ('STB_132', 'brand_starbucks', '01ARZ3NDEKTSV4RRFFQ69G5FAV', 'free', 'STB_OFFICIAL_132', 'starbucks_official', 'スターバックス コーヒー 小田原Ｄｙｎａｃｉｔｙ ＷＥＳＴ店', '神奈川県 小田原市 中里208 Ｄｙｎａｃｉｔｙ ＷＥＳＴ 1F', 35.2845008287, 139.185523744, 1);
INSERT OR REPLACE INTO service_category_rel (service_id, category_id) VALUES ('STB_132', 'cat_cafe');
INSERT OR REPLACE INTO service_cafe_details (service_id, has_wifi) VALUES ('STB_132', 1);
INSERT OR REPLACE INTO services (service_id, brand_id, owner_id, plan_id, ext_place_id, ext_source, title, address, lat, lng, verification_level) VALUES ('STB_146', 'brand_starbucks', '01ARZ3NDEKTSV4RRFFQ69G5FAV', 'free', 'STB_OFFICIAL_146', 'starbucks_official', 'スターバックス コーヒー 茅ヶ崎スルガビル店', '神奈川県 茅ヶ崎市 元町2-3 Ｇ．Ｃ．ＣＨＩＧＡＳＡＫＩ 3F', 35.3311024839, 139.406617126, 1);
INSERT OR REPLACE INTO service_category_rel (service_id, category_id) VALUES ('STB_146', 'cat_cafe');
INSERT OR REPLACE INTO service_cafe_details (service_id, has_wifi) VALUES ('STB_146', 1);
INSERT OR REPLACE INTO services (service_id, brand_id, owner_id, plan_id, ext_place_id, ext_source, title, address, lat, lng, verification_level) VALUES ('STB_183', 'brand_starbucks', '01ARZ3NDEKTSV4RRFFQ69G5FAV', 'free', 'STB_OFFICIAL_183', 'starbucks_official', 'スターバックス コーヒー 青葉台東急スクエア店', '神奈川県 横浜市青葉区 青葉台2-1-1 青葉台東急スクエア Ｓｏｕｔｈ 1F', 35.5419818358, 139.515834456, 1);
INSERT OR REPLACE INTO service_category_rel (service_id, category_id) VALUES ('STB_183', 'cat_cafe');
INSERT OR REPLACE INTO service_cafe_details (service_id, has_wifi) VALUES ('STB_183', 1);
INSERT OR REPLACE INTO services (service_id, brand_id, owner_id, plan_id, ext_place_id, ext_source, title, address, lat, lng, verification_level) VALUES ('STB_206', 'brand_starbucks', '01ARZ3NDEKTSV4RRFFQ69G5FAV', 'free', 'STB_OFFICIAL_206', 'starbucks_official', 'スターバックス コーヒー 横浜北幸店', '神奈川県 横浜市西区 北幸2-6-1 ONEST横浜西口ビル', 35.4668944108, 139.61692674, 1);
INSERT OR REPLACE INTO service_category_rel (service_id, category_id) VALUES ('STB_206', 'cat_cafe');
INSERT OR REPLACE INTO service_cafe_details (service_id, has_wifi) VALUES ('STB_206', 1);
INSERT OR REPLACE INTO services (service_id, brand_id, owner_id, plan_id, ext_place_id, ext_source, title, address, lat, lng, verification_level) VALUES ('STB_219', 'brand_starbucks', '01ARZ3NDEKTSV4RRFFQ69G5FAV', 'free', 'STB_OFFICIAL_219', 'starbucks_official', 'スターバックス コーヒー 新横浜３丁目店', '神奈川県 横浜市港北区 新横浜3-17-2 友泉新横浜ビル', 35.5107413984, 139.61754467, 1);
INSERT OR REPLACE INTO service_category_rel (service_id, category_id) VALUES ('STB_219', 'cat_cafe');
INSERT OR REPLACE INTO service_cafe_details (service_id, has_wifi) VALUES ('STB_219', 1);
INSERT OR REPLACE INTO services (service_id, brand_id, owner_id, plan_id, ext_place_id, ext_source, title, address, lat, lng, verification_level) VALUES ('STB_246', 'brand_starbucks', '01ARZ3NDEKTSV4RRFFQ69G5FAV', 'free', 'STB_OFFICIAL_246', 'starbucks_official', 'スターバックス コーヒー 横須賀モアーズシティ店', '神奈川県 横須賀市 若松町2-30 横須賀モアーズシティ 2F', 35.2781533132, 139.670552089, 1);
INSERT OR REPLACE INTO service_category_rel (service_id, category_id) VALUES ('STB_246', 'cat_cafe');
INSERT OR REPLACE INTO service_cafe_details (service_id, has_wifi) VALUES ('STB_246', 1);
INSERT OR REPLACE INTO services (service_id, brand_id, owner_id, plan_id, ext_place_id, ext_source, title, address, lat, lng, verification_level) VALUES ('STB_254', 'brand_starbucks', '01ARZ3NDEKTSV4RRFFQ69G5FAV', 'free', 'STB_OFFICIAL_254', 'starbucks_official', 'スターバックス コーヒー 平塚ラスカ店', '神奈川県 平塚市 宝町1-1 ラスカステーションビル 3F', 35.3277129672, 139.34992199, 1);
INSERT OR REPLACE INTO service_category_rel (service_id, category_id) VALUES ('STB_254', 'cat_cafe');
INSERT OR REPLACE INTO service_cafe_details (service_id, has_wifi) VALUES ('STB_254', 1);
INSERT OR REPLACE INTO services (service_id, brand_id, owner_id, plan_id, ext_place_id, ext_source, title, address, lat, lng, verification_level) VALUES ('STB_266', 'brand_starbucks', '01ARZ3NDEKTSV4RRFFQ69G5FAV', 'free', 'STB_OFFICIAL_266', 'starbucks_official', 'スターバックス コーヒー 日吉店', '神奈川県 横浜市港北区 日吉2-2-3 山村ビル 1F', 35.5537717462, 139.646506395, 1);
INSERT OR REPLACE INTO service_category_rel (service_id, category_id) VALUES ('STB_266', 'cat_cafe');
INSERT OR REPLACE INTO service_cafe_details (service_id, has_wifi) VALUES ('STB_266', 1);
INSERT OR REPLACE INTO services (service_id, brand_id, owner_id, plan_id, ext_place_id, ext_source, title, address, lat, lng, verification_level) VALUES ('STB_272', 'brand_starbucks', '01ARZ3NDEKTSV4RRFFQ69G5FAV', 'free', 'STB_OFFICIAL_272', 'starbucks_official', 'スターバックス コーヒー ウィング上大岡店', '神奈川県 横浜市港南区 上大岡西1-6-1 ウィング上大岡 2F', 35.4092502171, 139.596350548, 1);
INSERT OR REPLACE INTO service_category_rel (service_id, category_id) VALUES ('STB_272', 'cat_cafe');
INSERT OR REPLACE INTO service_cafe_details (service_id, has_wifi) VALUES ('STB_272', 1);
INSERT OR REPLACE INTO services (service_id, brand_id, owner_id, plan_id, ext_place_id, ext_source, title, address, lat, lng, verification_level) VALUES ('STB_306', 'brand_starbucks', '01ARZ3NDEKTSV4RRFFQ69G5FAV', 'free', 'STB_OFFICIAL_306', 'starbucks_official', 'スターバックス コーヒー 横浜公園店', '神奈川県 横浜市中区 日本大通り60 朝日生命横浜ビル 1F', 35.4455554377, 139.64046188, 1);
INSERT OR REPLACE INTO service_category_rel (service_id, category_id) VALUES ('STB_306', 'cat_cafe');
INSERT OR REPLACE INTO service_cafe_details (service_id, has_wifi) VALUES ('STB_306', 1);
INSERT OR REPLACE INTO services (service_id, brand_id, owner_id, plan_id, ext_place_id, ext_source, title, address, lat, lng, verification_level) VALUES ('STB_319', 'brand_starbucks', '01ARZ3NDEKTSV4RRFFQ69G5FAV', 'free', 'STB_OFFICIAL_319', 'starbucks_official', 'スターバックス コーヒー 大和オークシティ店', '神奈川県 大和市 下鶴間1-2-1 イオンモール大和ショッピングセンター', 35.4890836921, 139.457213983, 1);
INSERT OR REPLACE INTO service_category_rel (service_id, category_id) VALUES ('STB_319', 'cat_cafe');
INSERT OR REPLACE INTO service_cafe_details (service_id, has_wifi) VALUES ('STB_319', 1);
INSERT OR REPLACE INTO services (service_id, brand_id, owner_id, plan_id, ext_place_id, ext_source, title, address, lat, lng, verification_level) VALUES ('STB_322', 'brand_starbucks', '01ARZ3NDEKTSV4RRFFQ69G5FAV', 'free', 'STB_OFFICIAL_322', 'starbucks_official', 'スターバックス コーヒー ルミネ藤沢店', '神奈川県 藤沢市 藤沢438-1 ルミネ藤沢', 35.3388419533, 139.487246184, 1);
INSERT OR REPLACE INTO service_category_rel (service_id, category_id) VALUES ('STB_322', 'cat_cafe');
INSERT OR REPLACE INTO service_cafe_details (service_id, has_wifi) VALUES ('STB_322', 1);
INSERT OR REPLACE INTO services (service_id, brand_id, owner_id, plan_id, ext_place_id, ext_source, title, address, lat, lng, verification_level) VALUES ('STB_348', 'brand_starbucks', '01ARZ3NDEKTSV4RRFFQ69G5FAV', 'free', 'STB_OFFICIAL_348', 'starbucks_official', 'スターバックス コーヒー 戸塚店', '神奈川県 横浜市戸塚区 戸塚町10 ラピス戸塚１ 1F', 35.4013074902, 139.534724921, 1);
INSERT OR REPLACE INTO service_category_rel (service_id, category_id) VALUES ('STB_348', 'cat_cafe');
INSERT OR REPLACE INTO service_cafe_details (service_id, has_wifi) VALUES ('STB_348', 1);
INSERT OR REPLACE INTO services (service_id, brand_id, owner_id, plan_id, ext_place_id, ext_source, title, address, lat, lng, verification_level) VALUES ('STB_351', 'brand_starbucks', '01ARZ3NDEKTSV4RRFFQ69G5FAV', 'free', 'STB_OFFICIAL_351', 'starbucks_official', 'スターバックス コーヒー 海老名店', '神奈川県 海老名市 中央1-4-1 ビナウォーク５番館', 35.4518004535, 139.393359891, 1);
INSERT OR REPLACE INTO service_category_rel (service_id, category_id) VALUES ('STB_351', 'cat_cafe');
INSERT OR REPLACE INTO service_cafe_details (service_id, has_wifi) VALUES ('STB_351', 1);
INSERT OR REPLACE INTO services (service_id, brand_id, owner_id, plan_id, ext_place_id, ext_source, title, address, lat, lng, verification_level) VALUES ('STB_353', 'brand_starbucks', '01ARZ3NDEKTSV4RRFFQ69G5FAV', 'free', 'STB_OFFICIAL_353', 'starbucks_official', 'スターバックス コーヒー 横浜西口店', '神奈川県 横浜市西区 南幸1-9-13 葉山ビル', 35.4656057066, 139.61960991, 1);
INSERT OR REPLACE INTO service_category_rel (service_id, category_id) VALUES ('STB_353', 'cat_cafe');
INSERT OR REPLACE INTO service_cafe_details (service_id, has_wifi) VALUES ('STB_353', 1);
INSERT OR REPLACE INTO services (service_id, brand_id, owner_id, plan_id, ext_place_id, ext_source, title, address, lat, lng, verification_level) VALUES ('STB_380', 'brand_starbucks', '01ARZ3NDEKTSV4RRFFQ69G5FAV', 'free', 'STB_OFFICIAL_380', 'starbucks_official', 'スターバックス コーヒー 大船ルミネウィング店', '神奈川県 鎌倉市 大船1-4-1 ルミネウィング', 35.352832892, 139.531241886, 1);
INSERT OR REPLACE INTO service_category_rel (service_id, category_id) VALUES ('STB_380', 'cat_cafe');
INSERT OR REPLACE INTO service_cafe_details (service_id, has_wifi) VALUES ('STB_380', 1);
INSERT OR REPLACE INTO services (service_id, brand_id, owner_id, plan_id, ext_place_id, ext_source, title, address, lat, lng, verification_level) VALUES ('STB_396', 'brand_starbucks', '01ARZ3NDEKTSV4RRFFQ69G5FAV', 'free', 'STB_OFFICIAL_396', 'starbucks_official', 'スターバックス コーヒー 鎌倉店', '神奈川県 鎌倉市 小町1-2-7 鎌倉とうきゅう', 35.318450248, 139.550996829, 1);
INSERT OR REPLACE INTO service_category_rel (service_id, category_id) VALUES ('STB_396', 'cat_cafe');
INSERT OR REPLACE INTO service_cafe_details (service_id, has_wifi) VALUES ('STB_396', 1);
INSERT OR REPLACE INTO services (service_id, brand_id, owner_id, plan_id, ext_place_id, ext_source, title, address, lat, lng, verification_level) VALUES ('STB_409', 'brand_starbucks', '01ARZ3NDEKTSV4RRFFQ69G5FAV', 'free', 'STB_OFFICIAL_409', 'starbucks_official', 'スターバックス コーヒー 川崎 ラ チッタデッラ店', '神奈川県 川崎市川崎区 小川町4-1 LA CITTADELLA', 35.528350366, 139.698076338, 1);
INSERT OR REPLACE INTO service_category_rel (service_id, category_id) VALUES ('STB_409', 'cat_cafe');
INSERT OR REPLACE INTO service_cafe_details (service_id, has_wifi) VALUES ('STB_409', 1);
INSERT OR REPLACE INTO services (service_id, brand_id, owner_id, plan_id, ext_place_id, ext_source, title, address, lat, lng, verification_level) VALUES ('STB_419', 'brand_starbucks', '01ARZ3NDEKTSV4RRFFQ69G5FAV', 'free', 'STB_OFFICIAL_419', 'starbucks_official', 'スターバックス コーヒー 武蔵小杉北口店', '神奈川県 川崎市中原区 小杉町1-403 STMビル', 35.5774783195, 139.659110645, 1);
INSERT OR REPLACE INTO service_category_rel (service_id, category_id) VALUES ('STB_419', 'cat_cafe');
INSERT OR REPLACE INTO service_cafe_details (service_id, has_wifi) VALUES ('STB_419', 1);
INSERT OR REPLACE INTO services (service_id, brand_id, owner_id, plan_id, ext_place_id, ext_source, title, address, lat, lng, verification_level) VALUES ('STB_450', 'brand_starbucks', '01ARZ3NDEKTSV4RRFFQ69G5FAV', 'free', 'STB_OFFICIAL_450', 'starbucks_official', 'スターバックス コーヒー 湘南台イトーヨーカドー店', '神奈川県 藤沢市 石川6-2-1 イトーヨーカドー湘南台店', 35.3927607649, 139.447225914, 1);
INSERT OR REPLACE INTO service_category_rel (service_id, category_id) VALUES ('STB_450', 'cat_cafe');
INSERT OR REPLACE INTO service_cafe_details (service_id, has_wifi) VALUES ('STB_450', 1);
INSERT OR REPLACE INTO services (service_id, brand_id, owner_id, plan_id, ext_place_id, ext_source, title, address, lat, lng, verification_level) VALUES ('STB_531', 'brand_starbucks', '01ARZ3NDEKTSV4RRFFQ69G5FAV', 'free', 'STB_OFFICIAL_531', 'starbucks_official', 'スターバックス コーヒー 逗子駅前店', '神奈川県 逗子市 逗子1-4-1 菊池ビルディング', 35.2970927495, 139.579329071, 1);
INSERT OR REPLACE INTO service_category_rel (service_id, category_id) VALUES ('STB_531', 'cat_cafe');
INSERT OR REPLACE INTO service_cafe_details (service_id, has_wifi) VALUES ('STB_531', 1);
INSERT OR REPLACE INTO services (service_id, brand_id, owner_id, plan_id, ext_place_id, ext_source, title, address, lat, lng, verification_level) VALUES ('STB_570', 'brand_starbucks', '01ARZ3NDEKTSV4RRFFQ69G5FAV', 'free', 'STB_OFFICIAL_570', 'starbucks_official', 'スターバックス コーヒー らびすた新杉田店', '神奈川県 横浜市磯子区 杉田1-1-1 らびすた新杉田', 35.3850965379, 139.619478073, 1);
INSERT OR REPLACE INTO service_category_rel (service_id, category_id) VALUES ('STB_570', 'cat_cafe');
INSERT OR REPLACE INTO service_cafe_details (service_id, has_wifi) VALUES ('STB_570', 1);
INSERT OR REPLACE INTO services (service_id, brand_id, owner_id, plan_id, ext_place_id, ext_source, title, address, lat, lng, verification_level) VALUES ('STB_624', 'brand_starbucks', '01ARZ3NDEKTSV4RRFFQ69G5FAV', 'free', 'STB_OFFICIAL_624', 'starbucks_official', 'スターバックス コーヒー 鎌倉御成町店', '神奈川県 鎌倉市 御成町15-11', 35.3197272757, 139.547677879, 1);
INSERT OR REPLACE INTO service_category_rel (service_id, category_id) VALUES ('STB_624', 'cat_cafe');
INSERT OR REPLACE INTO service_cafe_details (service_id, has_wifi) VALUES ('STB_624', 1);
INSERT OR REPLACE INTO services (service_id, brand_id, owner_id, plan_id, ext_place_id, ext_source, title, address, lat, lng, verification_level) VALUES ('STB_626', 'brand_starbucks', '01ARZ3NDEKTSV4RRFFQ69G5FAV', 'free', 'STB_OFFICIAL_626', 'starbucks_official', 'スターバックス コーヒー 大倉山駅前店', '神奈川県 横浜市港北区 大倉山1-2-10', 35.521615457, 139.630237004, 1);
INSERT OR REPLACE INTO service_category_rel (service_id, category_id) VALUES ('STB_626', 'cat_cafe');
INSERT OR REPLACE INTO service_cafe_details (service_id, has_wifi) VALUES ('STB_626', 1);
INSERT OR REPLACE INTO services (service_id, brand_id, owner_id, plan_id, ext_place_id, ext_source, title, address, lat, lng, verification_level) VALUES ('STB_644', 'brand_starbucks', '01ARZ3NDEKTSV4RRFFQ69G5FAV', 'free', 'STB_OFFICIAL_644', 'starbucks_official', 'スターバックス コーヒー カエデウォーク長津田店', '神奈川県 横浜市緑区 長津田みなみ台4-7-1 カエデウォーク長津田', 35.5180474131, 139.497737895, 1);
INSERT OR REPLACE INTO service_category_rel (service_id, category_id) VALUES ('STB_644', 'cat_cafe');
INSERT OR REPLACE INTO service_cafe_details (service_id, has_wifi) VALUES ('STB_644', 1);
INSERT OR REPLACE INTO services (service_id, brand_id, owner_id, plan_id, ext_place_id, ext_source, title, address, lat, lng, verification_level) VALUES ('STB_663', 'brand_starbucks', '01ARZ3NDEKTSV4RRFFQ69G5FAV', 'free', 'STB_OFFICIAL_663', 'starbucks_official', 'スターバックス コーヒー モザイクモール港北店', '神奈川県 横浜市都筑区 中川中央1-31-1 モザイクモール港北 （区画番号2193)', 35.5544160469, 139.578613948, 1);
INSERT OR REPLACE INTO service_category_rel (service_id, category_id) VALUES ('STB_663', 'cat_cafe');
INSERT OR REPLACE INTO service_cafe_details (service_id, has_wifi) VALUES ('STB_663', 1);
INSERT OR REPLACE INTO services (service_id, brand_id, owner_id, plan_id, ext_place_id, ext_source, title, address, lat, lng, verification_level) VALUES ('STB_685', 'brand_starbucks', '01ARZ3NDEKTSV4RRFFQ69G5FAV', 'free', 'STB_OFFICIAL_685', 'starbucks_official', 'スターバックス コーヒー ミスターマックス湘南藤沢ショッピングセンター店', '神奈川県 藤沢市 辻堂新町4-3-5 ミスターマックス湘南藤沢ショッピングセンター', 35.3402025332, 139.465164622, 1);
INSERT OR REPLACE INTO service_category_rel (service_id, category_id) VALUES ('STB_685', 'cat_cafe');
INSERT OR REPLACE INTO service_cafe_details (service_id, has_wifi) VALUES ('STB_685', 1);
INSERT OR REPLACE INTO services (service_id, brand_id, owner_id, plan_id, ext_place_id, ext_source, title, address, lat, lng, verification_level) VALUES ('STB_697', 'brand_starbucks', '01ARZ3NDEKTSV4RRFFQ69G5FAV', 'free', 'STB_OFFICIAL_697', 'starbucks_official', 'スターバックス コーヒー ラゾーナ川崎3階店', '神奈川県 川崎市幸区 堀川町72-1 ラゾーナ川崎プラザ 3F', 35.5317843991, 139.695551112, 1);
INSERT OR REPLACE INTO service_category_rel (service_id, category_id) VALUES ('STB_697', 'cat_cafe');
INSERT OR REPLACE INTO service_cafe_details (service_id, has_wifi) VALUES ('STB_697', 1);
INSERT OR REPLACE INTO services (service_id, brand_id, owner_id, plan_id, ext_place_id, ext_source, title, address, lat, lng, verification_level) VALUES ('STB_719', 'brand_starbucks', '01ARZ3NDEKTSV4RRFFQ69G5FAV', 'free', 'STB_OFFICIAL_719', 'starbucks_official', 'スターバックス コーヒー ららぽーと横浜店', '神奈川県 横浜市都筑区 池辺町4035-1 ららぽーと横浜 (店舗番号35010)', 35.5172231463, 139.566468891, 1);
INSERT OR REPLACE INTO service_category_rel (service_id, category_id) VALUES ('STB_719', 'cat_cafe');
INSERT OR REPLACE INTO service_cafe_details (service_id, has_wifi) VALUES ('STB_719', 1);
INSERT OR REPLACE INTO services (service_id, brand_id, owner_id, plan_id, ext_place_id, ext_source, title, address, lat, lng, verification_level) VALUES ('STB_730', 'brand_starbucks', '01ARZ3NDEKTSV4RRFFQ69G5FAV', 'free', 'STB_OFFICIAL_730', 'starbucks_official', 'スターバックス コーヒー 横浜鶴見店', '神奈川県 横浜市鶴見区 諏訪坂5-27', 35.5149409544, 139.665549934, 1);
INSERT OR REPLACE INTO service_category_rel (service_id, category_id) VALUES ('STB_730', 'cat_cafe');
INSERT OR REPLACE INTO service_cafe_details (service_id, has_wifi) VALUES ('STB_730', 1);
INSERT OR REPLACE INTO services (service_id, brand_id, owner_id, plan_id, ext_place_id, ext_source, title, address, lat, lng, verification_level) VALUES ('STB_758', 'brand_starbucks', '01ARZ3NDEKTSV4RRFFQ69G5FAV', 'free', 'STB_OFFICIAL_758', 'starbucks_official', 'スターバックス コーヒー 横浜ワールドポーターズ店', '神奈川県 横浜市中区 新港2-2-1 横浜ワールドポーターズ', 35.4546719226, 139.638172205, 1);
INSERT OR REPLACE INTO service_category_rel (service_id, category_id) VALUES ('STB_758', 'cat_cafe');
INSERT OR REPLACE INTO service_cafe_details (service_id, has_wifi) VALUES ('STB_758', 1);
INSERT OR REPLACE INTO services (service_id, brand_id, owner_id, plan_id, ext_place_id, ext_source, title, address, lat, lng, verification_level) VALUES ('STB_761', 'brand_starbucks', '01ARZ3NDEKTSV4RRFFQ69G5FAV', 'free', 'STB_OFFICIAL_761', 'starbucks_official', 'スターバックス コーヒー 港北ノースポート・モール店', '神奈川県 横浜市都筑区 中川中央1-25-1 ノースポート・モール', 35.5520915855, 139.579313163, 1);
INSERT OR REPLACE INTO service_category_rel (service_id, category_id) VALUES ('STB_761', 'cat_cafe');
INSERT OR REPLACE INTO service_cafe_details (service_id, has_wifi) VALUES ('STB_761', 1);
INSERT OR REPLACE INTO services (service_id, brand_id, owner_id, plan_id, ext_place_id, ext_source, title, address, lat, lng, verification_level) VALUES ('STB_809', 'brand_starbucks', '01ARZ3NDEKTSV4RRFFQ69G5FAV', 'free', 'STB_OFFICIAL_809', 'starbucks_official', 'スターバックス コーヒー Qiz溝の口店', '神奈川県 川崎市高津区 溝口1-13-1 Qiz溝の口', 35.5998865101, 139.613222313, 1);
INSERT OR REPLACE INTO service_category_rel (service_id, category_id) VALUES ('STB_809', 'cat_cafe');
INSERT OR REPLACE INTO service_cafe_details (service_id, has_wifi) VALUES ('STB_809', 1);
INSERT OR REPLACE INTO services (service_id, brand_id, owner_id, plan_id, ext_place_id, ext_source, title, address, lat, lng, verification_level) VALUES ('STB_814', 'brand_starbucks', '01ARZ3NDEKTSV4RRFFQ69G5FAV', 'free', 'STB_OFFICIAL_814', 'starbucks_official', 'スターバックス コーヒー 厚木及川店', '神奈川県 厚木市 及川1101-1', 35.4699248113, 139.340353737, 1);
INSERT OR REPLACE INTO service_category_rel (service_id, category_id) VALUES ('STB_814', 'cat_cafe');
INSERT OR REPLACE INTO service_cafe_details (service_id, has_wifi) VALUES ('STB_814', 1);
INSERT OR REPLACE INTO services (service_id, brand_id, owner_id, plan_id, ext_place_id, ext_source, title, address, lat, lng, verification_level) VALUES ('STB_888', 'brand_starbucks', '01ARZ3NDEKTSV4RRFFQ69G5FAV', 'free', 'STB_OFFICIAL_888', 'starbucks_official', 'スターバックス コーヒー アトレ川崎店', '神奈川県 川崎市川崎区 駅前本町26-1 アトレ川崎', 35.5308367591, 139.697637093, 1);
INSERT OR REPLACE INTO service_category_rel (service_id, category_id) VALUES ('STB_888', 'cat_cafe');
INSERT OR REPLACE INTO service_cafe_details (service_id, has_wifi) VALUES ('STB_888', 1);
INSERT OR REPLACE INTO services (service_id, brand_id, owner_id, plan_id, ext_place_id, ext_source, title, address, lat, lng, verification_level) VALUES ('STB_906', 'brand_starbucks', '01ARZ3NDEKTSV4RRFFQ69G5FAV', 'free', 'STB_OFFICIAL_906', 'starbucks_official', 'スターバックス コーヒー たまプラーザテラス店', '神奈川県 横浜市青葉区 美しが丘1-1-2 たまプラーザテラスゲートプラザ', 35.5772471496, 139.558909255, 1);
INSERT OR REPLACE INTO service_category_rel (service_id, category_id) VALUES ('STB_906', 'cat_cafe');
INSERT OR REPLACE INTO service_cafe_details (service_id, has_wifi) VALUES ('STB_906', 1);
INSERT OR REPLACE INTO services (service_id, brand_id, owner_id, plan_id, ext_place_id, ext_source, title, address, lat, lng, verification_level) VALUES ('STB_922', 'brand_starbucks', '01ARZ3NDEKTSV4RRFFQ69G5FAV', 'free', 'STB_OFFICIAL_922', 'starbucks_official', 'スターバックス コーヒー 東急プラザ戸塚店', '神奈川県 横浜市戸塚区 戸塚町16-1 (区画番号Ｄ-101）', 35.4008358459, 139.533119242, 1);
INSERT OR REPLACE INTO service_category_rel (service_id, category_id) VALUES ('STB_922', 'cat_cafe');
INSERT OR REPLACE INTO service_cafe_details (service_id, has_wifi) VALUES ('STB_922', 1);
INSERT OR REPLACE INTO services (service_id, brand_id, owner_id, plan_id, ext_place_id, ext_source, title, address, lat, lng, verification_level) VALUES ('STB_983', 'brand_starbucks', '01ARZ3NDEKTSV4RRFFQ69G5FAV', 'free', 'STB_OFFICIAL_983', 'starbucks_official', 'スターバックス コーヒー アリオ橋本店', '神奈川県 相模原市緑区 大山町1-22 アリオ橋本', 35.590895633, 139.348926066, 1);
INSERT OR REPLACE INTO service_category_rel (service_id, category_id) VALUES ('STB_983', 'cat_cafe');
INSERT OR REPLACE INTO service_cafe_details (service_id, has_wifi) VALUES ('STB_983', 1);
INSERT OR REPLACE INTO services (service_id, brand_id, owner_id, plan_id, ext_place_id, ext_source, title, address, lat, lng, verification_level) VALUES ('STB_991', 'brand_starbucks', '01ARZ3NDEKTSV4RRFFQ69G5FAV', 'free', 'STB_OFFICIAL_991', 'starbucks_official', 'スターバックス コーヒー 港南台バーズ店', '神奈川県 横浜市港南区 港南台3-1-3 港南台バーズ', 35.3752179688, 139.577296198, 1);
INSERT OR REPLACE INTO service_category_rel (service_id, category_id) VALUES ('STB_991', 'cat_cafe');
INSERT OR REPLACE INTO service_cafe_details (service_id, has_wifi) VALUES ('STB_991', 1);
INSERT OR REPLACE INTO services (service_id, brand_id, owner_id, plan_id, ext_place_id, ext_source, title, address, lat, lng, verification_level) VALUES ('STB_995', 'brand_starbucks', '01ARZ3NDEKTSV4RRFFQ69G5FAV', 'free', 'STB_OFFICIAL_995', 'starbucks_official', 'スターバックス コーヒー イオン金沢八景店', '神奈川県 横浜市金沢区 泥亀1-27-1 イオン金沢八景', 35.3343206385, 139.6228243, 1);
INSERT OR REPLACE INTO service_category_rel (service_id, category_id) VALUES ('STB_995', 'cat_cafe');
INSERT OR REPLACE INTO service_cafe_details (service_id, has_wifi) VALUES ('STB_995', 1);
INSERT OR REPLACE INTO services (service_id, brand_id, owner_id, plan_id, ext_place_id, ext_source, title, address, lat, lng, verification_level) VALUES ('STB_997', 'brand_starbucks', '01ARZ3NDEKTSV4RRFFQ69G5FAV', 'free', 'STB_OFFICIAL_997', 'starbucks_official', 'スターバックス コーヒー 相模原共和店', '神奈川県 相模原市中央区 共和4-19-20', 35.5625631135, 139.396956715, 1);
INSERT OR REPLACE INTO service_category_rel (service_id, category_id) VALUES ('STB_997', 'cat_cafe');
INSERT OR REPLACE INTO service_cafe_details (service_id, has_wifi) VALUES ('STB_997', 1);
INSERT OR REPLACE INTO services (service_id, brand_id, owner_id, plan_id, ext_place_id, ext_source, title, address, lat, lng, verification_level) VALUES ('STB_998', 'brand_starbucks', '01ARZ3NDEKTSV4RRFFQ69G5FAV', 'free', 'STB_OFFICIAL_998', 'starbucks_official', 'スターバックス コーヒー コースカベイサイドストアーズ店', '神奈川県 横須賀市 本町2-1-12 コースカベイサイドストアーズ', 35.2827176604, 139.66113155, 1);
INSERT OR REPLACE INTO service_category_rel (service_id, category_id) VALUES ('STB_998', 'cat_cafe');
INSERT OR REPLACE INTO service_cafe_details (service_id, has_wifi) VALUES ('STB_998', 1);
INSERT OR REPLACE INTO services (service_id, brand_id, owner_id, plan_id, ext_place_id, ext_source, title, address, lat, lng, verification_level) VALUES ('STB_1024', 'brand_starbucks', '01ARZ3NDEKTSV4RRFFQ69G5FAV', 'free', 'STB_OFFICIAL_1024', 'starbucks_official', 'スターバックス コーヒー テラスモール湘南店', '神奈川県 藤沢市 辻堂神台1-3-1 テラスモール湘南', 35.3380099401, 139.446407392, 1);
INSERT OR REPLACE INTO service_category_rel (service_id, category_id) VALUES ('STB_1024', 'cat_cafe');
INSERT OR REPLACE INTO service_cafe_details (service_id, has_wifi) VALUES ('STB_1024', 1);
INSERT OR REPLACE INTO services (service_id, brand_id, owner_id, plan_id, ext_place_id, ext_source, title, address, lat, lng, verification_level) VALUES ('STB_1052', 'brand_starbucks', '01ARZ3NDEKTSV4RRFFQ69G5FAV', 'free', 'STB_OFFICIAL_1052', 'starbucks_official', 'スターバックス コーヒー イオン秦野店', '神奈川県 秦野市 入船町12-1 イオン秦野', 35.3777902096, 139.228349225, 1);
INSERT OR REPLACE INTO service_category_rel (service_id, category_id) VALUES ('STB_1052', 'cat_cafe');
INSERT OR REPLACE INTO service_cafe_details (service_id, has_wifi) VALUES ('STB_1052', 1);
INSERT OR REPLACE INTO services (service_id, brand_id, owner_id, plan_id, ext_place_id, ext_source, title, address, lat, lng, verification_level) VALUES ('STB_1082', 'brand_starbucks', '01ARZ3NDEKTSV4RRFFQ69G5FAV', 'free', 'STB_OFFICIAL_1082', 'starbucks_official', 'スターバックス コーヒー 横浜スカイビル店', '神奈川県 横浜市西区 高島2-19-12 スカイビル', 35.4647331202, 139.625220873, 1);
INSERT OR REPLACE INTO service_category_rel (service_id, category_id) VALUES ('STB_1082', 'cat_cafe');
INSERT OR REPLACE INTO service_cafe_details (service_id, has_wifi) VALUES ('STB_1082', 1);
INSERT OR REPLACE INTO services (service_id, brand_id, owner_id, plan_id, ext_place_id, ext_source, title, address, lat, lng, verification_level) VALUES ('STB_1085', 'brand_starbucks', '01ARZ3NDEKTSV4RRFFQ69G5FAV', 'free', 'STB_OFFICIAL_1085', 'starbucks_official', 'スターバックス コーヒー 東海大学医学部付属病院店', '神奈川県 伊勢原市 下糟屋143 東海大学医学部付属病院', 35.4077637935, 139.3149176, 1);
INSERT OR REPLACE INTO service_category_rel (service_id, category_id) VALUES ('STB_1085', 'cat_cafe');
INSERT OR REPLACE INTO service_cafe_details (service_id, has_wifi) VALUES ('STB_1085', 1);
INSERT OR REPLACE INTO services (service_id, brand_id, owner_id, plan_id, ext_place_id, ext_source, title, address, lat, lng, verification_level) VALUES ('STB_1088', 'brand_starbucks', '01ARZ3NDEKTSV4RRFFQ69G5FAV', 'free', 'STB_OFFICIAL_1088', 'starbucks_official', 'スターバックス コーヒー 武蔵小杉東急スクエア店', '神奈川県 川崎市中原区 小杉町3-472', 35.5764373274, 139.659547879, 1);
INSERT OR REPLACE INTO service_category_rel (service_id, category_id) VALUES ('STB_1088', 'cat_cafe');
INSERT OR REPLACE INTO service_cafe_details (service_id, has_wifi) VALUES ('STB_1088', 1);
INSERT OR REPLACE INTO services (service_id, brand_id, owner_id, plan_id, ext_place_id, ext_source, title, address, lat, lng, verification_level) VALUES ('STB_1092', 'brand_starbucks', '01ARZ3NDEKTSV4RRFFQ69G5FAV', 'free', 'STB_OFFICIAL_1092', 'starbucks_official', 'スターバックス コーヒー 北里大学病院店', '神奈川県 相模原市南区 北里1-15-1 北里大学病院本館1階', 35.5377254524, 139.394666104, 1);
INSERT OR REPLACE INTO service_category_rel (service_id, category_id) VALUES ('STB_1092', 'cat_cafe');
INSERT OR REPLACE INTO service_cafe_details (service_id, has_wifi) VALUES ('STB_1092', 1);
INSERT OR REPLACE INTO services (service_id, brand_id, owner_id, plan_id, ext_place_id, ext_source, title, address, lat, lng, verification_level) VALUES ('STB_1108', 'brand_starbucks', '01ARZ3NDEKTSV4RRFFQ69G5FAV', 'free', 'STB_OFFICIAL_1108', 'starbucks_official', 'スターバックス コーヒー 平塚田村店', '神奈川県 平塚市 田村1-5-7 クロスガーデン平塚', 35.3663448671, 139.361290934, 1);
INSERT OR REPLACE INTO service_category_rel (service_id, category_id) VALUES ('STB_1108', 'cat_cafe');
INSERT OR REPLACE INTO service_cafe_details (service_id, has_wifi) VALUES ('STB_1108', 1);
INSERT OR REPLACE INTO services (service_id, brand_id, owner_id, plan_id, ext_place_id, ext_source, title, address, lat, lng, verification_level) VALUES ('STB_1124', 'brand_starbucks', '01ARZ3NDEKTSV4RRFFQ69G5FAV', 'free', 'STB_OFFICIAL_1124', 'starbucks_official', 'スターバックス コーヒー 小田原飯泉店', '神奈川県 小田原市 飯泉374-1', 35.2893962167, 139.174100579, 1);
INSERT OR REPLACE INTO service_category_rel (service_id, category_id) VALUES ('STB_1124', 'cat_cafe');
INSERT OR REPLACE INTO service_cafe_details (service_id, has_wifi) VALUES ('STB_1124', 1);
INSERT OR REPLACE INTO services (service_id, brand_id, owner_id, plan_id, ext_place_id, ext_source, title, address, lat, lng, verification_level) VALUES ('STB_1151', 'brand_starbucks', '01ARZ3NDEKTSV4RRFFQ69G5FAV', 'free', 'STB_OFFICIAL_1151', 'starbucks_official', 'スターバックス コーヒー 小田急相模大野ステーションスクエア店', '神奈川県 相模原市南区 相模大野3-8-1', 35.5318693196, 139.437078407, 1);
INSERT OR REPLACE INTO service_category_rel (service_id, category_id) VALUES ('STB_1151', 'cat_cafe');
INSERT OR REPLACE INTO service_cafe_details (service_id, has_wifi) VALUES ('STB_1151', 1);
INSERT OR REPLACE INTO services (service_id, brand_id, owner_id, plan_id, ext_place_id, ext_source, title, address, lat, lng, verification_level) VALUES ('STB_1171', 'brand_starbucks', '01ARZ3NDEKTSV4RRFFQ69G5FAV', 'free', 'STB_OFFICIAL_1171', 'starbucks_official', 'スターバックス コーヒー 海老名中央店', '神奈川県 海老名市 中央2-2-8', 35.448362743, 139.392065713, 1);
INSERT OR REPLACE INTO service_category_rel (service_id, category_id) VALUES ('STB_1171', 'cat_cafe');
INSERT OR REPLACE INTO service_cafe_details (service_id, has_wifi) VALUES ('STB_1171', 1);
INSERT OR REPLACE INTO services (service_id, brand_id, owner_id, plan_id, ext_place_id, ext_source, title, address, lat, lng, verification_level) VALUES ('STB_1172', 'brand_starbucks', '01ARZ3NDEKTSV4RRFFQ69G5FAV', 'free', 'STB_OFFICIAL_1172', 'starbucks_official', 'スターバックス コーヒー 伊勢原成瀬店', '神奈川県 伊勢原市 下糟屋2008-1', 35.4082966731, 139.324011543, 1);
INSERT OR REPLACE INTO service_category_rel (service_id, category_id) VALUES ('STB_1172', 'cat_cafe');
INSERT OR REPLACE INTO service_cafe_details (service_id, has_wifi) VALUES ('STB_1172', 1);
INSERT OR REPLACE INTO services (service_id, brand_id, owner_id, plan_id, ext_place_id, ext_source, title, address, lat, lng, verification_level) VALUES ('STB_1190', 'brand_starbucks', '01ARZ3NDEKTSV4RRFFQ69G5FAV', 'free', 'STB_OFFICIAL_1190', 'starbucks_official', 'スターバックス コーヒー 横浜アイマークプレイス店', '神奈川県 横浜市西区 みなとみらい4-4-5', 35.4603167065, 139.628559688, 1);
INSERT OR REPLACE INTO service_category_rel (service_id, category_id) VALUES ('STB_1190', 'cat_cafe');
INSERT OR REPLACE INTO service_cafe_details (service_id, has_wifi) VALUES ('STB_1190', 1);
INSERT OR REPLACE INTO services (service_id, brand_id, owner_id, plan_id, ext_place_id, ext_source, title, address, lat, lng, verification_level) VALUES ('STB_1191', 'brand_starbucks', '01ARZ3NDEKTSV4RRFFQ69G5FAV', 'free', 'STB_OFFICIAL_1191', 'starbucks_official', 'スターバックス コーヒー CIAL桜木町店', '神奈川県 横浜市中区 桜木町1-1', 35.4511418983, 139.631068236, 1);
INSERT OR REPLACE INTO service_category_rel (service_id, category_id) VALUES ('STB_1191', 'cat_cafe');
INSERT OR REPLACE INTO service_cafe_details (service_id, has_wifi) VALUES ('STB_1191', 1);
INSERT OR REPLACE INTO services (service_id, brand_id, owner_id, plan_id, ext_place_id, ext_source, title, address, lat, lng, verification_level) VALUES ('STB_1195', 'brand_starbucks', '01ARZ3NDEKTSV4RRFFQ69G5FAV', 'free', 'STB_OFFICIAL_1195', 'starbucks_official', 'スターバックス コーヒー トレッサ横浜店', '神奈川県 横浜市港北区 師岡町700 トレッサ横浜 北棟2階', 35.5258119459, 139.645760244, 1);
INSERT OR REPLACE INTO service_category_rel (service_id, category_id) VALUES ('STB_1195', 'cat_cafe');
INSERT OR REPLACE INTO service_cafe_details (service_id, has_wifi) VALUES ('STB_1195', 1);
INSERT OR REPLACE INTO services (service_id, brand_id, owner_id, plan_id, ext_place_id, ext_source, title, address, lat, lng, verification_level) VALUES ('STB_1229', 'brand_starbucks', '01ARZ3NDEKTSV4RRFFQ69G5FAV', 'free', 'STB_OFFICIAL_1229', 'starbucks_official', 'スターバックス コーヒー 南足柄店', '神奈川県 南足柄市 竹松1003', 35.3262923974, 139.11776828, 1);
INSERT OR REPLACE INTO service_category_rel (service_id, category_id) VALUES ('STB_1229', 'cat_cafe');
INSERT OR REPLACE INTO service_cafe_details (service_id, has_wifi) VALUES ('STB_1229', 1);
INSERT OR REPLACE INTO services (service_id, brand_id, owner_id, plan_id, ext_place_id, ext_source, title, address, lat, lng, verification_level) VALUES ('STB_1262', 'brand_starbucks', '01ARZ3NDEKTSV4RRFFQ69G5FAV', 'free', 'STB_OFFICIAL_1262', 'starbucks_official', 'スターバックス コーヒー CIAL鶴見店', '神奈川県 横浜市鶴見区 鶴見中央1-1-2 CIAL鶴見', 35.5079646755, 139.676838485, 1);
INSERT OR REPLACE INTO service_category_rel (service_id, category_id) VALUES ('STB_1262', 'cat_cafe');
INSERT OR REPLACE INTO service_cafe_details (service_id, has_wifi) VALUES ('STB_1262', 1);
INSERT OR REPLACE INTO services (service_id, brand_id, owner_id, plan_id, ext_place_id, ext_source, title, address, lat, lng, verification_level) VALUES ('STB_1267', 'brand_starbucks', '01ARZ3NDEKTSV4RRFFQ69G5FAV', 'free', 'STB_OFFICIAL_1267', 'starbucks_official', 'スターバックス コーヒー あざみ野みすずが丘店', '神奈川県 横浜市青葉区 あざみ野南4-5-7', 35.5605591911, 139.541793667, 1);
INSERT OR REPLACE INTO service_category_rel (service_id, category_id) VALUES ('STB_1267', 'cat_cafe');
INSERT OR REPLACE INTO service_cafe_details (service_id, has_wifi) VALUES ('STB_1267', 1);
INSERT OR REPLACE INTO services (service_id, brand_id, owner_id, plan_id, ext_place_id, ext_source, title, address, lat, lng, verification_level) VALUES ('STB_1286', 'brand_starbucks', '01ARZ3NDEKTSV4RRFFQ69G5FAV', 'free', 'STB_OFFICIAL_1286', 'starbucks_official', 'スターバックス コーヒー 横浜ジョイナス店', '神奈川県 横浜市西区 南幸1-4 ジョイナス B1F', 35.467600216, 139.619636205, 1);
INSERT OR REPLACE INTO service_category_rel (service_id, category_id) VALUES ('STB_1286', 'cat_cafe');
INSERT OR REPLACE INTO service_cafe_details (service_id, has_wifi) VALUES ('STB_1286', 1);
INSERT OR REPLACE INTO services (service_id, brand_id, owner_id, plan_id, ext_place_id, ext_source, title, address, lat, lng, verification_level) VALUES ('STB_1293', 'brand_starbucks', '01ARZ3NDEKTSV4RRFFQ69G5FAV', 'free', 'STB_OFFICIAL_1293', 'starbucks_official', 'スターバックス コーヒー ららぽーと海老名店', '神奈川県 海老名市 扇町13-1 ららぽーと海老名 2F', 35.4559363301, 139.389356978, 1);
INSERT OR REPLACE INTO service_category_rel (service_id, category_id) VALUES ('STB_1293', 'cat_cafe');
INSERT OR REPLACE INTO service_cafe_details (service_id, has_wifi) VALUES ('STB_1293', 1);
INSERT OR REPLACE INTO services (service_id, brand_id, owner_id, plan_id, ext_place_id, ext_source, title, address, lat, lng, verification_level) VALUES ('STB_1326', 'brand_starbucks', '01ARZ3NDEKTSV4RRFFQ69G5FAV', 'free', 'STB_OFFICIAL_1326', 'starbucks_official', 'スターバックス コーヒー 横浜モアーズ8階店', '神奈川県 横浜市西区 南幸1-3-1 横浜モアーズ 8階', 35.4669864377, 139.622208797, 1);
INSERT OR REPLACE INTO service_category_rel (service_id, category_id) VALUES ('STB_1326', 'cat_cafe');
INSERT OR REPLACE INTO service_cafe_details (service_id, has_wifi) VALUES ('STB_1326', 1);
INSERT OR REPLACE INTO services (service_id, brand_id, owner_id, plan_id, ext_place_id, ext_source, title, address, lat, lng, verification_level) VALUES ('STB_1327', 'brand_starbucks', '01ARZ3NDEKTSV4RRFFQ69G5FAV', 'free', 'STB_OFFICIAL_1327', 'starbucks_official', 'スターバックス コーヒー 横浜ビブレ店', '神奈川県 横浜市西区 南幸2-15-13 横浜ビブレ 2F', 35.4649529806, 139.618572526, 1);
INSERT OR REPLACE INTO service_category_rel (service_id, category_id) VALUES ('STB_1327', 'cat_cafe');
INSERT OR REPLACE INTO service_cafe_details (service_id, has_wifi) VALUES ('STB_1327', 1);
INSERT OR REPLACE INTO services (service_id, brand_id, owner_id, plan_id, ext_place_id, ext_source, title, address, lat, lng, verification_level) VALUES ('STB_1353', 'brand_starbucks', '01ARZ3NDEKTSV4RRFFQ69G5FAV', 'free', 'STB_OFFICIAL_1353', 'starbucks_official', 'スターバックス コーヒー ルミネ横浜店', '神奈川県 横浜市西区 高島2-16-1 ルミネ横浜 2F', 35.4656163198, 139.622974908, 1);
INSERT OR REPLACE INTO service_category_rel (service_id, category_id) VALUES ('STB_1353', 'cat_cafe');
INSERT OR REPLACE INTO service_cafe_details (service_id, has_wifi) VALUES ('STB_1353', 1);
INSERT OR REPLACE INTO services (service_id, brand_id, owner_id, plan_id, ext_place_id, ext_source, title, address, lat, lng, verification_level) VALUES ('STB_1385', 'brand_starbucks', '01ARZ3NDEKTSV4RRFFQ69G5FAV', 'free', 'STB_OFFICIAL_1385', 'starbucks_official', 'スターバックス コーヒー ららぽーと湘南平塚店', '神奈川県 平塚市 天沼10-1', 35.3377064276, 139.354777238, 1);
INSERT OR REPLACE INTO service_category_rel (service_id, category_id) VALUES ('STB_1385', 'cat_cafe');
INSERT OR REPLACE INTO service_cafe_details (service_id, has_wifi) VALUES ('STB_1385', 1);
INSERT OR REPLACE INTO services (service_id, brand_id, owner_id, plan_id, ext_place_id, ext_source, title, address, lat, lng, verification_level) VALUES ('STB_1393', 'brand_starbucks', '01ARZ3NDEKTSV4RRFFQ69G5FAV', 'free', 'STB_OFFICIAL_1393', 'starbucks_official', 'スターバックス コーヒー 横浜ベイクォーター店', '神奈川県 横浜市神奈川区 金港町1-10 横浜ベイクォーター 3階', 35.4668754136, 139.626511223, 1);
INSERT OR REPLACE INTO service_category_rel (service_id, category_id) VALUES ('STB_1393', 'cat_cafe');
INSERT OR REPLACE INTO service_cafe_details (service_id, has_wifi) VALUES ('STB_1393', 1);
INSERT OR REPLACE INTO services (service_id, brand_id, owner_id, plan_id, ext_place_id, ext_source, title, address, lat, lng, verification_level) VALUES ('STB_1421', 'brand_starbucks', '01ARZ3NDEKTSV4RRFFQ69G5FAV', 'free', 'STB_OFFICIAL_1421', 'starbucks_official', 'スターバックス コーヒー YAMATO文化森店', '神奈川県 大和市 大和南1-8-1 YAMATO文化森', 35.4693220496, 139.464810373, 1);
INSERT OR REPLACE INTO service_category_rel (service_id, category_id) VALUES ('STB_1421', 'cat_cafe');
INSERT OR REPLACE INTO service_cafe_details (service_id, has_wifi) VALUES ('STB_1421', 0);
INSERT OR REPLACE INTO services (service_id, brand_id, owner_id, plan_id, ext_place_id, ext_source, title, address, lat, lng, verification_level) VALUES ('STB_1429', 'brand_starbucks', '01ARZ3NDEKTSV4RRFFQ69G5FAV', 'free', 'STB_OFFICIAL_1429', 'starbucks_official', 'スターバックス コーヒー 都筑パーキングエリア（上り線）店', '神奈川県 横浜市港北区 新吉田町5203-1 第三京浜道路 都筑パーキングエリア（上り線）内', 35.544046745, 139.602793528, 1);
INSERT OR REPLACE INTO service_category_rel (service_id, category_id) VALUES ('STB_1429', 'cat_cafe');
INSERT OR REPLACE INTO service_cafe_details (service_id, has_wifi) VALUES ('STB_1429', 1);
INSERT OR REPLACE INTO services (service_id, brand_id, owner_id, plan_id, ext_place_id, ext_source, title, address, lat, lng, verification_level) VALUES ('STB_1483', 'brand_starbucks', '01ARZ3NDEKTSV4RRFFQ69G5FAV', 'free', 'STB_OFFICIAL_1483', 'starbucks_official', 'スターバックス コーヒー 葉山店', '神奈川県 三浦郡 葉山町長柄1809-1', 35.2877076646, 139.59651252, 1);
INSERT OR REPLACE INTO service_category_rel (service_id, category_id) VALUES ('STB_1483', 'cat_cafe');
INSERT OR REPLACE INTO service_cafe_details (service_id, has_wifi) VALUES ('STB_1483', 1);
INSERT OR REPLACE INTO services (service_id, brand_id, owner_id, plan_id, ext_place_id, ext_source, title, address, lat, lng, verification_level) VALUES ('STB_1507', 'brand_starbucks', '01ARZ3NDEKTSV4RRFFQ69G5FAV', 'free', 'STB_OFFICIAL_1507', 'starbucks_official', 'スターバックス コーヒー EXPASA海老名サービスエリア（上り線）店', '神奈川県 海老名市 大谷南5-1-1', 35.4319185057, 139.398644257, 1);
INSERT OR REPLACE INTO service_category_rel (service_id, category_id) VALUES ('STB_1507', 'cat_cafe');
INSERT OR REPLACE INTO service_cafe_details (service_id, has_wifi) VALUES ('STB_1507', 0);
INSERT OR REPLACE INTO services (service_id, brand_id, owner_id, plan_id, ext_place_id, ext_source, title, address, lat, lng, verification_level) VALUES ('STB_1509', 'brand_starbucks', '01ARZ3NDEKTSV4RRFFQ69G5FAV', 'free', 'STB_OFFICIAL_1509', 'starbucks_official', 'スターバックス コーヒー アトレ川崎 北側改札内店', '神奈川県 川崎市川崎区 駅前本町26-1 アトレ川崎 北側改札内', 35.531109503, 139.697368492, 1);
INSERT OR REPLACE INTO service_category_rel (service_id, category_id) VALUES ('STB_1509', 'cat_cafe');
INSERT OR REPLACE INTO service_cafe_details (service_id, has_wifi) VALUES ('STB_1509', 1);
INSERT OR REPLACE INTO services (service_id, brand_id, owner_id, plan_id, ext_place_id, ext_source, title, address, lat, lng, verification_level) VALUES ('STB_1512', 'brand_starbucks', '01ARZ3NDEKTSV4RRFFQ69G5FAV', 'free', 'STB_OFFICIAL_1512', 'starbucks_official', 'スターバックス コーヒー 横浜ポルタ店', '神奈川県 横浜市西区 高島2-16-B1 横浜ポルタ', 35.4651349791, 139.622785501, 1);
INSERT OR REPLACE INTO service_category_rel (service_id, category_id) VALUES ('STB_1512', 'cat_cafe');
INSERT OR REPLACE INTO service_cafe_details (service_id, has_wifi) VALUES ('STB_1512', 1);
INSERT OR REPLACE INTO services (service_id, brand_id, owner_id, plan_id, ext_place_id, ext_source, title, address, lat, lng, verification_level) VALUES ('STB_1528', 'brand_starbucks', '01ARZ3NDEKTSV4RRFFQ69G5FAV', 'free', 'STB_OFFICIAL_1528', 'starbucks_official', 'スターバックス コーヒー 港北東急S.C.店', '神奈川県 横浜市都筑区 茅ケ崎中央5-1 港北東急ショッピングセンター', 35.5439056844, 139.573012119, 1);
INSERT OR REPLACE INTO service_category_rel (service_id, category_id) VALUES ('STB_1528', 'cat_cafe');
INSERT OR REPLACE INTO service_cafe_details (service_id, has_wifi) VALUES ('STB_1528', 1);
INSERT OR REPLACE INTO services (service_id, brand_id, owner_id, plan_id, ext_place_id, ext_source, title, address, lat, lng, verification_level) VALUES ('STB_1534', 'brand_starbucks', '01ARZ3NDEKTSV4RRFFQ69G5FAV', 'free', 'STB_OFFICIAL_1534', 'starbucks_official', 'スターバックス コーヒー 藤沢菖蒲沢店', '神奈川県 藤沢市 菖蒲沢929', 35.4012564261, 139.441686539, 1);
INSERT OR REPLACE INTO service_category_rel (service_id, category_id) VALUES ('STB_1534', 'cat_cafe');
INSERT OR REPLACE INTO service_cafe_details (service_id, has_wifi) VALUES ('STB_1534', 1);
INSERT OR REPLACE INTO services (service_id, brand_id, owner_id, plan_id, ext_place_id, ext_source, title, address, lat, lng, verification_level) VALUES ('STB_1547', 'brand_starbucks', '01ARZ3NDEKTSV4RRFFQ69G5FAV', 'free', 'STB_OFFICIAL_1547', 'starbucks_official', 'スターバックス コーヒー 新百合ヶ丘エルミロード店', '神奈川県 川崎市麻生区 上麻生1-4-1 小田急新百合ケ丘エルミロード', 35.6033073767, 139.508856101, 1);
INSERT OR REPLACE INTO service_category_rel (service_id, category_id) VALUES ('STB_1547', 'cat_cafe');
INSERT OR REPLACE INTO service_cafe_details (service_id, has_wifi) VALUES ('STB_1547', 1);
INSERT OR REPLACE INTO services (service_id, brand_id, owner_id, plan_id, ext_place_id, ext_source, title, address, lat, lng, verification_level) VALUES ('STB_1548', 'brand_starbucks', '01ARZ3NDEKTSV4RRFFQ69G5FAV', 'free', 'STB_OFFICIAL_1548', 'starbucks_official', 'スターバックス コーヒー 小田急アコルデ新百合ヶ丘北館店', '神奈川県 川崎市麻生区 万福寺1-17-1 小田急アコルデ新百合ヶ丘北館店 3階', 35.6043511339, 139.507703371, 1);
INSERT OR REPLACE INTO service_category_rel (service_id, category_id) VALUES ('STB_1548', 'cat_cafe');
INSERT OR REPLACE INTO service_cafe_details (service_id, has_wifi) VALUES ('STB_1548', 1);
INSERT OR REPLACE INTO services (service_id, brand_id, owner_id, plan_id, ext_place_id, ext_source, title, address, lat, lng, verification_level) VALUES ('STB_1558', 'brand_starbucks', '01ARZ3NDEKTSV4RRFFQ69G5FAV', 'free', 'STB_OFFICIAL_1558', 'starbucks_official', 'スターバックス コーヒー イオンモール座間店', '神奈川県 座間市 広野台2-10-4', 35.5013587686, 139.425437445, 1);
INSERT OR REPLACE INTO service_category_rel (service_id, category_id) VALUES ('STB_1558', 'cat_cafe');
INSERT OR REPLACE INTO service_cafe_details (service_id, has_wifi) VALUES ('STB_1558', 1);
INSERT OR REPLACE INTO services (service_id, brand_id, owner_id, plan_id, ext_place_id, ext_source, title, address, lat, lng, verification_level) VALUES ('STB_1568', 'brand_starbucks', '01ARZ3NDEKTSV4RRFFQ69G5FAV', 'free', 'STB_OFFICIAL_1568', 'starbucks_official', 'スターバックス コーヒー ジョイナステラス二俣川店', '神奈川県 横浜市旭区 二俣川2-91-7', 35.4630511146, 139.531905089, 1);
INSERT OR REPLACE INTO service_category_rel (service_id, category_id) VALUES ('STB_1568', 'cat_cafe');
INSERT OR REPLACE INTO service_cafe_details (service_id, has_wifi) VALUES ('STB_1568', 1);
INSERT OR REPLACE INTO services (service_id, brand_id, owner_id, plan_id, ext_place_id, ext_source, title, address, lat, lng, verification_level) VALUES ('STB_1584', 'brand_starbucks', '01ARZ3NDEKTSV4RRFFQ69G5FAV', 'free', 'STB_OFFICIAL_1584', 'starbucks_official', 'スターバックス コーヒー アピタテラス横浜綱島店', '神奈川県 横浜市港北区 綱島東4-3-17', 35.5424881499, 139.641873688, 1);
INSERT OR REPLACE INTO service_category_rel (service_id, category_id) VALUES ('STB_1584', 'cat_cafe');
INSERT OR REPLACE INTO service_cafe_details (service_id, has_wifi) VALUES ('STB_1584', 1);
INSERT OR REPLACE INTO services (service_id, brand_id, owner_id, plan_id, ext_place_id, ext_source, title, address, lat, lng, verification_level) VALUES ('STB_1610', 'brand_starbucks', '01ARZ3NDEKTSV4RRFFQ69G5FAV', 'free', 'STB_OFFICIAL_1610', 'starbucks_official', 'スターバックス コーヒー 横浜今宿店', '神奈川県 横浜市旭区 今宿東町1527-2', 35.4805737306, 139.534525454, 1);
INSERT OR REPLACE INTO service_category_rel (service_id, category_id) VALUES ('STB_1610', 'cat_cafe');
INSERT OR REPLACE INTO service_cafe_details (service_id, has_wifi) VALUES ('STB_1610', 1);
INSERT OR REPLACE INTO services (service_id, brand_id, owner_id, plan_id, ext_place_id, ext_source, title, address, lat, lng, verification_level) VALUES ('STB_1659', 'brand_starbucks', '01ARZ3NDEKTSV4RRFFQ69G5FAV', 'free', 'STB_OFFICIAL_1659', 'starbucks_official', 'スターバックス コーヒー 横浜ハンマーヘッド店', '神奈川県 横浜市中区 新港2-14-1 横浜ハンマーヘッド', 35.4556071566, 139.641396061, 1);
INSERT OR REPLACE INTO service_category_rel (service_id, category_id) VALUES ('STB_1659', 'cat_cafe');
INSERT OR REPLACE INTO service_cafe_details (service_id, has_wifi) VALUES ('STB_1659', 1);
INSERT OR REPLACE INTO services (service_id, brand_id, owner_id, plan_id, ext_place_id, ext_source, title, address, lat, lng, verification_level) VALUES ('STB_1670', 'brand_starbucks', '01ARZ3NDEKTSV4RRFFQ69G5FAV', 'free', 'STB_OFFICIAL_1670', 'starbucks_official', 'スターバックス コーヒー 川崎ルフロン店', '神奈川県 川崎市川崎区 日進町1-11 川崎ルフロン', 35.5297338092, 139.696930536, 1);
INSERT OR REPLACE INTO service_category_rel (service_id, category_id) VALUES ('STB_1670', 'cat_cafe');
INSERT OR REPLACE INTO service_cafe_details (service_id, has_wifi) VALUES ('STB_1670', 1);
INSERT OR REPLACE INTO services (service_id, brand_id, owner_id, plan_id, ext_place_id, ext_source, title, address, lat, lng, verification_level) VALUES ('STB_1701', 'brand_starbucks', '01ARZ3NDEKTSV4RRFFQ69G5FAV', 'free', 'STB_OFFICIAL_1701', 'starbucks_official', 'スターバックス コーヒー 本厚木ミロード店', '神奈川県 厚木市 泉町1-1 本厚木ミロード', 35.4396959549, 139.363845678, 1);
INSERT OR REPLACE INTO service_category_rel (service_id, category_id) VALUES ('STB_1701', 'cat_cafe');
INSERT OR REPLACE INTO service_cafe_details (service_id, has_wifi) VALUES ('STB_1701', 1);
INSERT OR REPLACE INTO services (service_id, brand_id, owner_id, plan_id, ext_place_id, ext_source, title, address, lat, lng, verification_level) VALUES ('STB_1702', 'brand_starbucks', '01ARZ3NDEKTSV4RRFFQ69G5FAV', 'free', 'STB_OFFICIAL_1702', 'starbucks_official', 'スターバックス コーヒー ビーンズ中山店', '神奈川県 横浜市緑区 寺山町59 ビーンズ中山', 35.5145199097, 139.539554584, 1);
INSERT OR REPLACE INTO service_category_rel (service_id, category_id) VALUES ('STB_1702', 'cat_cafe');
INSERT OR REPLACE INTO service_cafe_details (service_id, has_wifi) VALUES ('STB_1702', 1);
INSERT OR REPLACE INTO services (service_id, brand_id, owner_id, plan_id, ext_place_id, ext_source, title, address, lat, lng, verification_level) VALUES ('STB_1711', 'brand_starbucks', '01ARZ3NDEKTSV4RRFFQ69G5FAV', 'free', 'STB_OFFICIAL_1711', 'starbucks_official', 'スターバックス コーヒー 北仲ブリック＆ホワイト店', '神奈川県 横浜市中区 北仲通5-57-2 KITANAKA BRICK & WHITE', 35.450972825, 139.635378997, 1);
INSERT OR REPLACE INTO service_category_rel (service_id, category_id) VALUES ('STB_1711', 'cat_cafe');
INSERT OR REPLACE INTO service_cafe_details (service_id, has_wifi) VALUES ('STB_1711', 1);
INSERT OR REPLACE INTO services (service_id, brand_id, owner_id, plan_id, ext_place_id, ext_source, title, address, lat, lng, verification_level) VALUES ('STB_1722', 'brand_starbucks', '01ARZ3NDEKTSV4RRFFQ69G5FAV', 'free', 'STB_OFFICIAL_1722', 'starbucks_official', 'スターバックス コーヒー オーシャンゲートみなとみらい店', '神奈川県 横浜市西区 みなとみらい3-7-1 OCEAN GATE MINATOMIRAI', 35.4581128818, 139.634644562, 1);
INSERT OR REPLACE INTO service_category_rel (service_id, category_id) VALUES ('STB_1722', 'cat_cafe');
INSERT OR REPLACE INTO service_cafe_details (service_id, has_wifi) VALUES ('STB_1722', 1);
INSERT OR REPLACE INTO services (service_id, brand_id, owner_id, plan_id, ext_place_id, ext_source, title, address, lat, lng, verification_level) VALUES ('STB_1742', 'brand_starbucks', '01ARZ3NDEKTSV4RRFFQ69G5FAV', 'free', 'STB_OFFICIAL_1742', 'starbucks_official', 'スターバックス コーヒー エトモ綱島店', '神奈川県 横浜市港北区 綱島西1-1-8 エトモ綱島', 35.5365664297, 139.634350696, 1);
INSERT OR REPLACE INTO service_category_rel (service_id, category_id) VALUES ('STB_1742', 'cat_cafe');
INSERT OR REPLACE INTO service_cafe_details (service_id, has_wifi) VALUES ('STB_1742', 1);
INSERT OR REPLACE INTO services (service_id, brand_id, owner_id, plan_id, ext_place_id, ext_source, title, address, lat, lng, verification_level) VALUES ('STB_1777', 'brand_starbucks', '01ARZ3NDEKTSV4RRFFQ69G5FAV', 'free', 'STB_OFFICIAL_1777', 'starbucks_official', 'スターバックス コーヒー 三井アウトレットパーク 横浜ベイサイド店', '神奈川県 横浜市金沢区 白帆5-2 三井アウトレットパーク 横浜ベイサイド', 35.3797803677, 139.647151853, 1);
INSERT OR REPLACE INTO service_category_rel (service_id, category_id) VALUES ('STB_1777', 'cat_cafe');
INSERT OR REPLACE INTO service_cafe_details (service_id, has_wifi) VALUES ('STB_1777', 1);
INSERT OR REPLACE INTO services (service_id, brand_id, owner_id, plan_id, ext_place_id, ext_source, title, address, lat, lng, verification_level) VALUES ('STB_1799', 'brand_starbucks', '01ARZ3NDEKTSV4RRFFQ69G5FAV', 'free', 'STB_OFFICIAL_1799', 'starbucks_official', 'スターバックス コーヒー 京急百貨店6階店', '神奈川県 横浜市港南区 上大岡西1-6-1 京急百貨店', 35.4093502144, 139.596811616, 1);
INSERT OR REPLACE INTO service_category_rel (service_id, category_id) VALUES ('STB_1799', 'cat_cafe');
INSERT OR REPLACE INTO service_cafe_details (service_id, has_wifi) VALUES ('STB_1799', 1);
INSERT OR REPLACE INTO services (service_id, brand_id, owner_id, plan_id, ext_place_id, ext_source, title, address, lat, lng, verification_level) VALUES ('STB_1802', 'brand_starbucks', '01ARZ3NDEKTSV4RRFFQ69G5FAV', 'free', 'STB_OFFICIAL_1802', 'starbucks_official', 'スターバックス コーヒー ららテラス 武蔵小杉店', '神奈川県 川崎市中原区 新丸子東3-1302 ららテラス 武蔵小杉1階', 35.5753335682, 139.660213152, 1);
INSERT OR REPLACE INTO service_category_rel (service_id, category_id) VALUES ('STB_1802', 'cat_cafe');
INSERT OR REPLACE INTO service_cafe_details (service_id, has_wifi) VALUES ('STB_1802', 1);
INSERT OR REPLACE INTO services (service_id, brand_id, owner_id, plan_id, ext_place_id, ext_source, title, address, lat, lng, verification_level) VALUES ('STB_1803', 'brand_starbucks', '01ARZ3NDEKTSV4RRFFQ69G5FAV', 'free', 'STB_OFFICIAL_1803', 'starbucks_official', 'スターバックス コーヒー ニュウマン横浜店', '神奈川県 横浜市西区 南幸1-1-1 NEWoMan横浜7階', 35.4668872934, 139.622881246, 1);
INSERT OR REPLACE INTO service_category_rel (service_id, category_id) VALUES ('STB_1803', 'cat_cafe');
INSERT OR REPLACE INTO service_cafe_details (service_id, has_wifi) VALUES ('STB_1803', 1);
INSERT OR REPLACE INTO services (service_id, brand_id, owner_id, plan_id, ext_place_id, ext_source, title, address, lat, lng, verification_level) VALUES ('STB_1806', 'brand_starbucks', '01ARZ3NDEKTSV4RRFFQ69G5FAV', 'free', 'STB_OFFICIAL_1806', 'starbucks_official', 'スターバックス コーヒー CIAL 桜木町 ANNEX店', '神奈川県 横浜市中区 桜木町1-1-93 CIAL 桜木町 ANNEX', 35.4499995312, 139.631683237, 1);
INSERT OR REPLACE INTO service_category_rel (service_id, category_id) VALUES ('STB_1806', 'cat_cafe');
INSERT OR REPLACE INTO service_cafe_details (service_id, has_wifi) VALUES ('STB_1806', 1);
INSERT OR REPLACE INTO services (service_id, brand_id, owner_id, plan_id, ext_place_id, ext_source, title, address, lat, lng, verification_level) VALUES ('STB_1807', 'brand_starbucks', '01ARZ3NDEKTSV4RRFFQ69G5FAV', 'free', 'STB_OFFICIAL_1807', 'starbucks_official', 'スターバックス コーヒー 大船グランシップ店', '神奈川県 横浜市栄区 笠間2-2-1 グランシップ', 35.3548102071, 139.532766113, 1);
INSERT OR REPLACE INTO service_category_rel (service_id, category_id) VALUES ('STB_1807', 'cat_cafe');
INSERT OR REPLACE INTO service_cafe_details (service_id, has_wifi) VALUES ('STB_1807', 1);
INSERT OR REPLACE INTO services (service_id, brand_id, owner_id, plan_id, ext_place_id, ext_source, title, address, lat, lng, verification_level) VALUES ('STB_1865', 'brand_starbucks', '01ARZ3NDEKTSV4RRFFQ69G5FAV', 'free', 'STB_OFFICIAL_1865', 'starbucks_official', 'スターバックス コーヒー 横浜市役所 ラクシス フロント店', '神奈川県 横浜市中区 本町6-50-10 横浜市役所 ラクシス フロント', 35.4509325272, 139.633986892, 1);
INSERT OR REPLACE INTO service_category_rel (service_id, category_id) VALUES ('STB_1865', 'cat_cafe');
INSERT OR REPLACE INTO service_cafe_details (service_id, has_wifi) VALUES ('STB_1865', 1);
INSERT OR REPLACE INTO services (service_id, brand_id, owner_id, plan_id, ext_place_id, ext_source, title, address, lat, lng, verification_level) VALUES ('STB_2013', 'brand_starbucks', '01ARZ3NDEKTSV4RRFFQ69G5FAV', 'free', 'STB_OFFICIAL_2013', 'starbucks_official', 'スターバックス コーヒー キュービックプラザ新横浜3階店', '神奈川県 横浜市港北区 新横浜2-100-45 キュービックプラザ新横浜 3F', 35.5077042312, 139.617999772, 1);
INSERT OR REPLACE INTO service_category_rel (service_id, category_id) VALUES ('STB_2013', 'cat_cafe');
INSERT OR REPLACE INTO service_cafe_details (service_id, has_wifi) VALUES ('STB_2013', 1);
INSERT OR REPLACE INTO services (service_id, brand_id, owner_id, plan_id, ext_place_id, ext_source, title, address, lat, lng, verification_level) VALUES ('STB_2015', 'brand_starbucks', '01ARZ3NDEKTSV4RRFFQ69G5FAV', 'free', 'STB_OFFICIAL_2015', 'starbucks_official', 'スターバックス コーヒー TSUTAYA 横浜みなとみらい店', '神奈川県 横浜市西区 みなとみらい4-7-1 ミッドスクウェア', 35.4588102345, 139.630479876, 1);
INSERT OR REPLACE INTO service_category_rel (service_id, category_id) VALUES ('STB_2015', 'cat_cafe');
INSERT OR REPLACE INTO service_cafe_details (service_id, has_wifi) VALUES ('STB_2015', 1);
INSERT OR REPLACE INTO services (service_id, brand_id, owner_id, plan_id, ext_place_id, ext_source, title, address, lat, lng, verification_level) VALUES ('STB_2016', 'brand_starbucks', '01ARZ3NDEKTSV4RRFFQ69G5FAV', 'free', 'STB_OFFICIAL_2016', 'starbucks_official', 'スターバックス コーヒー 蔦屋書店 港北ミナモ店', '神奈川県 横浜市都筑区 中川中央2-7-1 港北ミナモ', 35.5507999868, 139.575292446, 1);
INSERT OR REPLACE INTO service_category_rel (service_id, category_id) VALUES ('STB_2016', 'cat_cafe');
INSERT OR REPLACE INTO service_cafe_details (service_id, has_wifi) VALUES ('STB_2016', 1);
INSERT OR REPLACE INTO services (service_id, brand_id, owner_id, plan_id, ext_place_id, ext_source, title, address, lat, lng, verification_level) VALUES ('STB_2045', 'brand_starbucks', '01ARZ3NDEKTSV4RRFFQ69G5FAV', 'free', 'STB_OFFICIAL_2045', 'starbucks_official', 'スターバックス コーヒー 日産グローバル本社ギャラリー店', '神奈川県 横浜市西区 高島1-1-1 NISSAN GLOBAL HEADQUARTERS GALLERY', 35.4640101689, 139.626759945, 1);
INSERT OR REPLACE INTO service_category_rel (service_id, category_id) VALUES ('STB_2045', 'cat_cafe');
INSERT OR REPLACE INTO service_cafe_details (service_id, has_wifi) VALUES ('STB_2045', 0);
INSERT OR REPLACE INTO services (service_id, brand_id, owner_id, plan_id, ext_place_id, ext_source, title, address, lat, lng, verification_level) VALUES ('STB_2060', 'brand_starbucks', '01ARZ3NDEKTSV4RRFFQ69G5FAV', 'free', 'STB_OFFICIAL_2060', 'starbucks_official', 'スターバックス コーヒー 蔦屋書店 海老名市立中央図書館店', '神奈川県 海老名市 めぐみ町7ー1', 35.4511926147, 139.386142463, 1);
INSERT OR REPLACE INTO service_category_rel (service_id, category_id) VALUES ('STB_2060', 'cat_cafe');
INSERT OR REPLACE INTO service_cafe_details (service_id, has_wifi) VALUES ('STB_2060', 1);
INSERT OR REPLACE INTO services (service_id, brand_id, owner_id, plan_id, ext_place_id, ext_source, title, address, lat, lng, verification_level) VALUES ('STB_2061', 'brand_starbucks', '01ARZ3NDEKTSV4RRFFQ69G5FAV', 'free', 'STB_OFFICIAL_2061', 'starbucks_official', 'スターバックス コーヒー 湘南 蔦屋書店', '神奈川県 藤沢市 辻堂元町6-20-1', 35.3340376066, 139.463421162, 1);
INSERT OR REPLACE INTO service_category_rel (service_id, category_id) VALUES ('STB_2061', 'cat_cafe');
INSERT OR REPLACE INTO service_cafe_details (service_id, has_wifi) VALUES ('STB_2061', 1);
INSERT OR REPLACE INTO services (service_id, brand_id, owner_id, plan_id, ext_place_id, ext_source, title, address, lat, lng, verification_level) VALUES ('STB_2070', 'brand_starbucks', '01ARZ3NDEKTSV4RRFFQ69G5FAV', 'free', 'STB_OFFICIAL_2070', 'starbucks_official', 'スターバックス コーヒー キュービックプラザ新横浜2階店', '神奈川県 横浜市港北区 新横浜2-100-45 キュービックプラザ新横浜 2Ｆ', 35.5073337046, 139.617387062, 1);
INSERT OR REPLACE INTO service_category_rel (service_id, category_id) VALUES ('STB_2070', 'cat_cafe');
INSERT OR REPLACE INTO service_cafe_details (service_id, has_wifi) VALUES ('STB_2070', 0);
INSERT OR REPLACE INTO services (service_id, brand_id, owner_id, plan_id, ext_place_id, ext_source, title, address, lat, lng, verification_level) VALUES ('STB_2114', 'brand_starbucks', '01ARZ3NDEKTSV4RRFFQ69G5FAV', 'free', 'STB_OFFICIAL_2114', 'starbucks_official', 'スターバックス コーヒー TSUTAYA 鶴ヶ峰駅前店', '神奈川県 横浜市旭区 鶴ヶ峰2-82-1 ココロット鶴ヶ峰', 35.4747054581, 139.549783068, 1);
INSERT OR REPLACE INTO service_category_rel (service_id, category_id) VALUES ('STB_2114', 'cat_cafe');
INSERT OR REPLACE INTO service_cafe_details (service_id, has_wifi) VALUES ('STB_2114', 1);
INSERT OR REPLACE INTO services (service_id, brand_id, owner_id, plan_id, ext_place_id, ext_source, title, address, lat, lng, verification_level) VALUES ('STB_2123', 'brand_starbucks', '01ARZ3NDEKTSV4RRFFQ69G5FAV', 'free', 'STB_OFFICIAL_2123', 'starbucks_official', 'スターバックス コーヒー JR東海 小田原駅店', '神奈川県 小田原市 城山1-1-1 JR小田原駅構内', 35.2566057824, 139.155180049, 1);
INSERT OR REPLACE INTO service_category_rel (service_id, category_id) VALUES ('STB_2123', 'cat_cafe');
INSERT OR REPLACE INTO service_cafe_details (service_id, has_wifi) VALUES ('STB_2123', 1);
INSERT OR REPLACE INTO services (service_id, brand_id, owner_id, plan_id, ext_place_id, ext_source, title, address, lat, lng, verification_level) VALUES ('STB_2135', 'brand_starbucks', '01ARZ3NDEKTSV4RRFFQ69G5FAV', 'free', 'STB_OFFICIAL_2135', 'starbucks_official', 'スターバックス コーヒー TSUTAYA 相鉄ライフ三ツ境店', '神奈川県 横浜市瀬谷区 三ツ境2-19 相鉄ライフ三ツ境', 35.4679025924, 139.503094759, 1);
INSERT OR REPLACE INTO service_category_rel (service_id, category_id) VALUES ('STB_2135', 'cat_cafe');
INSERT OR REPLACE INTO service_cafe_details (service_id, has_wifi) VALUES ('STB_2135', 1);
INSERT OR REPLACE INTO services (service_id, brand_id, owner_id, plan_id, ext_place_id, ext_source, title, address, lat, lng, verification_level) VALUES ('STB_2138', 'brand_starbucks', '01ARZ3NDEKTSV4RRFFQ69G5FAV', 'free', 'STB_OFFICIAL_2138', 'starbucks_official', 'スターバックス コーヒー TSUTAYA BOOKSTORE 弥生台店', '神奈川県 横浜市泉区 弥生台16-3 KNOCKS横浜弥生台', 35.4286801899, 139.507040959, 1);
INSERT OR REPLACE INTO service_category_rel (service_id, category_id) VALUES ('STB_2138', 'cat_cafe');
INSERT OR REPLACE INTO service_cafe_details (service_id, has_wifi) VALUES ('STB_2138', 1);
INSERT OR REPLACE INTO services (service_id, brand_id, owner_id, plan_id, ext_place_id, ext_source, title, address, lat, lng, verification_level) VALUES ('STB_2153', 'brand_starbucks', '01ARZ3NDEKTSV4RRFFQ69G5FAV', 'free', 'STB_OFFICIAL_2153', 'starbucks_official', 'スターバックス コーヒー 日本医科大学 武蔵小杉病院店', '神奈川県 川崎市中原区 小杉町1-383 日本医科大学 武蔵小杉病院', 35.5806224168, 139.658484997, 1);
INSERT OR REPLACE INTO service_category_rel (service_id, category_id) VALUES ('STB_2153', 'cat_cafe');
INSERT OR REPLACE INTO service_cafe_details (service_id, has_wifi) VALUES ('STB_2153', 0);
INSERT OR REPLACE INTO services (service_id, brand_id, owner_id, plan_id, ext_place_id, ext_source, title, address, lat, lng, verification_level) VALUES ('STB_2219', 'brand_starbucks', '01ARZ3NDEKTSV4RRFFQ69G5FAV', 'free', 'STB_OFFICIAL_2219', 'starbucks_official', 'スターバックス コーヒー リエール藤沢店', '神奈川県 藤沢市 南藤沢1-2 リエール藤沢', 35.338626431, 139.487830868, 1);
INSERT OR REPLACE INTO service_category_rel (service_id, category_id) VALUES ('STB_2219', 'cat_cafe');
INSERT OR REPLACE INTO service_cafe_details (service_id, has_wifi) VALUES ('STB_2219', 1);
INSERT OR REPLACE INTO services (service_id, brand_id, owner_id, plan_id, ext_place_id, ext_source, title, address, lat, lng, verification_level) VALUES ('STB_2243', 'brand_starbucks', '01ARZ3NDEKTSV4RRFFQ69G5FAV', 'free', 'STB_OFFICIAL_2243', 'starbucks_official', 'スターバックス コーヒー TSUTAYA BOOKSTORE 海老名店', '神奈川県 海老名市 めぐみ町3-1 ビナガーデンズ パーチ', 35.453634633, 139.389421523, 1);
INSERT OR REPLACE INTO service_category_rel (service_id, category_id) VALUES ('STB_2243', 'cat_cafe');
INSERT OR REPLACE INTO service_cafe_details (service_id, has_wifi) VALUES ('STB_2243', 1);
INSERT OR REPLACE INTO services (service_id, brand_id, owner_id, plan_id, ext_place_id, ext_source, title, address, lat, lng, verification_level) VALUES ('STB_2246', 'brand_starbucks', '01ARZ3NDEKTSV4RRFFQ69G5FAV', 'free', 'STB_OFFICIAL_2246', 'starbucks_official', 'スターバックス コーヒー アトレ大船店', '神奈川県 鎌倉市 大船1-1-1 アトレ大船', 35.3535033658, 139.53066607, 1);
INSERT OR REPLACE INTO service_category_rel (service_id, category_id) VALUES ('STB_2246', 'cat_cafe');
INSERT OR REPLACE INTO service_cafe_details (service_id, has_wifi) VALUES ('STB_2246', 1);
INSERT OR REPLACE INTO services (service_id, brand_id, owner_id, plan_id, ext_place_id, ext_source, title, address, lat, lng, verification_level) VALUES ('STB_2247', 'brand_starbucks', '01ARZ3NDEKTSV4RRFFQ69G5FAV', 'free', 'STB_OFFICIAL_2247', 'starbucks_official', 'スターバックス コーヒー JR東日本ホテルメッツ 横浜鶴見店', '神奈川県 横浜市鶴見区 鶴見中央1-31-2 JR東日本ホテルメッツ 横浜鶴見', 35.507470284, 139.676841285, 1);
INSERT OR REPLACE INTO service_category_rel (service_id, category_id) VALUES ('STB_2247', 'cat_cafe');
INSERT OR REPLACE INTO service_cafe_details (service_id, has_wifi) VALUES ('STB_2247', 1);
INSERT OR REPLACE INTO services (service_id, brand_id, owner_id, plan_id, ext_place_id, ext_source, title, address, lat, lng, verification_level) VALUES ('STB_2256', 'brand_starbucks', '01ARZ3NDEKTSV4RRFFQ69G5FAV', 'free', 'STB_OFFICIAL_2256', 'starbucks_official', 'スターバックス コーヒー TSUTAYA BOOKSTORE ゆめが丘ソラトス店', '神奈川県 横浜市泉区 ゆめが丘31 ゆめが丘ソラトス1  2階', 35.4046045544, 139.482256626, 1);
INSERT OR REPLACE INTO service_category_rel (service_id, category_id) VALUES ('STB_2256', 'cat_cafe');
INSERT OR REPLACE INTO service_cafe_details (service_id, has_wifi) VALUES ('STB_2256', 1);
INSERT OR REPLACE INTO services (service_id, brand_id, owner_id, plan_id, ext_place_id, ext_source, title, address, lat, lng, verification_level) VALUES ('STB_2273', 'brand_starbucks', '01ARZ3NDEKTSV4RRFFQ69G5FAV', 'free', 'STB_OFFICIAL_2273', 'starbucks_official', 'スターバックス コーヒー TSUTAYA BOOKSTORE 新綱島店', '神奈川県 横浜市港北区 綱島東1-9-9 SHINSUI3階', 35.5362917619, 139.63578309, 1);
INSERT OR REPLACE INTO service_category_rel (service_id, category_id) VALUES ('STB_2273', 'cat_cafe');
INSERT OR REPLACE INTO service_cafe_details (service_id, has_wifi) VALUES ('STB_2273', 1);
INSERT OR REPLACE INTO services (service_id, brand_id, owner_id, plan_id, ext_place_id, ext_source, title, address, lat, lng, verification_level) VALUES ('STB_2301', 'brand_starbucks', '01ARZ3NDEKTSV4RRFFQ69G5FAV', 'free', 'STB_OFFICIAL_2301', 'starbucks_official', 'スターバックス コーヒー 小田急登戸駅店', '神奈川県 川崎市多摩区 登戸3437-2 小田急マルシェ登戸1階', 35.6205404802, 139.569416389, 1);
INSERT OR REPLACE INTO service_category_rel (service_id, category_id) VALUES ('STB_2301', 'cat_cafe');
INSERT OR REPLACE INTO service_cafe_details (service_id, has_wifi) VALUES ('STB_2301', 1);
INSERT OR REPLACE INTO services (service_id, brand_id, owner_id, plan_id, ext_place_id, ext_source, title, address, lat, lng, verification_level) VALUES ('STB_2346', 'brand_starbucks', '01ARZ3NDEKTSV4RRFFQ69G5FAV', 'free', 'STB_OFFICIAL_2346', 'starbucks_official', 'スターバックス コーヒー Olive LOUNGE 鶴見店', '神奈川県 横浜市鶴見区 豊岡町8-26 Olive LOUNGE 1階', 35.5084243084, 139.674535599, 1);
INSERT OR REPLACE INTO service_category_rel (service_id, category_id) VALUES ('STB_2346', 'cat_cafe');
INSERT OR REPLACE INTO service_cafe_details (service_id, has_wifi) VALUES ('STB_2346', 1);
INSERT OR REPLACE INTO services (service_id, brand_id, owner_id, plan_id, ext_place_id, ext_source, title, address, lat, lng, verification_level) VALUES ('STB_2356', 'brand_starbucks', '01ARZ3NDEKTSV4RRFFQ69G5FAV', 'free', 'STB_OFFICIAL_2356', 'starbucks_official', 'スターバックス コーヒー JR新横浜駅 新幹線下りホーム11号店', '神奈川県 横浜市港北区 篠原町2937 JR新横浜駅 新幹線下りホーム', 35.5081264212, 139.618740247, 1);
INSERT OR REPLACE INTO service_category_rel (service_id, category_id) VALUES ('STB_2356', 'cat_cafe');
INSERT OR REPLACE INTO service_cafe_details (service_id, has_wifi) VALUES ('STB_2356', 0);
INSERT OR REPLACE INTO services (service_id, brand_id, owner_id, plan_id, ext_place_id, ext_source, title, address, lat, lng, verification_level) VALUES ('STB_4010', 'brand_starbucks', '01ARZ3NDEKTSV4RRFFQ69G5FAV', 'free', 'STB_OFFICIAL_4010', 'starbucks_official', 'スターバックス コーヒー 西武東戸塚S.C.店', '神奈川県 横浜市戸塚区 品濃町537-1 西武東戸塚S.C.店 西武館4階', 35.4302428627, 139.558307463, 1);
INSERT OR REPLACE INTO service_category_rel (service_id, category_id) VALUES ('STB_4010', 'cat_cafe');
INSERT OR REPLACE INTO service_cafe_details (service_id, has_wifi) VALUES ('STB_4010', 1);
INSERT OR REPLACE INTO services (service_id, brand_id, owner_id, plan_id, ext_place_id, ext_source, title, address, lat, lng, verification_level) VALUES ('STB_4025', 'brand_starbucks', '01ARZ3NDEKTSV4RRFFQ69G5FAV', 'free', 'STB_OFFICIAL_4025', 'starbucks_official', 'スターバックス コーヒー ラゾーナ川崎1階店', '神奈川県 川崎市幸区 堀川町72-1 ラゾーナ川崎プラザ1階', 35.5322232523, 139.696198815, 1);
INSERT OR REPLACE INTO service_category_rel (service_id, category_id) VALUES ('STB_4025', 'cat_cafe');
INSERT OR REPLACE INTO service_cafe_details (service_id, has_wifi) VALUES ('STB_4025', 1);
INSERT OR REPLACE INTO services (service_id, brand_id, owner_id, plan_id, ext_place_id, ext_source, title, address, lat, lng, verification_level) VALUES ('STB_4070', 'brand_starbucks', '01ARZ3NDEKTSV4RRFFQ69G5FAV', 'free', 'STB_OFFICIAL_4070', 'starbucks_official', 'スターバックス コーヒー グランツリー武蔵小杉店', '神奈川県 川崎市中原区 新丸子東3-1135-1 グランツリー武蔵小杉', 35.5737640112, 139.660060182, 1);
INSERT OR REPLACE INTO service_category_rel (service_id, category_id) VALUES ('STB_4070', 'cat_cafe');
INSERT OR REPLACE INTO service_cafe_details (service_id, has_wifi) VALUES ('STB_4070', 1);
INSERT OR REPLACE INTO services (service_id, brand_id, owner_id, plan_id, ext_place_id, ext_source, title, address, lat, lng, verification_level) VALUES ('STB_4106', 'brand_starbucks', '01ARZ3NDEKTSV4RRFFQ69G5FAV', 'free', 'STB_OFFICIAL_4106', 'starbucks_official', 'スターバックス コーヒー エトモ中央林間店', '神奈川県 大和市 中央林間4-6-3 エトモ中央林間2階', 35.5075631682, 139.444959427, 1);
INSERT OR REPLACE INTO service_category_rel (service_id, category_id) VALUES ('STB_4106', 'cat_cafe');
INSERT OR REPLACE INTO service_cafe_details (service_id, has_wifi) VALUES ('STB_4106', 1);
INSERT OR REPLACE INTO services (service_id, brand_id, owner_id, plan_id, ext_place_id, ext_source, title, address, lat, lng, verification_level) VALUES ('STB_4109', 'brand_starbucks', '01ARZ3NDEKTSV4RRFFQ69G5FAV', 'free', 'STB_OFFICIAL_4109', 'starbucks_official', 'スターバックス コーヒー エトモあざみ野店', '神奈川県 横浜市青葉区 あざみ野2-1-3 エトモあざみ野', 35.5679319309, 139.552960456, 1);
INSERT OR REPLACE INTO service_category_rel (service_id, category_id) VALUES ('STB_4109', 'cat_cafe');
INSERT OR REPLACE INTO service_cafe_details (service_id, has_wifi) VALUES ('STB_4109', 1);
INSERT OR REPLACE INTO services (service_id, brand_id, owner_id, plan_id, ext_place_id, ext_source, title, address, lat, lng, verification_level) VALUES ('STB_4133', 'brand_starbucks', '01ARZ3NDEKTSV4RRFFQ69G5FAV', 'free', 'STB_OFFICIAL_4133', 'starbucks_official', 'スターバックス コーヒー イオン天王町店', '神奈川県 横浜市保土ケ谷区 川辺町3-5 イオン天王町', 35.4579092426, 139.599981617, 1);
INSERT OR REPLACE INTO service_category_rel (service_id, category_id) VALUES ('STB_4133', 'cat_cafe');
INSERT OR REPLACE INTO service_cafe_details (service_id, has_wifi) VALUES ('STB_4133', 1);
INSERT OR REPLACE INTO services (service_id, brand_id, owner_id, plan_id, ext_place_id, ext_source, title, address, lat, lng, verification_level) VALUES ('STB_4146', 'brand_starbucks', '01ARZ3NDEKTSV4RRFFQ69G5FAV', 'free', 'STB_OFFICIAL_4146', 'starbucks_official', 'スターバックス コーヒー 横浜折本店', '神奈川県 横浜市都筑区 折本町251-1', 35.5215000768, 139.591859919, 1);
INSERT OR REPLACE INTO service_category_rel (service_id, category_id) VALUES ('STB_4146', 'cat_cafe');
INSERT OR REPLACE INTO service_cafe_details (service_id, has_wifi) VALUES ('STB_4146', 1);
INSERT OR REPLACE INTO services (service_id, brand_id, owner_id, plan_id, ext_place_id, ext_source, title, address, lat, lng, verification_level) VALUES ('STB_4162', 'brand_starbucks', '01ARZ3NDEKTSV4RRFFQ69G5FAV', 'free', 'STB_OFFICIAL_4162', 'starbucks_official', 'スターバックス コーヒー 横須賀大津店', '神奈川県 横須賀市 大津町1-22-25', 35.2651162226, 139.693676324, 1);
INSERT OR REPLACE INTO service_category_rel (service_id, category_id) VALUES ('STB_4162', 'cat_cafe');
INSERT OR REPLACE INTO service_cafe_details (service_id, has_wifi) VALUES ('STB_4162', 1);
INSERT OR REPLACE INTO services (service_id, brand_id, owner_id, plan_id, ext_place_id, ext_source, title, address, lat, lng, verification_level) VALUES ('STB_4259', 'brand_starbucks', '01ARZ3NDEKTSV4RRFFQ69G5FAV', 'free', 'STB_OFFICIAL_4259', 'starbucks_official', 'スターバックス コーヒー ジ アウトレット湘南平塚店', '神奈川県 平塚市 大神8丁目1-1 ジ アウトレット湘南平塚', 35.3914844464, 139.363930946, 1);
INSERT OR REPLACE INTO service_category_rel (service_id, category_id) VALUES ('STB_4259', 'cat_cafe');
INSERT OR REPLACE INTO service_cafe_details (service_id, has_wifi) VALUES ('STB_4259', 1);
INSERT OR REPLACE INTO services (service_id, brand_id, owner_id, plan_id, ext_place_id, ext_source, title, address, lat, lng, verification_level) VALUES ('STB_4314', 'brand_starbucks', '01ARZ3NDEKTSV4RRFFQ69G5FAV', 'free', 'STB_OFFICIAL_4314', 'starbucks_official', 'スターバックス コーヒー ミウィ橋本店', '神奈川県 相模原市緑区 橋本3-28-1 ミウィ橋本2階', 35.5949384781, 139.345731422, 1);
INSERT OR REPLACE INTO service_category_rel (service_id, category_id) VALUES ('STB_4314', 'cat_cafe');
INSERT OR REPLACE INTO service_cafe_details (service_id, has_wifi) VALUES ('STB_4314', 1);
INSERT OR REPLACE INTO services (service_id, brand_id, owner_id, plan_id, ext_place_id, ext_source, title, address, lat, lng, verification_level) VALUES ('STB_4330', 'brand_starbucks', '01ARZ3NDEKTSV4RRFFQ69G5FAV', 'free', 'STB_OFFICIAL_4330', 'starbucks_official', 'スターバックス コーヒー そごう横浜店', '神奈川県 横浜市西区 高島2-18-1 そごう横浜店3階', 35.4655174767, 139.62498919, 1);
INSERT OR REPLACE INTO service_category_rel (service_id, category_id) VALUES ('STB_4330', 'cat_cafe');
INSERT OR REPLACE INTO service_cafe_details (service_id, has_wifi) VALUES ('STB_4330', 1);
INSERT OR REPLACE INTO services (service_id, brand_id, owner_id, plan_id, ext_place_id, ext_source, title, address, lat, lng, verification_level) VALUES ('STB_4388', 'brand_starbucks', '01ARZ3NDEKTSV4RRFFQ69G5FAV', 'free', 'STB_OFFICIAL_4388', 'starbucks_official', 'スターバックス コーヒー 横浜荏田西店', '神奈川県 横浜市青葉区 荏田西5-6-7', 35.5441277305, 139.548391098, 1);
INSERT OR REPLACE INTO service_category_rel (service_id, category_id) VALUES ('STB_4388', 'cat_cafe');
INSERT OR REPLACE INTO service_cafe_details (service_id, has_wifi) VALUES ('STB_4388', 1);
INSERT OR REPLACE INTO services (service_id, brand_id, owner_id, plan_id, ext_place_id, ext_source, title, address, lat, lng, verification_level) VALUES ('STB_4444', 'brand_starbucks', '01ARZ3NDEKTSV4RRFFQ69G5FAV', 'free', 'STB_OFFICIAL_4444', 'starbucks_official', 'スターバックス コーヒー ビーンズ武蔵中原店', '神奈川県 川崎市中原区 上小田中4-2-1 Beans武蔵中原2階', 35.5813142644, 139.641276116, 1);
INSERT OR REPLACE INTO service_category_rel (service_id, category_id) VALUES ('STB_4444', 'cat_cafe');
INSERT OR REPLACE INTO service_cafe_details (service_id, has_wifi) VALUES ('STB_4444', 1);
INSERT OR REPLACE INTO services (service_id, brand_id, owner_id, plan_id, ext_place_id, ext_source, title, address, lat, lng, verification_level) VALUES ('STB_4445', 'brand_starbucks', '01ARZ3NDEKTSV4RRFFQ69G5FAV', 'free', 'STB_OFFICIAL_4445', 'starbucks_official', 'スターバックス コーヒー スターバックス ティー＆カフェ BASEGATE横浜関内店', '神奈川県 横浜市中区 港町1-1-1 BASEGATE横浜関内グリーンウォークテラス1階', 35.4439036098, 139.637022797, 1);
INSERT OR REPLACE INTO service_category_rel (service_id, category_id) VALUES ('STB_4445', 'cat_cafe');
INSERT OR REPLACE INTO service_cafe_details (service_id, has_wifi) VALUES ('STB_4445', 1);
INSERT OR REPLACE INTO services (service_id, brand_id, owner_id, plan_id, ext_place_id, ext_source, title, address, lat, lng, verification_level) VALUES ('STB_4462', 'brand_starbucks', '01ARZ3NDEKTSV4RRFFQ69G5FAV', 'free', 'STB_OFFICIAL_4462', 'starbucks_official', 'スターバックス コーヒー そよら横浜高田店', '神奈川県 横浜市港北区 高田西1-1-47 そよら横浜高田2階', 35.5497883532, 139.618702498, 1);
INSERT OR REPLACE INTO service_category_rel (service_id, category_id) VALUES ('STB_4462', 'cat_cafe');
INSERT OR REPLACE INTO service_cafe_details (service_id, has_wifi) VALUES ('STB_4462', 1);
INSERT OR REPLACE INTO services (service_id, brand_id, owner_id, plan_id, ext_place_id, ext_source, title, address, lat, lng, verification_level) VALUES ('STB_4502', 'brand_starbucks', '01ARZ3NDEKTSV4RRFFQ69G5FAV', 'free', 'STB_OFFICIAL_4502', 'starbucks_official', 'スターバックス コーヒー イオン相模原ショッピングセンター店', '神奈川県 相模原市南区 古淵2-10-1 イオン相模原ショッピングセンター2階', 35.5535549868, 139.417236001, 1);
INSERT OR REPLACE INTO service_category_rel (service_id, category_id) VALUES ('STB_4502', 'cat_cafe');
INSERT OR REPLACE INTO service_cafe_details (service_id, has_wifi) VALUES ('STB_4502', 1);
INSERT OR REPLACE INTO services (service_id, brand_id, owner_id, plan_id, ext_place_id, ext_source, title, address, lat, lng, verification_level) VALUES ('STB_4535', 'brand_starbucks', '01ARZ3NDEKTSV4RRFFQ69G5FAV', 'free', 'STB_OFFICIAL_4535', 'starbucks_official', 'スターバックス コーヒー 向ヶ丘遊園店', '神奈川県 川崎市多摩区 登戸2092-1 FLAG NOBORITO 1階', 35.6177465328, 139.564860785, 1);
INSERT OR REPLACE INTO service_category_rel (service_id, category_id) VALUES ('STB_4535', 'cat_cafe');
INSERT OR REPLACE INTO service_cafe_details (service_id, has_wifi) VALUES ('STB_4535', 1);
INSERT OR REPLACE INTO services (service_id, brand_id, owner_id, plan_id, ext_place_id, ext_source, title, address, lat, lng, verification_level) VALUES ('STB_4577', 'brand_starbucks', '01ARZ3NDEKTSV4RRFFQ69G5FAV', 'free', 'STB_OFFICIAL_4577', 'starbucks_official', 'スターバックス コーヒー ラスカ茅ヶ崎店', '神奈川県 茅ヶ崎市 元町1-1 ラスカ茅ヶ崎 3F', 35.3306236443, 139.406509935, 1);
INSERT OR REPLACE INTO service_category_rel (service_id, category_id) VALUES ('STB_4577', 'cat_cafe');
INSERT OR REPLACE INTO service_cafe_details (service_id, has_wifi) VALUES ('STB_4577', 1);
INSERT OR REPLACE INTO services (service_id, brand_id, owner_id, plan_id, ext_place_id, ext_source, title, address, lat, lng, verification_level) VALUES ('STB_4589', 'brand_starbucks', '01ARZ3NDEKTSV4RRFFQ69G5FAV', 'free', 'STB_OFFICIAL_4589', 'starbucks_official', 'スターバックス コーヒー 横浜ジョイナス2階店', '神奈川県 横浜市西区 南幸1-5-1 ジョイナス 2F', 35.4659795911, 139.621648057, 1);
INSERT OR REPLACE INTO service_category_rel (service_id, category_id) VALUES ('STB_4589', 'cat_cafe');
INSERT OR REPLACE INTO service_cafe_details (service_id, has_wifi) VALUES ('STB_4589', 1);
INSERT OR REPLACE INTO services (service_id, brand_id, owner_id, plan_id, ext_place_id, ext_source, title, address, lat, lng, verification_level) VALUES ('STB_238', 'brand_starbucks', '01ARZ3NDEKTSV4RRFFQ69G5FAV', 'free', 'STB_OFFICIAL_238', 'starbucks_official', 'スターバックス コーヒー 新潟万代シテイ店', '新潟県 新潟市中央区 万代1-6-1', 37.9166636953, 139.056009131, 1);
INSERT OR REPLACE INTO service_category_rel (service_id, category_id) VALUES ('STB_238', 'cat_cafe');
INSERT OR REPLACE INTO service_cafe_details (service_id, has_wifi) VALUES ('STB_238', 1);
INSERT OR REPLACE INTO services (service_id, brand_id, owner_id, plan_id, ext_place_id, ext_source, title, address, lat, lng, verification_level) VALUES ('STB_470', 'brand_starbucks', '01ARZ3NDEKTSV4RRFFQ69G5FAV', 'free', 'STB_OFFICIAL_470', 'starbucks_official', 'スターバックス コーヒー アピタ新潟西店', '新潟県 新潟市西区 小新5-7-21 アピタ 新潟西店', 37.8807277334, 139.0035232, 1);
INSERT OR REPLACE INTO service_category_rel (service_id, category_id) VALUES ('STB_470', 'cat_cafe');
INSERT OR REPLACE INTO service_cafe_details (service_id, has_wifi) VALUES ('STB_470', 1);
INSERT OR REPLACE INTO services (service_id, brand_id, owner_id, plan_id, ext_place_id, ext_source, title, address, lat, lng, verification_level) VALUES ('STB_610', 'brand_starbucks', '01ARZ3NDEKTSV4RRFFQ69G5FAV', 'free', 'STB_OFFICIAL_610', 'starbucks_official', 'スターバックス コーヒー イオンモール新発田店', '新潟県 新発田市 住吉町5-11-5 イオンモール新発田', 37.9424323247, 139.310263496, 1);
INSERT OR REPLACE INTO service_category_rel (service_id, category_id) VALUES ('STB_610', 'cat_cafe');
INSERT OR REPLACE INTO service_cafe_details (service_id, has_wifi) VALUES ('STB_610', 1);
INSERT OR REPLACE INTO services (service_id, brand_id, owner_id, plan_id, ext_place_id, ext_source, title, address, lat, lng, verification_level) VALUES ('STB_760', 'brand_starbucks', '01ARZ3NDEKTSV4RRFFQ69G5FAV', 'free', 'STB_OFFICIAL_760', 'starbucks_official', 'スターバックス コーヒー 長岡リバーサイド千秋店', '新潟県 長岡市 千秋2-278 リバーサイド千秋', 37.4605004308, 138.82698249, 1);
INSERT OR REPLACE INTO service_category_rel (service_id, category_id) VALUES ('STB_760', 'cat_cafe');
INSERT OR REPLACE INTO service_cafe_details (service_id, has_wifi) VALUES ('STB_760', 1);
INSERT OR REPLACE INTO services (service_id, brand_id, owner_id, plan_id, ext_place_id, ext_source, title, address, lat, lng, verification_level) VALUES ('STB_803', 'brand_starbucks', '01ARZ3NDEKTSV4RRFFQ69G5FAV', 'free', 'STB_OFFICIAL_803', 'starbucks_official', 'スターバックス コーヒー イオンモール新潟亀田インター店', '新潟県 新潟市江南区 下早通柳田1-1-1 イオンモール新潟亀田インター', 37.8761837473, 139.081453604, 1);
INSERT OR REPLACE INTO service_category_rel (service_id, category_id) VALUES ('STB_803', 'cat_cafe');
INSERT OR REPLACE INTO service_cafe_details (service_id, has_wifi) VALUES ('STB_803', 1);
INSERT OR REPLACE INTO services (service_id, brand_id, owner_id, plan_id, ext_place_id, ext_source, title, address, lat, lng, verification_level) VALUES ('STB_938', 'brand_starbucks', '01ARZ3NDEKTSV4RRFFQ69G5FAV', 'free', 'STB_OFFICIAL_938', 'starbucks_official', 'スターバックス コーヒー 黒埼パーキングエリア（下り線）店', '新潟県 新潟市西区 木場1206-3 黒埼パーキングエリア（下り線）', 37.82399373, 138.983519141, 1);
INSERT OR REPLACE INTO service_category_rel (service_id, category_id) VALUES ('STB_938', 'cat_cafe');
INSERT OR REPLACE INTO service_cafe_details (service_id, has_wifi) VALUES ('STB_938', 1);
INSERT OR REPLACE INTO services (service_id, brand_id, owner_id, plan_id, ext_place_id, ext_source, title, address, lat, lng, verification_level) VALUES ('STB_1074', 'brand_starbucks', '01ARZ3NDEKTSV4RRFFQ69G5FAV', 'free', 'STB_OFFICIAL_1074', 'starbucks_official', 'スターバックス コーヒー 新潟松崎店', '新潟県 新潟市東区 松崎862', 37.9338242511, 139.113394131, 1);
INSERT OR REPLACE INTO service_category_rel (service_id, category_id) VALUES ('STB_1074', 'cat_cafe');
INSERT OR REPLACE INTO service_cafe_details (service_id, has_wifi) VALUES ('STB_1074', 1);
INSERT OR REPLACE INTO services (service_id, brand_id, owner_id, plan_id, ext_place_id, ext_source, title, address, lat, lng, verification_level) VALUES ('STB_1194', 'brand_starbucks', '01ARZ3NDEKTSV4RRFFQ69G5FAV', 'free', 'STB_OFFICIAL_1194', 'starbucks_official', 'スターバックス コーヒー 上越店', '新潟県 上越市 下門前1766', 37.1579455495, 138.253311009, 1);
INSERT OR REPLACE INTO service_category_rel (service_id, category_id) VALUES ('STB_1194', 'cat_cafe');
INSERT OR REPLACE INTO service_cafe_details (service_id, has_wifi) VALUES ('STB_1194', 1);
INSERT OR REPLACE INTO services (service_id, brand_id, owner_id, plan_id, ext_place_id, ext_source, title, address, lat, lng, verification_level) VALUES ('STB_1448', 'brand_starbucks', '01ARZ3NDEKTSV4RRFFQ69G5FAV', 'free', 'STB_OFFICIAL_1448', 'starbucks_official', 'スターバックス コーヒー 新潟女池店', '新潟県 新潟市中央区 女池上山2-9-19', 37.8927318935, 139.028949703, 1);
INSERT OR REPLACE INTO service_category_rel (service_id, category_id) VALUES ('STB_1448', 'cat_cafe');
INSERT OR REPLACE INTO service_cafe_details (service_id, has_wifi) VALUES ('STB_1448', 1);
INSERT OR REPLACE INTO services (service_id, brand_id, owner_id, plan_id, ext_place_id, ext_source, title, address, lat, lng, verification_level) VALUES ('STB_1525', 'brand_starbucks', '01ARZ3NDEKTSV4RRFFQ69G5FAV', 'free', 'STB_OFFICIAL_1525', 'starbucks_official', 'スターバックス コーヒー 新潟中野山店', '新潟県 新潟市東区 若葉町1-1-31', 37.8977727805, 139.110596301, 1);
INSERT OR REPLACE INTO service_category_rel (service_id, category_id) VALUES ('STB_1525', 'cat_cafe');
INSERT OR REPLACE INTO service_cafe_details (service_id, has_wifi) VALUES ('STB_1525', 1);
INSERT OR REPLACE INTO services (service_id, brand_id, owner_id, plan_id, ext_place_id, ext_source, title, address, lat, lng, verification_level) VALUES ('STB_1546', 'brand_starbucks', '01ARZ3NDEKTSV4RRFFQ69G5FAV', 'free', 'STB_OFFICIAL_1546', 'starbucks_official', 'スターバックス コーヒー 新潟紫竹山店', '新潟県 新潟市中央区 紫竹山5-2-19', 37.8972929233, 139.068123184, 1);
INSERT OR REPLACE INTO service_category_rel (service_id, category_id) VALUES ('STB_1546', 'cat_cafe');
INSERT OR REPLACE INTO service_cafe_details (service_id, has_wifi) VALUES ('STB_1546', 1);
INSERT OR REPLACE INTO services (service_id, brand_id, owner_id, plan_id, ext_place_id, ext_source, title, address, lat, lng, verification_level) VALUES ('STB_1556', 'brand_starbucks', '01ARZ3NDEKTSV4RRFFQ69G5FAV', 'free', 'STB_OFFICIAL_1556', 'starbucks_official', 'スターバックス コーヒー CoCoLo長岡店', '新潟県 長岡市 城内町1-611-1 CoCoLo長岡2階', 37.4478364213, 138.853851397, 1);
INSERT OR REPLACE INTO service_category_rel (service_id, category_id) VALUES ('STB_1556', 'cat_cafe');
INSERT OR REPLACE INTO service_cafe_details (service_id, has_wifi) VALUES ('STB_1556', 1);
INSERT OR REPLACE INTO services (service_id, brand_id, owner_id, plan_id, ext_place_id, ext_source, title, address, lat, lng, verification_level) VALUES ('STB_1574', 'brand_starbucks', '01ARZ3NDEKTSV4RRFFQ69G5FAV', 'free', 'STB_OFFICIAL_1574', 'starbucks_official', 'スターバックス コーヒー CoCoLo新潟店', '新潟県 新潟市中央区 花園1-602 CoCoLo新潟 WEST SIDE 2階', 37.9119412267, 139.060694793, 1);
INSERT OR REPLACE INTO service_category_rel (service_id, category_id) VALUES ('STB_1574', 'cat_cafe');
INSERT OR REPLACE INTO service_cafe_details (service_id, has_wifi) VALUES ('STB_1574', 1);
INSERT OR REPLACE INTO services (service_id, brand_id, owner_id, plan_id, ext_place_id, ext_source, title, address, lat, lng, verification_level) VALUES ('STB_1611', 'brand_starbucks', '01ARZ3NDEKTSV4RRFFQ69G5FAV', 'free', 'STB_OFFICIAL_1611', 'starbucks_official', 'スターバックス コーヒー 長岡七日町店', '新潟県 長岡市 七日町川原470-1', 37.4466188209, 138.808837969, 1);
INSERT OR REPLACE INTO service_category_rel (service_id, category_id) VALUES ('STB_1611', 'cat_cafe');
INSERT OR REPLACE INTO service_cafe_details (service_id, has_wifi) VALUES ('STB_1611', 1);
INSERT OR REPLACE INTO services (service_id, brand_id, owner_id, plan_id, ext_place_id, ext_source, title, address, lat, lng, verification_level) VALUES ('STB_1686', 'brand_starbucks', '01ARZ3NDEKTSV4RRFFQ69G5FAV', 'free', 'STB_OFFICIAL_1686', 'starbucks_official', 'スターバックス コーヒー 柏崎穂波町店', '新潟県 柏崎市 穂波町13-8', 37.3606789701, 138.561474692, 1);
INSERT OR REPLACE INTO service_category_rel (service_id, category_id) VALUES ('STB_1686', 'cat_cafe');
INSERT OR REPLACE INTO service_cafe_details (service_id, has_wifi) VALUES ('STB_1686', 1);
INSERT OR REPLACE INTO services (service_id, brand_id, owner_id, plan_id, ext_place_id, ext_source, title, address, lat, lng, verification_level) VALUES ('STB_1731', 'brand_starbucks', '01ARZ3NDEKTSV4RRFFQ69G5FAV', 'free', 'STB_OFFICIAL_1731', 'starbucks_official', 'スターバックス コーヒー 三条東新保店', '新潟県 三条市 東新保9-16', 37.6181859299, 138.962390928, 1);
INSERT OR REPLACE INTO service_category_rel (service_id, category_id) VALUES ('STB_1731', 'cat_cafe');
INSERT OR REPLACE INTO service_cafe_details (service_id, has_wifi) VALUES ('STB_1731', 1);
INSERT OR REPLACE INTO services (service_id, brand_id, owner_id, plan_id, ext_place_id, ext_source, title, address, lat, lng, verification_level) VALUES ('STB_1759', 'brand_starbucks', '01ARZ3NDEKTSV4RRFFQ69G5FAV', 'free', 'STB_OFFICIAL_1759', 'starbucks_official', 'スターバックス コーヒー 新潟マルタケビル店', '新潟県 新潟市中央区 東大通1-4-1 マルタケビル 1階', 37.9137377153, 139.06150131, 1);
INSERT OR REPLACE INTO service_category_rel (service_id, category_id) VALUES ('STB_1759', 'cat_cafe');
INSERT OR REPLACE INTO service_cafe_details (service_id, has_wifi) VALUES ('STB_1759', 1);
INSERT OR REPLACE INTO services (service_id, brand_id, owner_id, plan_id, ext_place_id, ext_source, title, address, lat, lng, verification_level) VALUES ('STB_1798', 'brand_starbucks', '01ARZ3NDEKTSV4RRFFQ69G5FAV', 'free', 'STB_OFFICIAL_1798', 'starbucks_official', 'スターバックス コーヒー 上越高田城址公園店', '新潟県 上越市 本城町9-12', 37.1084428841, 138.258767835, 1);
INSERT OR REPLACE INTO service_category_rel (service_id, category_id) VALUES ('STB_1798', 'cat_cafe');
INSERT OR REPLACE INTO service_cafe_details (service_id, has_wifi) VALUES ('STB_1798', 1);
INSERT OR REPLACE INTO services (service_id, brand_id, owner_id, plan_id, ext_place_id, ext_source, title, address, lat, lng, verification_level) VALUES ('STB_1892', 'brand_starbucks', '01ARZ3NDEKTSV4RRFFQ69G5FAV', 'free', 'STB_OFFICIAL_1892', 'starbucks_official', 'スターバックス コーヒー 直江津店', '新潟県 上越市 西本町3-8-8 直江津ショッピングセンター 2F', 37.1709788909, 138.238164167, 1);
INSERT OR REPLACE INTO service_category_rel (service_id, category_id) VALUES ('STB_1892', 'cat_cafe');
INSERT OR REPLACE INTO service_cafe_details (service_id, has_wifi) VALUES ('STB_1892', 1);
INSERT OR REPLACE INTO services (service_id, brand_id, owner_id, plan_id, ext_place_id, ext_source, title, address, lat, lng, verification_level) VALUES ('STB_4046', 'brand_starbucks', '01ARZ3NDEKTSV4RRFFQ69G5FAV', 'free', 'STB_OFFICIAL_4046', 'starbucks_official', 'スターバックス コーヒー 新潟小新店', '新潟県 新潟市西区 小新南1-21-10', 37.868482395, 138.988681386, 1);
INSERT OR REPLACE INTO service_category_rel (service_id, category_id) VALUES ('STB_4046', 'cat_cafe');
INSERT OR REPLACE INTO service_cafe_details (service_id, has_wifi) VALUES ('STB_4046', 1);
INSERT OR REPLACE INTO services (service_id, brand_id, owner_id, plan_id, ext_place_id, ext_source, title, address, lat, lng, verification_level) VALUES ('STB_4065', 'brand_starbucks', '01ARZ3NDEKTSV4RRFFQ69G5FAV', 'free', 'STB_OFFICIAL_4065', 'starbucks_official', 'スターバックス コーヒー 新発田小舟店', '新潟県 新発田市 小舟町1-8-9', 37.9636586243, 139.323809449, 1);
INSERT OR REPLACE INTO service_category_rel (service_id, category_id) VALUES ('STB_4065', 'cat_cafe');
INSERT OR REPLACE INTO service_cafe_details (service_id, has_wifi) VALUES ('STB_4065', 1);
INSERT OR REPLACE INTO services (service_id, brand_id, owner_id, plan_id, ext_place_id, ext_source, title, address, lat, lng, verification_level) VALUES ('STB_4138', 'brand_starbucks', '01ARZ3NDEKTSV4RRFFQ69G5FAV', 'free', 'STB_OFFICIAL_4138', 'starbucks_official', 'スターバックス コーヒー 新潟亀田店', '新潟県 新潟市江南区 鵜ノ子2-2-11', 37.8713911135, 139.092154047, 1);
INSERT OR REPLACE INTO service_category_rel (service_id, category_id) VALUES ('STB_4138', 'cat_cafe');
INSERT OR REPLACE INTO service_cafe_details (service_id, has_wifi) VALUES ('STB_4138', 1);
INSERT OR REPLACE INTO services (service_id, brand_id, owner_id, plan_id, ext_place_id, ext_source, title, address, lat, lng, verification_level) VALUES ('STB_4204', 'brand_starbucks', '01ARZ3NDEKTSV4RRFFQ69G5FAV', 'free', 'STB_OFFICIAL_4204', 'starbucks_official', 'スターバックス コーヒー 新潟新津店', '新潟県 新潟市秋葉区 新津5149-2', 37.80516129, 139.11017199, 1);
INSERT OR REPLACE INTO service_category_rel (service_id, category_id) VALUES ('STB_4204', 'cat_cafe');
INSERT OR REPLACE INTO service_cafe_details (service_id, has_wifi) VALUES ('STB_4204', 1);
INSERT OR REPLACE INTO services (service_id, brand_id, owner_id, plan_id, ext_place_id, ext_source, title, address, lat, lng, verification_level) VALUES ('STB_4380', 'brand_starbucks', '01ARZ3NDEKTSV4RRFFQ69G5FAV', 'free', 'STB_OFFICIAL_4380', 'starbucks_official', 'スターバックス コーヒー 長岡宮内店', '新潟県 長岡市 宮内町3371-1', 37.4238116558, 138.847381652, 1);
INSERT OR REPLACE INTO service_category_rel (service_id, category_id) VALUES ('STB_4380', 'cat_cafe');
INSERT OR REPLACE INTO service_cafe_details (service_id, has_wifi) VALUES ('STB_4380', 1);
INSERT OR REPLACE INTO services (service_id, brand_id, owner_id, plan_id, ext_place_id, ext_source, title, address, lat, lng, verification_level) VALUES ('STB_431', 'brand_starbucks', '01ARZ3NDEKTSV4RRFFQ69G5FAV', 'free', 'STB_OFFICIAL_431', 'starbucks_official', 'スターバックス コーヒー イオンモール高岡店', '富山県 高岡市 下伏間江383', 36.7235932053, 137.017824171, 1);
INSERT OR REPLACE INTO service_category_rel (service_id, category_id) VALUES ('STB_431', 'cat_cafe');
INSERT OR REPLACE INTO service_cafe_details (service_id, has_wifi) VALUES ('STB_431', 1);
INSERT OR REPLACE INTO services (service_id, brand_id, owner_id, plan_id, ext_place_id, ext_source, title, address, lat, lng, verification_level) VALUES ('STB_794', 'brand_starbucks', '01ARZ3NDEKTSV4RRFFQ69G5FAV', 'free', 'STB_OFFICIAL_794', 'starbucks_official', 'スターバックス コーヒー 富山総曲輪フェリオ店', '富山県 富山市 総曲輪3-8-6 総曲輪フェリオ', 36.6896405272, 137.213193954, 1);
INSERT OR REPLACE INTO service_category_rel (service_id, category_id) VALUES ('STB_794', 'cat_cafe');
INSERT OR REPLACE INTO service_cafe_details (service_id, has_wifi) VALUES ('STB_794', 1);
INSERT OR REPLACE INTO services (service_id, brand_id, owner_id, plan_id, ext_place_id, ext_source, title, address, lat, lng, verification_level) VALUES ('STB_806', 'brand_starbucks', '01ARZ3NDEKTSV4RRFFQ69G5FAV', 'free', 'STB_OFFICIAL_806', 'starbucks_official', 'スターバックス コーヒー 富山藤の木店', '富山県 富山市 開1330', 36.6814374928, 137.259589923, 1);
INSERT OR REPLACE INTO service_category_rel (service_id, category_id) VALUES ('STB_806', 'cat_cafe');
INSERT OR REPLACE INTO service_cafe_details (service_id, has_wifi) VALUES ('STB_806', 1);
INSERT OR REPLACE INTO services (service_id, brand_id, owner_id, plan_id, ext_place_id, ext_source, title, address, lat, lng, verification_level) VALUES ('STB_897', 'brand_starbucks', '01ARZ3NDEKTSV4RRFFQ69G5FAV', 'free', 'STB_OFFICIAL_897', 'starbucks_official', 'スターバックス コーヒー 富山環水公園店', '富山県 富山市 湊入船町5 富山富岩運河環水公園', 36.7091645568, 137.213581634, 1);
INSERT OR REPLACE INTO service_category_rel (service_id, category_id) VALUES ('STB_897', 'cat_cafe');
INSERT OR REPLACE INTO service_cafe_details (service_id, has_wifi) VALUES ('STB_897', 1);
INSERT OR REPLACE INTO services (service_id, brand_id, owner_id, plan_id, ext_place_id, ext_source, title, address, lat, lng, verification_level) VALUES ('STB_986', 'brand_starbucks', '01ARZ3NDEKTSV4RRFFQ69G5FAV', 'free', 'STB_OFFICIAL_986', 'starbucks_official', 'スターバックス コーヒー 富山ファボーレ店', '富山県 富山市 婦中町下轡田165-1 フューチャーシティ ファボーレ', 36.6627576706, 137.171281728, 1);
INSERT OR REPLACE INTO service_category_rel (service_id, category_id) VALUES ('STB_986', 'cat_cafe');
INSERT OR REPLACE INTO service_cafe_details (service_id, has_wifi) VALUES ('STB_986', 1);
INSERT OR REPLACE INTO services (service_id, brand_id, owner_id, plan_id, ext_place_id, ext_source, title, address, lat, lng, verification_level) VALUES ('STB_1207', 'brand_starbucks', '01ARZ3NDEKTSV4RRFFQ69G5FAV', 'free', 'STB_OFFICIAL_1207', 'starbucks_official', 'スターバックス コーヒー マリエとやま店', '富山県 富山市 桜町1-1-61 マリエとやま 1階', 36.7005490908, 137.213660079, 1);
INSERT OR REPLACE INTO service_category_rel (service_id, category_id) VALUES ('STB_1207', 'cat_cafe');
INSERT OR REPLACE INTO service_cafe_details (service_id, has_wifi) VALUES ('STB_1207', 1);
INSERT OR REPLACE INTO services (service_id, brand_id, owner_id, plan_id, ext_place_id, ext_source, title, address, lat, lng, verification_level) VALUES ('STB_1223', 'brand_starbucks', '01ARZ3NDEKTSV4RRFFQ69G5FAV', 'free', 'STB_OFFICIAL_1223', 'starbucks_official', 'スターバックス コーヒー 富山けやき通り店', '富山県 富山市 布瀬町南3-6-7', 36.6735659279, 137.201308459, 1);
INSERT OR REPLACE INTO service_category_rel (service_id, category_id) VALUES ('STB_1223', 'cat_cafe');
INSERT OR REPLACE INTO service_cafe_details (service_id, has_wifi) VALUES ('STB_1223', 1);
INSERT OR REPLACE INTO services (service_id, brand_id, owner_id, plan_id, ext_place_id, ext_source, title, address, lat, lng, verification_level) VALUES ('STB_1295', 'brand_starbucks', '01ARZ3NDEKTSV4RRFFQ69G5FAV', 'free', 'STB_OFFICIAL_1295', 'starbucks_official', 'スターバックス コーヒー イオンモール高岡 2階 セントラルコート店', '富山県 高岡市 下伏間江383 イオンモール高岡', 36.7240300552, 137.015086323, 1);
INSERT OR REPLACE INTO service_category_rel (service_id, category_id) VALUES ('STB_1295', 'cat_cafe');
INSERT OR REPLACE INTO service_cafe_details (service_id, has_wifi) VALUES ('STB_1295', 1);
INSERT OR REPLACE INTO services (service_id, brand_id, owner_id, plan_id, ext_place_id, ext_source, title, address, lat, lng, verification_level) VALUES ('STB_1298', 'brand_starbucks', '01ARZ3NDEKTSV4RRFFQ69G5FAV', 'free', 'STB_OFFICIAL_1298', 'starbucks_official', 'スターバックス コーヒー 三井アウトレットパーク北陸小矢部店', '富山県 小矢部市 西中野972-1', 36.6891956131, 136.881430138, 1);
INSERT OR REPLACE INTO service_category_rel (service_id, category_id) VALUES ('STB_1298', 'cat_cafe');
INSERT OR REPLACE INTO service_cafe_details (service_id, has_wifi) VALUES ('STB_1298', 1);
INSERT OR REPLACE INTO services (service_id, brand_id, owner_id, plan_id, ext_place_id, ext_source, title, address, lat, lng, verification_level) VALUES ('STB_1826', 'brand_starbucks', '01ARZ3NDEKTSV4RRFFQ69G5FAV', 'free', 'STB_OFFICIAL_1826', 'starbucks_official', 'スターバックス コーヒー 射水歌の森運動公園店', '富山県 射水市 黒河713-4', 36.7119323145, 137.102155482, 1);
INSERT OR REPLACE INTO service_category_rel (service_id, category_id) VALUES ('STB_1826', 'cat_cafe');
INSERT OR REPLACE INTO service_cafe_details (service_id, has_wifi) VALUES ('STB_1826', 1);
INSERT OR REPLACE INTO services (service_id, brand_id, owner_id, plan_id, ext_place_id, ext_source, title, address, lat, lng, verification_level) VALUES ('STB_4080', 'brand_starbucks', '01ARZ3NDEKTSV4RRFFQ69G5FAV', 'free', 'STB_OFFICIAL_4080', 'starbucks_official', 'スターバックス コーヒー スターバックス ティー＆カフェ 富山マルート店', '富山県 富山市 明輪町1-231 マルート1階', 36.7014275811, 137.212122389, 1);
INSERT OR REPLACE INTO service_category_rel (service_id, category_id) VALUES ('STB_4080', 'cat_cafe');
INSERT OR REPLACE INTO service_cafe_details (service_id, has_wifi) VALUES ('STB_4080', 1);
INSERT OR REPLACE INTO services (service_id, brand_id, owner_id, plan_id, ext_place_id, ext_source, title, address, lat, lng, verification_level) VALUES ('STB_4291', 'brand_starbucks', '01ARZ3NDEKTSV4RRFFQ69G5FAV', 'free', 'STB_OFFICIAL_4291', 'starbucks_official', 'スターバックス コーヒー 富山天正寺店', '富山県 富山市 天正寺1125', 36.6822678089, 137.250963934, 1);
INSERT OR REPLACE INTO service_category_rel (service_id, category_id) VALUES ('STB_4291', 'cat_cafe');
INSERT OR REPLACE INTO service_cafe_details (service_id, has_wifi) VALUES ('STB_4291', 1);
INSERT OR REPLACE INTO services (service_id, brand_id, owner_id, plan_id, ext_place_id, ext_source, title, address, lat, lng, verification_level) VALUES ('STB_4344', 'brand_starbucks', '01ARZ3NDEKTSV4RRFFQ69G5FAV', 'free', 'STB_OFFICIAL_4344', 'starbucks_official', 'スターバックス コーヒー 高岡泉町店', '富山県 高岡市 泉町3-9', 36.7358885858, 137.003580899, 1);
INSERT OR REPLACE INTO service_category_rel (service_id, category_id) VALUES ('STB_4344', 'cat_cafe');
INSERT OR REPLACE INTO service_cafe_details (service_id, has_wifi) VALUES ('STB_4344', 1);
INSERT OR REPLACE INTO services (service_id, brand_id, owner_id, plan_id, ext_place_id, ext_source, title, address, lat, lng, verification_level) VALUES ('STB_4467', 'brand_starbucks', '01ARZ3NDEKTSV4RRFFQ69G5FAV', 'free', 'STB_OFFICIAL_4467', 'starbucks_official', 'スターバックス コーヒー 富山五福公園店', '富山県 富山市 五福5区1942 富山五福公園', 36.6969027173, 137.192212584, 1);
INSERT OR REPLACE INTO service_category_rel (service_id, category_id) VALUES ('STB_4467', 'cat_cafe');
INSERT OR REPLACE INTO service_cafe_details (service_id, has_wifi) VALUES ('STB_4467', 1);
INSERT OR REPLACE INTO services (service_id, brand_id, owner_id, plan_id, ext_place_id, ext_source, title, address, lat, lng, verification_level) VALUES ('STB_358', 'brand_starbucks', '01ARZ3NDEKTSV4RRFFQ69G5FAV', 'free', 'STB_OFFICIAL_358', 'starbucks_official', 'スターバックス コーヒー 香林坊店', '石川県 金沢市 香林坊2-1-1 クラソ・プレイス香林坊', 36.562770707, 136.653334902, 1);
INSERT OR REPLACE INTO service_category_rel (service_id, category_id) VALUES ('STB_358', 'cat_cafe');
INSERT OR REPLACE INTO service_cafe_details (service_id, has_wifi) VALUES ('STB_358', 1);
INSERT OR REPLACE INTO services (service_id, brand_id, owner_id, plan_id, ext_place_id, ext_source, title, address, lat, lng, verification_level) VALUES ('STB_500', 'brand_starbucks', '01ARZ3NDEKTSV4RRFFQ69G5FAV', 'free', 'STB_OFFICIAL_500', 'starbucks_official', 'スターバックス コーヒー フェアモール松任店', '石川県 白山市 幸明町232-1 フェアモール松任', 36.517682817, 136.57755355, 1);
INSERT OR REPLACE INTO service_category_rel (service_id, category_id) VALUES ('STB_500', 'cat_cafe');
INSERT OR REPLACE INTO service_cafe_details (service_id, has_wifi) VALUES ('STB_500', 1);
INSERT OR REPLACE INTO services (service_id, brand_id, owner_id, plan_id, ext_place_id, ext_source, title, address, lat, lng, verification_level) VALUES ('STB_746', 'brand_starbucks', '01ARZ3NDEKTSV4RRFFQ69G5FAV', 'free', 'STB_OFFICIAL_746', 'starbucks_official', 'スターバックス コーヒー 野々市市役所前店', '石川県 野々市市 三納1-46', 36.5184168884, 136.608396788, 1);
INSERT OR REPLACE INTO service_category_rel (service_id, category_id) VALUES ('STB_746', 'cat_cafe');
INSERT OR REPLACE INTO service_cafe_details (service_id, has_wifi) VALUES ('STB_746', 1);
INSERT OR REPLACE INTO services (service_id, brand_id, owner_id, plan_id, ext_place_id, ext_source, title, address, lat, lng, verification_level) VALUES ('STB_883', 'brand_starbucks', '01ARZ3NDEKTSV4RRFFQ69G5FAV', 'free', 'STB_OFFICIAL_883', 'starbucks_official', 'スターバックス コーヒー イオンモールかほく店', '石川県 かほく市 内日角タ25 イオンモールかほく', 36.7091395209, 136.702486581, 1);
INSERT OR REPLACE INTO service_category_rel (service_id, category_id) VALUES ('STB_883', 'cat_cafe');
INSERT OR REPLACE INTO service_cafe_details (service_id, has_wifi) VALUES ('STB_883', 1);
INSERT OR REPLACE INTO services (service_id, brand_id, owner_id, plan_id, ext_place_id, ext_source, title, address, lat, lng, verification_level) VALUES ('STB_1023', 'brand_starbucks', '01ARZ3NDEKTSV4RRFFQ69G5FAV', 'free', 'STB_OFFICIAL_1023', 'starbucks_official', 'スターバックス コーヒー 金沢大桑店', '石川県 金沢市 大桑2-394', 36.5346013367, 136.675919324, 1);
INSERT OR REPLACE INTO service_category_rel (service_id, category_id) VALUES ('STB_1023', 'cat_cafe');
INSERT OR REPLACE INTO service_cafe_details (service_id, has_wifi) VALUES ('STB_1023', 1);
INSERT OR REPLACE INTO services (service_id, brand_id, owner_id, plan_id, ext_place_id, ext_source, title, address, lat, lng, verification_level) VALUES ('STB_1089', 'brand_starbucks', '01ARZ3NDEKTSV4RRFFQ69G5FAV', 'free', 'STB_OFFICIAL_1089', 'starbucks_official', 'スターバックス コーヒー 金沢フォーラス6階クーゴ店', '石川県 金沢市 堀川新町3-1 金沢フォーラス 6F', 36.5792849882, 136.649699999, 1);
INSERT OR REPLACE INTO service_category_rel (service_id, category_id) VALUES ('STB_1089', 'cat_cafe');
INSERT OR REPLACE INTO service_cafe_details (service_id, has_wifi) VALUES ('STB_1089', 1);
INSERT OR REPLACE INTO services (service_id, brand_id, owner_id, plan_id, ext_place_id, ext_source, title, address, lat, lng, verification_level) VALUES ('STB_1261', 'brand_starbucks', '01ARZ3NDEKTSV4RRFFQ69G5FAV', 'free', 'STB_OFFICIAL_1261', 'starbucks_official', 'スターバックス コーヒー 金沢エムザ店', '石川県 金沢市 武蔵町15-1 金沢エムザ', 36.5719844772, 136.655256263, 1);
INSERT OR REPLACE INTO service_category_rel (service_id, category_id) VALUES ('STB_1261', 'cat_cafe');
INSERT OR REPLACE INTO service_cafe_details (service_id, has_wifi) VALUES ('STB_1261', 1);
INSERT OR REPLACE INTO services (service_id, brand_id, owner_id, plan_id, ext_place_id, ext_source, title, address, lat, lng, verification_level) VALUES ('STB_1336', 'brand_starbucks', '01ARZ3NDEKTSV4RRFFQ69G5FAV', 'free', 'STB_OFFICIAL_1336', 'starbucks_official', 'スターバックス コーヒー 金沢鞍月店', '石川県 金沢市 戸水1-429', 36.6020298236, 136.620526653, 1);
INSERT OR REPLACE INTO service_category_rel (service_id, category_id) VALUES ('STB_1336', 'cat_cafe');
INSERT OR REPLACE INTO service_cafe_details (service_id, has_wifi) VALUES ('STB_1336', 1);
INSERT OR REPLACE INTO services (service_id, brand_id, owner_id, plan_id, ext_place_id, ext_source, title, address, lat, lng, verification_level) VALUES ('STB_1460', 'brand_starbucks', '01ARZ3NDEKTSV4RRFFQ69G5FAV', 'free', 'STB_OFFICIAL_1460', 'starbucks_official', 'スターバックス コーヒー イオンモール新小松店', '石川県 小松市 清六町315', 36.3944648879, 136.466379568, 1);
INSERT OR REPLACE INTO service_category_rel (service_id, category_id) VALUES ('STB_1460', 'cat_cafe');
INSERT OR REPLACE INTO service_cafe_details (service_id, has_wifi) VALUES ('STB_1460', 1);
INSERT OR REPLACE INTO services (service_id, brand_id, owner_id, plan_id, ext_place_id, ext_source, title, address, lat, lng, verification_level) VALUES ('STB_1844', 'brand_starbucks', '01ARZ3NDEKTSV4RRFFQ69G5FAV', 'free', 'STB_OFFICIAL_1844', 'starbucks_official', 'スターバックス コーヒー 金沢Rinto西口店', '石川県 金沢市 木ノ新保町1-1 金沢百番街Rinto 1階', 36.5786316927, 136.647864349, 1);
INSERT OR REPLACE INTO service_category_rel (service_id, category_id) VALUES ('STB_1844', 'cat_cafe');
INSERT OR REPLACE INTO service_cafe_details (service_id, has_wifi) VALUES ('STB_1844', 1);
INSERT OR REPLACE INTO services (service_id, brand_id, owner_id, plan_id, ext_place_id, ext_source, title, address, lat, lng, verification_level) VALUES ('STB_1862', 'brand_starbucks', '01ARZ3NDEKTSV4RRFFQ69G5FAV', 'free', 'STB_OFFICIAL_1862', 'starbucks_official', 'スターバックス コーヒー クロスゲート金沢店', '石川県 金沢市 広岡1-5-3 クロスゲ－ト金沢 1階', 36.5799812719, 136.647941225, 1);
INSERT OR REPLACE INTO service_category_rel (service_id, category_id) VALUES ('STB_1862', 'cat_cafe');
INSERT OR REPLACE INTO service_cafe_details (service_id, has_wifi) VALUES ('STB_1862', 1);
INSERT OR REPLACE INTO services (service_id, brand_id, owner_id, plan_id, ext_place_id, ext_source, title, address, lat, lng, verification_level) VALUES ('STB_4034', 'brand_starbucks', '01ARZ3NDEKTSV4RRFFQ69G5FAV', 'free', 'STB_OFFICIAL_4034', 'starbucks_official', 'スターバックス コーヒー イオンモール白山店', '石川県 白山市 横江町5001', 36.5441889622, 136.582788006, 1);
INSERT OR REPLACE INTO service_category_rel (service_id, category_id) VALUES ('STB_4034', 'cat_cafe');
INSERT OR REPLACE INTO service_cafe_details (service_id, has_wifi) VALUES ('STB_4034', 1);
INSERT OR REPLACE INTO services (service_id, brand_id, owner_id, plan_id, ext_place_id, ext_source, title, address, lat, lng, verification_level) VALUES ('STB_4035', 'brand_starbucks', '01ARZ3NDEKTSV4RRFFQ69G5FAV', 'free', 'STB_OFFICIAL_4035', 'starbucks_official', 'スターバックス コーヒー TSUTAYA BOOKSTORE イオンモール白山店', '石川県 白山市 横江町5001', 36.5455279667, 136.581703034, 1);
INSERT OR REPLACE INTO service_category_rel (service_id, category_id) VALUES ('STB_4035', 'cat_cafe');
INSERT OR REPLACE INTO service_cafe_details (service_id, has_wifi) VALUES ('STB_4035', 1);
INSERT OR REPLACE INTO services (service_id, brand_id, owner_id, plan_id, ext_place_id, ext_source, title, address, lat, lng, verification_level) VALUES ('STB_4103', 'brand_starbucks', '01ARZ3NDEKTSV4RRFFQ69G5FAV', 'free', 'STB_OFFICIAL_4103', 'starbucks_official', 'スターバックス コーヒー 金沢藤江店', '石川県 金沢市 藤江北4-475', 36.5910637678, 136.620151356, 1);
INSERT OR REPLACE INTO service_category_rel (service_id, category_id) VALUES ('STB_4103', 'cat_cafe');
INSERT OR REPLACE INTO service_cafe_details (service_id, has_wifi) VALUES ('STB_4103', 1);
INSERT OR REPLACE INTO services (service_id, brand_id, owner_id, plan_id, ext_place_id, ext_source, title, address, lat, lng, verification_level) VALUES ('STB_4114', 'brand_starbucks', '01ARZ3NDEKTSV4RRFFQ69G5FAV', 'free', 'STB_OFFICIAL_4114', 'starbucks_official', 'スターバックス コーヒー 金沢有松店', '石川県 金沢市 有松3-3-36', 36.5412730487, 136.639853123, 1);
INSERT OR REPLACE INTO service_category_rel (service_id, category_id) VALUES ('STB_4114', 'cat_cafe');
INSERT OR REPLACE INTO service_cafe_details (service_id, has_wifi) VALUES ('STB_4114', 1);
INSERT OR REPLACE INTO services (service_id, brand_id, owner_id, plan_id, ext_place_id, ext_source, title, address, lat, lng, verification_level) VALUES ('STB_4186', 'brand_starbucks', '01ARZ3NDEKTSV4RRFFQ69G5FAV', 'free', 'STB_OFFICIAL_4186', 'starbucks_official', 'スターバックス コーヒー 金沢フォーラス1階店', '石川県 金沢市 堀川新町3-1 金沢フォーラス 1F', 36.5790955598, 136.649455862, 1);
INSERT OR REPLACE INTO service_category_rel (service_id, category_id) VALUES ('STB_4186', 'cat_cafe');
INSERT OR REPLACE INTO service_cafe_details (service_id, has_wifi) VALUES ('STB_4186', 1);
INSERT OR REPLACE INTO services (service_id, brand_id, owner_id, plan_id, ext_place_id, ext_source, title, address, lat, lng, verification_level) VALUES ('STB_4284', 'brand_starbucks', '01ARZ3NDEKTSV4RRFFQ69G5FAV', 'free', 'STB_OFFICIAL_4284', 'starbucks_official', 'スターバックス コーヒー 小松打越店', '石川県 小松市 打越町い201', 36.4008668758, 136.476262897, 1);
INSERT OR REPLACE INTO service_category_rel (service_id, category_id) VALUES ('STB_4284', 'cat_cafe');
INSERT OR REPLACE INTO service_cafe_details (service_id, has_wifi) VALUES ('STB_4284', 1);
INSERT OR REPLACE INTO services (service_id, brand_id, owner_id, plan_id, ext_place_id, ext_source, title, address, lat, lng, verification_level) VALUES ('STB_4410', 'brand_starbucks', '01ARZ3NDEKTSV4RRFFQ69G5FAV', 'free', 'STB_OFFICIAL_4410', 'starbucks_official', 'スターバックス コーヒー 野々市堀内店', '石川県 野々市市 堀内5-241', 36.5321094335, 136.599408848, 1);
INSERT OR REPLACE INTO service_category_rel (service_id, category_id) VALUES ('STB_4410', 'cat_cafe');
INSERT OR REPLACE INTO service_cafe_details (service_id, has_wifi) VALUES ('STB_4410', 1);
INSERT OR REPLACE INTO services (service_id, brand_id, owner_id, plan_id, ext_place_id, ext_source, title, address, lat, lng, verification_level) VALUES ('STB_4591', 'brand_starbucks', '01ARZ3NDEKTSV4RRFFQ69G5FAV', 'free', 'STB_OFFICIAL_4591', 'starbucks_official', 'スターバックス コーヒー 金沢Rinto東口店', '石川県 金沢市 木ノ新保町1-1 金沢百番街Rinto 1階', 36.5784997728, 136.648459583, 1);
INSERT OR REPLACE INTO service_category_rel (service_id, category_id) VALUES ('STB_4591', 'cat_cafe');
INSERT OR REPLACE INTO service_cafe_details (service_id, has_wifi) VALUES ('STB_4591', 1);
INSERT OR REPLACE INTO services (service_id, brand_id, owner_id, plan_id, ext_place_id, ext_source, title, address, lat, lng, verification_level) VALUES ('STB_527', 'brand_starbucks', '01ARZ3NDEKTSV4RRFFQ69G5FAV', 'free', 'STB_OFFICIAL_527', 'starbucks_official', 'スターバックス コーヒー フェアモール福井店', '福井県 福井市 大和田2-1230 フェアモール福井', 36.0966671584, 136.251759715, 1);
INSERT OR REPLACE INTO service_category_rel (service_id, category_id) VALUES ('STB_527', 'cat_cafe');
INSERT OR REPLACE INTO service_cafe_details (service_id, has_wifi) VALUES ('STB_527', 1);
INSERT OR REPLACE INTO services (service_id, brand_id, owner_id, plan_id, ext_place_id, ext_source, title, address, lat, lng, verification_level) VALUES ('STB_937', 'brand_starbucks', '01ARZ3NDEKTSV4RRFFQ69G5FAV', 'free', 'STB_OFFICIAL_937', 'starbucks_official', 'スターバックス コーヒー 南条サービスエリア（上り線）店', '福井県 南条郡 南越前町牧谷39 南条サービスエリア（上り線）', 35.8312157823, 136.201377789, 1);
INSERT OR REPLACE INTO service_category_rel (service_id, category_id) VALUES ('STB_937', 'cat_cafe');
INSERT OR REPLACE INTO service_cafe_details (service_id, has_wifi) VALUES ('STB_937', 1);
INSERT OR REPLACE INTO services (service_id, brand_id, owner_id, plan_id, ext_place_id, ext_source, title, address, lat, lng, verification_level) VALUES ('STB_1260', 'brand_starbucks', '01ARZ3NDEKTSV4RRFFQ69G5FAV', 'free', 'STB_OFFICIAL_1260', 'starbucks_official', 'スターバックス コーヒー 福井二の宮 藤島通り店', '福井県 福井市 二の宮3-2-11', 36.0833904972, 136.218482535, 1);
INSERT OR REPLACE INTO service_category_rel (service_id, category_id) VALUES ('STB_1260', 'cat_cafe');
INSERT OR REPLACE INTO service_cafe_details (service_id, has_wifi) VALUES ('STB_1260', 1);
INSERT OR REPLACE INTO services (service_id, brand_id, owner_id, plan_id, ext_place_id, ext_source, title, address, lat, lng, verification_level) VALUES ('STB_1311', 'brand_starbucks', '01ARZ3NDEKTSV4RRFFQ69G5FAV', 'free', 'STB_OFFICIAL_1311', 'starbucks_official', 'スターバックス コーヒー 福井西環状　やしろ店', '福井県 福井市 渕2-1717', 36.0461356068, 136.187458216, 1);
INSERT OR REPLACE INTO service_category_rel (service_id, category_id) VALUES ('STB_1311', 'cat_cafe');
INSERT OR REPLACE INTO service_cafe_details (service_id, has_wifi) VALUES ('STB_1311', 1);
INSERT OR REPLACE INTO services (service_id, brand_id, owner_id, plan_id, ext_place_id, ext_source, title, address, lat, lng, verification_level) VALUES ('STB_1355', 'brand_starbucks', '01ARZ3NDEKTSV4RRFFQ69G5FAV', 'free', 'STB_OFFICIAL_1355', 'starbucks_official', 'スターバックス コーヒー 福井花堂店', '福井県 福井市 花堂南1-4-19', 36.034548136, 136.21359269, 1);
INSERT OR REPLACE INTO service_category_rel (service_id, category_id) VALUES ('STB_1355', 'cat_cafe');
INSERT OR REPLACE INTO service_cafe_details (service_id, has_wifi) VALUES ('STB_1355', 1);
INSERT OR REPLACE INTO services (service_id, brand_id, owner_id, plan_id, ext_place_id, ext_source, title, address, lat, lng, verification_level) VALUES ('STB_1569', 'brand_starbucks', '01ARZ3NDEKTSV4RRFFQ69G5FAV', 'free', 'STB_OFFICIAL_1569', 'starbucks_official', 'スターバックス コーヒー 武生中央公園店', '福井県 越前市 高瀬2-7-131 武生中央公園', 35.9004709632, 136.15873342, 1);
INSERT OR REPLACE INTO service_category_rel (service_id, category_id) VALUES ('STB_1569', 'cat_cafe');
INSERT OR REPLACE INTO service_cafe_details (service_id, has_wifi) VALUES ('STB_1569', 1);
INSERT OR REPLACE INTO services (service_id, brand_id, owner_id, plan_id, ext_place_id, ext_source, title, address, lat, lng, verification_level) VALUES ('STB_1734', 'brand_starbucks', '01ARZ3NDEKTSV4RRFFQ69G5FAV', 'free', 'STB_OFFICIAL_1734', 'starbucks_official', 'スターバックス コーヒー 福井春江店', '福井県 坂井市 春江町随応寺東46', 36.1344109727, 136.224171658, 1);
INSERT OR REPLACE INTO service_category_rel (service_id, category_id) VALUES ('STB_1734', 'cat_cafe');
INSERT OR REPLACE INTO service_cafe_details (service_id, has_wifi) VALUES ('STB_1734', 1);
INSERT OR REPLACE INTO services (service_id, brand_id, owner_id, plan_id, ext_place_id, ext_source, title, address, lat, lng, verification_level) VALUES ('STB_2051', 'brand_starbucks', '01ARZ3NDEKTSV4RRFFQ69G5FAV', 'free', 'STB_OFFICIAL_2051', 'starbucks_official', 'スターバックス コーヒー 福井県済生会病院店', '福井県 福井市 和田中町舟橋7-1 福井県済生会病院', 36.0469224919, 136.252491945, 1);
INSERT OR REPLACE INTO service_category_rel (service_id, category_id) VALUES ('STB_2051', 'cat_cafe');
INSERT OR REPLACE INTO service_cafe_details (service_id, has_wifi) VALUES ('STB_2051', 0);
INSERT OR REPLACE INTO services (service_id, brand_id, owner_id, plan_id, ext_place_id, ext_source, title, address, lat, lng, verification_level) VALUES ('STB_4085', 'brand_starbucks', '01ARZ3NDEKTSV4RRFFQ69G5FAV', 'free', 'STB_OFFICIAL_4085', 'starbucks_official', 'スターバックス コーヒー 敦賀駅前店', '福井県 敦賀市 鉄輪町1-3-40', 35.6448812716, 136.074342475, 1);
INSERT OR REPLACE INTO service_category_rel (service_id, category_id) VALUES ('STB_4085', 'cat_cafe');
INSERT OR REPLACE INTO service_cafe_details (service_id, has_wifi) VALUES ('STB_4085', 1);
INSERT OR REPLACE INTO services (service_id, brand_id, owner_id, plan_id, ext_place_id, ext_source, title, address, lat, lng, verification_level) VALUES ('STB_4393', 'brand_starbucks', '01ARZ3NDEKTSV4RRFFQ69G5FAV', 'free', 'STB_OFFICIAL_4393', 'starbucks_official', 'スターバックス コーヒー くるふ福井駅店', '福井県 福井市 中央1-1-25 くるふ福井駅内', 36.0616951168, 136.222882057, 1);
INSERT OR REPLACE INTO service_category_rel (service_id, category_id) VALUES ('STB_4393', 'cat_cafe');
INSERT OR REPLACE INTO service_cafe_details (service_id, has_wifi) VALUES ('STB_4393', 1);
INSERT OR REPLACE INTO services (service_id, brand_id, owner_id, plan_id, ext_place_id, ext_source, title, address, lat, lng, verification_level) VALUES ('STB_4483', 'brand_starbucks', '01ARZ3NDEKTSV4RRFFQ69G5FAV', 'free', 'STB_OFFICIAL_4483', 'starbucks_official', 'スターバックス コーヒー そよら福井開発店', '福井県 福井市 西開発3-205 そよら福井開発1階', 36.0826939302, 136.235824738, 1);
INSERT OR REPLACE INTO service_category_rel (service_id, category_id) VALUES ('STB_4483', 'cat_cafe');
INSERT OR REPLACE INTO service_cafe_details (service_id, has_wifi) VALUES ('STB_4483', 1);
INSERT OR REPLACE INTO services (service_id, brand_id, owner_id, plan_id, ext_place_id, ext_source, title, address, lat, lng, verification_level) VALUES ('STB_4495', 'brand_starbucks', '01ARZ3NDEKTSV4RRFFQ69G5FAV', 'free', 'STB_OFFICIAL_4495', 'starbucks_official', 'スターバックス コーヒー フェアモール福井エルパ店', '福井県 福井市 大和田2-1212 ラブリーパートナーエルパ2階', 36.0957475057, 136.250109895, 1);
INSERT OR REPLACE INTO service_category_rel (service_id, category_id) VALUES ('STB_4495', 'cat_cafe');
INSERT OR REPLACE INTO service_cafe_details (service_id, has_wifi) VALUES ('STB_4495', 1);
INSERT OR REPLACE INTO services (service_id, brand_id, owner_id, plan_id, ext_place_id, ext_source, title, address, lat, lng, verification_level) VALUES ('STB_597', 'brand_starbucks', '01ARZ3NDEKTSV4RRFFQ69G5FAV', 'free', 'STB_OFFICIAL_597', 'starbucks_official', 'スターバックス コーヒー 甲府リバーシティ店', '山梨県 中央市 山ノ神1122 リバーシティショッピングセンター', 35.6148848544, 138.512988551, 1);
INSERT OR REPLACE INTO service_category_rel (service_id, category_id) VALUES ('STB_597', 'cat_cafe');
INSERT OR REPLACE INTO service_cafe_details (service_id, has_wifi) VALUES ('STB_597', 1);
INSERT OR REPLACE INTO services (service_id, brand_id, owner_id, plan_id, ext_place_id, ext_source, title, address, lat, lng, verification_level) VALUES ('STB_740', 'brand_starbucks', '01ARZ3NDEKTSV4RRFFQ69G5FAV', 'free', 'STB_OFFICIAL_740', 'starbucks_official', 'スターバックス コーヒー 山梨大学医学部附属病院店', '山梨県 中央市 下河東1110 山梨大学医学部附属病院', 35.6099100103, 138.539156885, 1);
INSERT OR REPLACE INTO service_category_rel (service_id, category_id) VALUES ('STB_740', 'cat_cafe');
INSERT OR REPLACE INTO service_cafe_details (service_id, has_wifi) VALUES ('STB_740', 1);
INSERT OR REPLACE INTO services (service_id, brand_id, owner_id, plan_id, ext_place_id, ext_source, title, address, lat, lng, verification_level) VALUES ('STB_907', 'brand_starbucks', '01ARZ3NDEKTSV4RRFFQ69G5FAV', 'free', 'STB_OFFICIAL_907', 'starbucks_official', 'スターバックス コーヒー ラザウォーク甲斐双葉店', '山梨県 甲斐市 志田柿木645-1 ラザウォーク甲斐双葉', 35.6845819183, 138.485438186, 1);
INSERT OR REPLACE INTO service_category_rel (service_id, category_id) VALUES ('STB_907', 'cat_cafe');
INSERT OR REPLACE INTO service_cafe_details (service_id, has_wifi) VALUES ('STB_907', 1);
INSERT OR REPLACE INTO services (service_id, brand_id, owner_id, plan_id, ext_place_id, ext_source, title, address, lat, lng, verification_level) VALUES ('STB_913', 'brand_starbucks', '01ARZ3NDEKTSV4RRFFQ69G5FAV', 'free', 'STB_OFFICIAL_913', 'starbucks_official', 'スターバックス コーヒー 甲府アルプス通り店', '山梨県 中巨摩郡 昭和町清水新居59-12', 35.6509656907, 138.543269375, 1);
INSERT OR REPLACE INTO service_category_rel (service_id, category_id) VALUES ('STB_913', 'cat_cafe');
INSERT OR REPLACE INTO service_cafe_details (service_id, has_wifi) VALUES ('STB_913', 1);
INSERT OR REPLACE INTO services (service_id, brand_id, owner_id, plan_id, ext_place_id, ext_source, title, address, lat, lng, verification_level) VALUES ('STB_1013', 'brand_starbucks', '01ARZ3NDEKTSV4RRFFQ69G5FAV', 'free', 'STB_OFFICIAL_1013', 'starbucks_official', 'スターバックス コーヒー イオンモール甲府昭和1階店', '山梨県 中巨摩郡 昭和町飯喰1505-1 イオンモール甲府昭和1階', 35.6231208876, 138.527156995, 1);
INSERT OR REPLACE INTO service_category_rel (service_id, category_id) VALUES ('STB_1013', 'cat_cafe');
INSERT OR REPLACE INTO service_cafe_details (service_id, has_wifi) VALUES ('STB_1013', 1);
INSERT OR REPLACE INTO services (service_id, brand_id, owner_id, plan_id, ext_place_id, ext_source, title, address, lat, lng, verification_level) VALUES ('STB_1044', 'brand_starbucks', '01ARZ3NDEKTSV4RRFFQ69G5FAV', 'free', 'STB_OFFICIAL_1044', 'starbucks_official', 'スターバックス コーヒー EXPASA談合坂サービスエリア（下り線）店', '山梨県 上野原市 野田尻710 中央自動車道 談合坂サービスエリア(下り線）内', 35.6328744999, 139.064031126, 1);
INSERT OR REPLACE INTO service_category_rel (service_id, category_id) VALUES ('STB_1044', 'cat_cafe');
INSERT OR REPLACE INTO service_cafe_details (service_id, has_wifi) VALUES ('STB_1044', 0);
INSERT OR REPLACE INTO services (service_id, brand_id, owner_id, plan_id, ext_place_id, ext_source, title, address, lat, lng, verification_level) VALUES ('STB_1060', 'brand_starbucks', '01ARZ3NDEKTSV4RRFFQ69G5FAV', 'free', 'STB_OFFICIAL_1060', 'starbucks_official', 'スターバックス コーヒー 甲府和戸通り店', '山梨県 甲府市 向町172-4', 35.6484155067, 138.612532352, 1);
INSERT OR REPLACE INTO service_category_rel (service_id, category_id) VALUES ('STB_1060', 'cat_cafe');
INSERT OR REPLACE INTO service_cafe_details (service_id, has_wifi) VALUES ('STB_1060', 1);
INSERT OR REPLACE INTO services (service_id, brand_id, owner_id, plan_id, ext_place_id, ext_source, title, address, lat, lng, verification_level) VALUES ('STB_1282', 'brand_starbucks', '01ARZ3NDEKTSV4RRFFQ69G5FAV', 'free', 'STB_OFFICIAL_1282', 'starbucks_official', 'スターバックス コーヒー 富士吉田店', '山梨県 富士吉田市 上吉田東4-14-22', 35.4753129846, 138.8075944, 1);
INSERT OR REPLACE INTO service_category_rel (service_id, category_id) VALUES ('STB_1282', 'cat_cafe');
INSERT OR REPLACE INTO service_cafe_details (service_id, has_wifi) VALUES ('STB_1282', 1);
INSERT OR REPLACE INTO services (service_id, brand_id, owner_id, plan_id, ext_place_id, ext_source, title, address, lat, lng, verification_level) VALUES ('STB_1523', 'brand_starbucks', '01ARZ3NDEKTSV4RRFFQ69G5FAV', 'free', 'STB_OFFICIAL_1523', 'starbucks_official', 'スターバックス コーヒー 談合坂サービスエリア(上り線)店', '山梨県 上野原市 大野4943', 35.6278013889, 139.04569316, 1);
INSERT OR REPLACE INTO service_category_rel (service_id, category_id) VALUES ('STB_1523', 'cat_cafe');
INSERT OR REPLACE INTO service_cafe_details (service_id, has_wifi) VALUES ('STB_1523', 0);
INSERT OR REPLACE INTO services (service_id, brand_id, owner_id, plan_id, ext_place_id, ext_source, title, address, lat, lng, verification_level) VALUES ('STB_1620', 'brand_starbucks', '01ARZ3NDEKTSV4RRFFQ69G5FAV', 'free', 'STB_OFFICIAL_1620', 'starbucks_official', 'スターバックス コーヒー 富士急ハイランド店', '山梨県 富士吉田市 新西原5-6-1 富士急ハイランド', 35.485848855, 138.778812972, 1);
INSERT OR REPLACE INTO service_category_rel (service_id, category_id) VALUES ('STB_1620', 'cat_cafe');
INSERT OR REPLACE INTO service_cafe_details (service_id, has_wifi) VALUES ('STB_1620', 1);
INSERT OR REPLACE INTO services (service_id, brand_id, owner_id, plan_id, ext_place_id, ext_source, title, address, lat, lng, verification_level) VALUES ('STB_1660', 'brand_starbucks', '01ARZ3NDEKTSV4RRFFQ69G5FAV', 'free', 'STB_OFFICIAL_1660', 'starbucks_official', 'スターバックス コーヒー イオンモール甲府昭和3階店', '山梨県 中巨摩郡 昭和町飯喰1505-1 イオンモール甲府昭和3階', 35.6209319514, 138.526945169, 1);
INSERT OR REPLACE INTO service_category_rel (service_id, category_id) VALUES ('STB_1660', 'cat_cafe');
INSERT OR REPLACE INTO service_cafe_details (service_id, has_wifi) VALUES ('STB_1660', 1);
INSERT OR REPLACE INTO services (service_id, brand_id, owner_id, plan_id, ext_place_id, ext_source, title, address, lat, lng, verification_level) VALUES ('STB_1784', 'brand_starbucks', '01ARZ3NDEKTSV4RRFFQ69G5FAV', 'free', 'STB_OFFICIAL_1784', 'starbucks_official', 'スターバックス コーヒー 甲府平和通り店', '山梨県 甲府市 住吉2-6-17', 35.6365009939, 138.56746942, 1);
INSERT OR REPLACE INTO service_category_rel (service_id, category_id) VALUES ('STB_1784', 'cat_cafe');
INSERT OR REPLACE INTO service_cafe_details (service_id, has_wifi) VALUES ('STB_1784', 1);
INSERT OR REPLACE INTO services (service_id, brand_id, owner_id, plan_id, ext_place_id, ext_source, title, address, lat, lng, verification_level) VALUES ('STB_4384', 'brand_starbucks', '01ARZ3NDEKTSV4RRFFQ69G5FAV', 'free', 'STB_OFFICIAL_4384', 'starbucks_official', 'スターバックス コーヒー セレオ甲府店', '山梨県 甲府市 丸の内1-1-8 セレオ甲府2階', 35.6668841614, 138.569091775, 1);
INSERT OR REPLACE INTO service_category_rel (service_id, category_id) VALUES ('STB_4384', 'cat_cafe');
INSERT OR REPLACE INTO service_cafe_details (service_id, has_wifi) VALUES ('STB_4384', 1);
INSERT OR REPLACE INTO services (service_id, brand_id, owner_id, plan_id, ext_place_id, ext_source, title, address, lat, lng, verification_level) VALUES ('STB_497', 'brand_starbucks', '01ARZ3NDEKTSV4RRFFQ69G5FAV', 'free', 'STB_OFFICIAL_497', 'starbucks_official', 'スターバックス コーヒー 長野駅前店', '長野県 長野市 南千歳町826 C-one', 36.6449628888, 138.18800061, 1);
INSERT OR REPLACE INTO service_category_rel (service_id, category_id) VALUES ('STB_497', 'cat_cafe');
INSERT OR REPLACE INTO service_cafe_details (service_id, has_wifi) VALUES ('STB_497', 1);
INSERT OR REPLACE INTO services (service_id, brand_id, owner_id, plan_id, ext_place_id, ext_source, title, address, lat, lng, verification_level) VALUES ('STB_546', 'brand_starbucks', '01ARZ3NDEKTSV4RRFFQ69G5FAV', 'free', 'STB_OFFICIAL_546', 'starbucks_official', 'スターバックス コーヒー 軽井沢・プリンスショッピングプラザ店', '長野県 北佐久郡 軽井沢町軽井沢 軽井沢・プリンスショッピングプラザ・ニューイースト', 36.3415376257, 138.636715649, 1);
INSERT OR REPLACE INTO service_category_rel (service_id, category_id) VALUES ('STB_546', 'cat_cafe');
INSERT OR REPLACE INTO service_cafe_details (service_id, has_wifi) VALUES ('STB_546', 1);
INSERT OR REPLACE INTO services (service_id, brand_id, owner_id, plan_id, ext_place_id, ext_source, title, address, lat, lng, verification_level) VALUES ('STB_571', 'brand_starbucks', '01ARZ3NDEKTSV4RRFFQ69G5FAV', 'free', 'STB_OFFICIAL_571', 'starbucks_official', 'スターバックス コーヒー イオン上田店', '長野県 上田市 常田2-12-18 イオン上田ショッピングセンター', 36.3920211661, 138.257990333, 1);
INSERT OR REPLACE INTO service_category_rel (service_id, category_id) VALUES ('STB_571', 'cat_cafe');
INSERT OR REPLACE INTO service_cafe_details (service_id, has_wifi) VALUES ('STB_571', 1);
INSERT OR REPLACE INTO services (service_id, brand_id, owner_id, plan_id, ext_place_id, ext_source, title, address, lat, lng, verification_level) VALUES ('STB_775', 'brand_starbucks', '01ARZ3NDEKTSV4RRFFQ69G5FAV', 'free', 'STB_OFFICIAL_775', 'starbucks_official', 'スターバックス コーヒー MIDORI松本店', '長野県 松本市 深志1-1-1 MIDORI松本店', 36.2311113069, 137.964538502, 1);
INSERT OR REPLACE INTO service_category_rel (service_id, category_id) VALUES ('STB_775', 'cat_cafe');
INSERT OR REPLACE INTO service_cafe_details (service_id, has_wifi) VALUES ('STB_775', 1);
INSERT OR REPLACE INTO services (service_id, brand_id, owner_id, plan_id, ext_place_id, ext_source, title, address, lat, lng, verification_level) VALUES ('STB_856', 'brand_starbucks', '01ARZ3NDEKTSV4RRFFQ69G5FAV', 'free', 'STB_OFFICIAL_856', 'starbucks_official', 'スターバックス コーヒー イオンモール佐久平店', '長野県 佐久市 佐久平駅南11-10 イオンモール佐久平', 36.2758616273, 138.463643047, 1);
INSERT OR REPLACE INTO service_category_rel (service_id, category_id) VALUES ('STB_856', 'cat_cafe');
INSERT OR REPLACE INTO service_cafe_details (service_id, has_wifi) VALUES ('STB_856', 1);
INSERT OR REPLACE INTO services (service_id, brand_id, owner_id, plan_id, ext_place_id, ext_source, title, address, lat, lng, verification_level) VALUES ('STB_948', 'brand_starbucks', '01ARZ3NDEKTSV4RRFFQ69G5FAV', 'free', 'STB_OFFICIAL_948', 'starbucks_official', 'スターバックス コーヒー 梓川サービスエリア(上り線)店', '長野県 安曇野市 豊科高家961-1 梓川サービスエリア(上り線)', 36.2704126483, 137.932131606, 1);
INSERT OR REPLACE INTO service_category_rel (service_id, category_id) VALUES ('STB_948', 'cat_cafe');
INSERT OR REPLACE INTO service_cafe_details (service_id, has_wifi) VALUES ('STB_948', 1);
INSERT OR REPLACE INTO services (service_id, brand_id, owner_id, plan_id, ext_place_id, ext_source, title, address, lat, lng, verification_level) VALUES ('STB_979', 'brand_starbucks', '01ARZ3NDEKTSV4RRFFQ69G5FAV', 'free', 'STB_OFFICIAL_979', 'starbucks_official', 'スターバックス コーヒー 長野南高田店', '長野県 長野市 南高田1-16-7', 36.6429026102, 138.223043905, 1);
INSERT OR REPLACE INTO service_category_rel (service_id, category_id) VALUES ('STB_979', 'cat_cafe');
INSERT OR REPLACE INTO service_cafe_details (service_id, has_wifi) VALUES ('STB_979', 1);
INSERT OR REPLACE INTO services (service_id, brand_id, owner_id, plan_id, ext_place_id, ext_source, title, address, lat, lng, verification_level) VALUES ('STB_1022', 'brand_starbucks', '01ARZ3NDEKTSV4RRFFQ69G5FAV', 'free', 'STB_OFFICIAL_1022', 'starbucks_official', 'スターバックス コーヒー アリオ上田店', '長野県 上田市 天神3-5-1 アリオ上田', 36.399329031, 138.244111427, 1);
INSERT OR REPLACE INTO service_category_rel (service_id, category_id) VALUES ('STB_1022', 'cat_cafe');
INSERT OR REPLACE INTO service_cafe_details (service_id, has_wifi) VALUES ('STB_1022', 1);
INSERT OR REPLACE INTO services (service_id, brand_id, owner_id, plan_id, ext_place_id, ext_source, title, address, lat, lng, verification_level) VALUES ('STB_1071', 'brand_starbucks', '01ARZ3NDEKTSV4RRFFQ69G5FAV', 'free', 'STB_OFFICIAL_1071', 'starbucks_official', 'スターバックス コーヒー 諏訪湖サービスエリア（上り線）店', '長野県 諏訪市 豊田所久保3171 中央自動車道 諏訪湖サービスエリア(上り線）内', 36.027046223, 138.077781272, 1);
INSERT OR REPLACE INTO service_category_rel (service_id, category_id) VALUES ('STB_1071', 'cat_cafe');
INSERT OR REPLACE INTO service_cafe_details (service_id, has_wifi) VALUES ('STB_1071', 1);
INSERT OR REPLACE INTO services (service_id, brand_id, owner_id, plan_id, ext_place_id, ext_source, title, address, lat, lng, verification_level) VALUES ('STB_1179', 'brand_starbucks', '01ARZ3NDEKTSV4RRFFQ69G5FAV', 'free', 'STB_OFFICIAL_1179', 'starbucks_official', 'スターバックス コーヒー 諏訪城南店', '長野県 諏訪市 城南2-2312-1', 36.0304649385, 138.120592837, 1);
INSERT OR REPLACE INTO service_category_rel (service_id, category_id) VALUES ('STB_1179', 'cat_cafe');
INSERT OR REPLACE INTO service_cafe_details (service_id, has_wifi) VALUES ('STB_1179', 1);
INSERT OR REPLACE INTO services (service_id, brand_id, owner_id, plan_id, ext_place_id, ext_source, title, address, lat, lng, verification_level) VALUES ('STB_1192', 'brand_starbucks', '01ARZ3NDEKTSV4RRFFQ69G5FAV', 'free', 'STB_OFFICIAL_1192', 'starbucks_official', 'スターバックス コーヒー MIDORI長野店', '長野県 長野市 南千歳1-22-6', 36.6437146981, 138.188525068, 1);
INSERT OR REPLACE INTO service_category_rel (service_id, category_id) VALUES ('STB_1192', 'cat_cafe');
INSERT OR REPLACE INTO service_cafe_details (service_id, has_wifi) VALUES ('STB_1192', 1);
INSERT OR REPLACE INTO services (service_id, brand_id, owner_id, plan_id, ext_place_id, ext_source, title, address, lat, lng, verification_level) VALUES ('STB_1263', 'brand_starbucks', '01ARZ3NDEKTSV4RRFFQ69G5FAV', 'free', 'STB_OFFICIAL_1263', 'starbucks_official', 'スターバックス コーヒー 長野川中島店', '長野県 長野市 稲里町中氷鉋963-1', 36.6098593948, 138.170580062, 1);
INSERT OR REPLACE INTO service_category_rel (service_id, category_id) VALUES ('STB_1263', 'cat_cafe');
INSERT OR REPLACE INTO service_cafe_details (service_id, has_wifi) VALUES ('STB_1263', 1);
INSERT OR REPLACE INTO services (service_id, brand_id, owner_id, plan_id, ext_place_id, ext_source, title, address, lat, lng, verification_level) VALUES ('STB_1394', 'brand_starbucks', '01ARZ3NDEKTSV4RRFFQ69G5FAV', 'free', 'STB_OFFICIAL_1394', 'starbucks_official', 'スターバックス コーヒー 松本平田店', '長野県 松本市 平田東2-18-14', 36.1896649011, 137.964216549, 1);
INSERT OR REPLACE INTO service_category_rel (service_id, category_id) VALUES ('STB_1394', 'cat_cafe');
INSERT OR REPLACE INTO service_cafe_details (service_id, has_wifi) VALUES ('STB_1394', 1);
INSERT OR REPLACE INTO services (service_id, brand_id, owner_id, plan_id, ext_place_id, ext_source, title, address, lat, lng, verification_level) VALUES ('STB_1407', 'brand_starbucks', '01ARZ3NDEKTSV4RRFFQ69G5FAV', 'free', 'STB_OFFICIAL_1407', 'starbucks_official', 'スターバックス コーヒー レイクウォーク岡谷店', '長野県 岡谷市 銀座1-1-5 レイクウォーク岡谷', 36.0657235846, 138.052252167, 1);
INSERT OR REPLACE INTO service_category_rel (service_id, category_id) VALUES ('STB_1407', 'cat_cafe');
INSERT OR REPLACE INTO service_cafe_details (service_id, has_wifi) VALUES ('STB_1407', 1);
INSERT OR REPLACE INTO services (service_id, brand_id, owner_id, plan_id, ext_place_id, ext_source, title, address, lat, lng, verification_level) VALUES ('STB_1500', 'brand_starbucks', '01ARZ3NDEKTSV4RRFFQ69G5FAV', 'free', 'STB_OFFICIAL_1500', 'starbucks_official', 'スターバックス コーヒー 伊那ナイスロード店', '長野県 伊那市 上新田2405-1', 35.8288205248, 137.968978324, 1);
INSERT OR REPLACE INTO service_category_rel (service_id, category_id) VALUES ('STB_1500', 'cat_cafe');
INSERT OR REPLACE INTO service_cafe_details (service_id, has_wifi) VALUES ('STB_1500', 1);
INSERT OR REPLACE INTO services (service_id, brand_id, owner_id, plan_id, ext_place_id, ext_source, title, address, lat, lng, verification_level) VALUES ('STB_1519', 'brand_starbucks', '01ARZ3NDEKTSV4RRFFQ69G5FAV', 'free', 'STB_OFFICIAL_1519', 'starbucks_official', 'スターバックス コーヒー イオンモール松本店', '長野県 松本市 中央4-9-51 イオンモール松本', 36.2337898721, 137.978310846, 1);
INSERT OR REPLACE INTO service_category_rel (service_id, category_id) VALUES ('STB_1519', 'cat_cafe');
INSERT OR REPLACE INTO service_cafe_details (service_id, has_wifi) VALUES ('STB_1519', 1);
INSERT OR REPLACE INTO services (service_id, brand_id, owner_id, plan_id, ext_place_id, ext_source, title, address, lat, lng, verification_level) VALUES ('STB_1567', 'brand_starbucks', '01ARZ3NDEKTSV4RRFFQ69G5FAV', 'free', 'STB_OFFICIAL_1567', 'starbucks_official', 'スターバックス コーヒー 松本庄内店', '長野県 松本市 出川1-1-3', 36.2198835608, 137.977113253, 1);
INSERT OR REPLACE INTO service_category_rel (service_id, category_id) VALUES ('STB_1567', 'cat_cafe');
INSERT OR REPLACE INTO service_cafe_details (service_id, has_wifi) VALUES ('STB_1567', 1);
INSERT OR REPLACE INTO services (service_id, brand_id, owner_id, plan_id, ext_place_id, ext_source, title, address, lat, lng, verification_level) VALUES ('STB_1586', 'brand_starbucks', '01ARZ3NDEKTSV4RRFFQ69G5FAV', 'free', 'STB_OFFICIAL_1586', 'starbucks_official', 'スターバックス コーヒー 千曲店', '長野県 千曲市 内川736-1', 36.5084573809, 138.134074429, 1);
INSERT OR REPLACE INTO service_category_rel (service_id, category_id) VALUES ('STB_1586', 'cat_cafe');
INSERT OR REPLACE INTO service_cafe_details (service_id, has_wifi) VALUES ('STB_1586', 1);
INSERT OR REPLACE INTO services (service_id, brand_id, owner_id, plan_id, ext_place_id, ext_source, title, address, lat, lng, verification_level) VALUES ('STB_1677', 'brand_starbucks', '01ARZ3NDEKTSV4RRFFQ69G5FAV', 'free', 'STB_OFFICIAL_1677', 'starbucks_official', 'スターバックス コーヒー フレスポ佐久インター店', '長野県 佐久市 岩村田北1-22-3 フレスポ佐久インター', 36.2839891206, 138.481224268, 1);
INSERT OR REPLACE INTO service_category_rel (service_id, category_id) VALUES ('STB_1677', 'cat_cafe');
INSERT OR REPLACE INTO service_cafe_details (service_id, has_wifi) VALUES ('STB_1677', 1);
INSERT OR REPLACE INTO services (service_id, brand_id, owner_id, plan_id, ext_place_id, ext_source, title, address, lat, lng, verification_level) VALUES ('STB_1741', 'brand_starbucks', '01ARZ3NDEKTSV4RRFFQ69G5FAV', 'free', 'STB_OFFICIAL_1741', 'starbucks_official', 'スターバックス コーヒー スノーピークランドステーション白馬店', '長野県 北安曇郡 白馬村北城5490 Snow Peak LAND STATION HAKUBA', 36.6976098038, 137.856687923, 1);
INSERT OR REPLACE INTO service_category_rel (service_id, category_id) VALUES ('STB_1741', 'cat_cafe');
INSERT OR REPLACE INTO service_cafe_details (service_id, has_wifi) VALUES ('STB_1741', 1);
INSERT OR REPLACE INTO services (service_id, brand_id, owner_id, plan_id, ext_place_id, ext_source, title, address, lat, lng, verification_level) VALUES ('STB_1785', 'brand_starbucks', '01ARZ3NDEKTSV4RRFFQ69G5FAV', 'free', 'STB_OFFICIAL_1785', 'starbucks_official', 'スターバックス コーヒー 上田中央店', '長野県 上田市 中央北1-6-34', 36.4074228531, 138.258049063, 1);
INSERT OR REPLACE INTO service_category_rel (service_id, category_id) VALUES ('STB_1785', 'cat_cafe');
INSERT OR REPLACE INTO service_cafe_details (service_id, has_wifi) VALUES ('STB_1785', 1);
INSERT OR REPLACE INTO services (service_id, brand_id, owner_id, plan_id, ext_place_id, ext_source, title, address, lat, lng, verification_level) VALUES ('STB_1789', 'brand_starbucks', '01ARZ3NDEKTSV4RRFFQ69G5FAV', 'free', 'STB_OFFICIAL_1789', 'starbucks_official', 'スターバックス コーヒー 信州善光寺仲見世通り店', '長野県 長野市 元善町483', 36.658818902, 138.187727772, 1);
INSERT OR REPLACE INTO service_category_rel (service_id, category_id) VALUES ('STB_1789', 'cat_cafe');
INSERT OR REPLACE INTO service_cafe_details (service_id, has_wifi) VALUES ('STB_1789', 1);
INSERT OR REPLACE INTO services (service_id, brand_id, owner_id, plan_id, ext_place_id, ext_source, title, address, lat, lng, verification_level) VALUES ('STB_1828', 'brand_starbucks', '01ARZ3NDEKTSV4RRFFQ69G5FAV', 'free', 'STB_OFFICIAL_1828', 'starbucks_official', 'スターバックス コーヒー 安曇野豊科店', '長野県 安曇野市 豊科南穂高629-12', 36.3013176982, 137.917504176, 1);
INSERT OR REPLACE INTO service_category_rel (service_id, category_id) VALUES ('STB_1828', 'cat_cafe');
INSERT OR REPLACE INTO service_cafe_details (service_id, has_wifi) VALUES ('STB_1828', 1);
INSERT OR REPLACE INTO services (service_id, brand_id, owner_id, plan_id, ext_place_id, ext_source, title, address, lat, lng, verification_level) VALUES ('STB_1891', 'brand_starbucks', '01ARZ3NDEKTSV4RRFFQ69G5FAV', 'free', 'STB_OFFICIAL_1891', 'starbucks_official', 'スターバックス コーヒー 塩尻店', '長野県 塩尻市 広丘吉田986-1', 36.1557482972, 137.950958934, 1);
INSERT OR REPLACE INTO service_category_rel (service_id, category_id) VALUES ('STB_1891', 'cat_cafe');
INSERT OR REPLACE INTO service_cafe_details (service_id, has_wifi) VALUES ('STB_1891', 1);
INSERT OR REPLACE INTO services (service_id, brand_id, owner_id, plan_id, ext_place_id, ext_source, title, address, lat, lng, verification_level) VALUES ('STB_2024', 'brand_starbucks', '01ARZ3NDEKTSV4RRFFQ69G5FAV', 'free', 'STB_OFFICIAL_2024', 'starbucks_official', 'スターバックス コーヒー TSUTAYA 東松本店', '長野県 松本市 元町1-2-1', 36.2398428798, 137.980833969, 1);
INSERT OR REPLACE INTO service_category_rel (service_id, category_id) VALUES ('STB_2024', 'cat_cafe');
INSERT OR REPLACE INTO service_cafe_details (service_id, has_wifi) VALUES ('STB_2024', 1);
INSERT OR REPLACE INTO services (service_id, brand_id, owner_id, plan_id, ext_place_id, ext_source, title, address, lat, lng, verification_level) VALUES ('STB_2332', 'brand_starbucks', '01ARZ3NDEKTSV4RRFFQ69G5FAV', 'free', 'STB_OFFICIAL_2332', 'starbucks_official', 'スターバックス コーヒー 軽井沢T-SITE店', '長野県 北佐久郡 軽井沢町軽井沢中谷地1178-1293 軽井沢T-SITE 1階', 36.3427908326, 138.637151667, 1);
INSERT OR REPLACE INTO service_category_rel (service_id, category_id) VALUES ('STB_2332', 'cat_cafe');
INSERT OR REPLACE INTO service_cafe_details (service_id, has_wifi) VALUES ('STB_2332', 1);
INSERT OR REPLACE INTO services (service_id, brand_id, owner_id, plan_id, ext_place_id, ext_source, title, address, lat, lng, verification_level) VALUES ('STB_4283', 'brand_starbucks', '01ARZ3NDEKTSV4RRFFQ69G5FAV', 'free', 'STB_OFFICIAL_4283', 'starbucks_official', 'スターバックス コーヒー 茅野中沖店', '長野県 茅野市 中沖1-8', 36.0017593469, 138.133586691, 1);
INSERT OR REPLACE INTO service_category_rel (service_id, category_id) VALUES ('STB_4283', 'cat_cafe');
INSERT OR REPLACE INTO service_cafe_details (service_id, has_wifi) VALUES ('STB_4283', 1);
INSERT OR REPLACE INTO services (service_id, brand_id, owner_id, plan_id, ext_place_id, ext_source, title, address, lat, lng, verification_level) VALUES ('STB_4385', 'brand_starbucks', '01ARZ3NDEKTSV4RRFFQ69G5FAV', 'free', 'STB_OFFICIAL_4385', 'starbucks_official', 'スターバックス コーヒー 松本笹部店', '長野県 松本市 笹部2-1-55', 36.2158355156, 137.952919337, 1);
INSERT OR REPLACE INTO service_category_rel (service_id, category_id) VALUES ('STB_4385', 'cat_cafe');
INSERT OR REPLACE INTO service_cafe_details (service_id, has_wifi) VALUES ('STB_4385', 1);
INSERT OR REPLACE INTO services (service_id, brand_id, owner_id, plan_id, ext_place_id, ext_source, title, address, lat, lng, verification_level) VALUES ('STB_4386', 'brand_starbucks', '01ARZ3NDEKTSV4RRFFQ69G5FAV', 'free', 'STB_OFFICIAL_4386', 'starbucks_official', 'スターバックス コーヒー 佐久平南店', '長野県 佐久市 岩村田5509‐1', 36.2710849052, 138.463026374, 1);
INSERT OR REPLACE INTO service_category_rel (service_id, category_id) VALUES ('STB_4386', 'cat_cafe');
INSERT OR REPLACE INTO service_cafe_details (service_id, has_wifi) VALUES ('STB_4386', 1);
INSERT OR REPLACE INTO services (service_id, brand_id, owner_id, plan_id, ext_place_id, ext_source, title, address, lat, lng, verification_level) VALUES ('STB_4428', 'brand_starbucks', '01ARZ3NDEKTSV4RRFFQ69G5FAV', 'free', 'STB_OFFICIAL_4428', 'starbucks_official', 'スターバックス コーヒー 飯田アップルロード店', '長野県 飯田市 鼎一色160-8', 35.5004881766, 137.811845382, 1);
INSERT OR REPLACE INTO service_category_rel (service_id, category_id) VALUES ('STB_4428', 'cat_cafe');
INSERT OR REPLACE INTO service_cafe_details (service_id, has_wifi) VALUES ('STB_4428', 1);
INSERT OR REPLACE INTO services (service_id, brand_id, owner_id, plan_id, ext_place_id, ext_source, title, address, lat, lng, verification_level) VALUES ('STB_4509', 'brand_starbucks', '01ARZ3NDEKTSV4RRFFQ69G5FAV', 'free', 'STB_OFFICIAL_4509', 'starbucks_official', 'スターバックス コーヒー イオンモール須坂1階店', '長野県 須坂市 福島386-1 イオンモール須坂1階', 36.6388561528, 138.273856538, 1);
INSERT OR REPLACE INTO service_category_rel (service_id, category_id) VALUES ('STB_4509', 'cat_cafe');
INSERT OR REPLACE INTO service_cafe_details (service_id, has_wifi) VALUES ('STB_4509', 1);
INSERT OR REPLACE INTO services (service_id, brand_id, owner_id, plan_id, ext_place_id, ext_source, title, address, lat, lng, verification_level) VALUES ('STB_4510', 'brand_starbucks', '01ARZ3NDEKTSV4RRFFQ69G5FAV', 'free', 'STB_OFFICIAL_4510', 'starbucks_official', 'スターバックス コーヒー イオンモール須坂3階店', '長野県 須坂市 福島386-1 イオンモール須坂3階', 36.6386711516, 138.27265498, 1);
INSERT OR REPLACE INTO service_category_rel (service_id, category_id) VALUES ('STB_4510', 'cat_cafe');
INSERT OR REPLACE INTO service_cafe_details (service_id, has_wifi) VALUES ('STB_4510', 1);
INSERT OR REPLACE INTO services (service_id, brand_id, owner_id, plan_id, ext_place_id, ext_source, title, address, lat, lng, verification_level) VALUES ('STB_4549', 'brand_starbucks', '01ARZ3NDEKTSV4RRFFQ69G5FAV', 'free', 'STB_OFFICIAL_4549', 'starbucks_official', 'スターバックス コーヒー 松本なぎさ店', '長野県 松本市 渚1-7-1', 36.2340436198, 137.955877975, 1);
INSERT OR REPLACE INTO service_category_rel (service_id, category_id) VALUES ('STB_4549', 'cat_cafe');
INSERT OR REPLACE INTO service_cafe_details (service_id, has_wifi) VALUES ('STB_4549', 1);
INSERT OR REPLACE INTO services (service_id, brand_id, owner_id, plan_id, ext_place_id, ext_source, title, address, lat, lng, verification_level) VALUES ('STB_532', 'brand_starbucks', '01ARZ3NDEKTSV4RRFFQ69G5FAV', 'free', 'STB_OFFICIAL_532', 'starbucks_official', 'スターバックス コーヒー 関 マーゴ店', '岐阜県 関市 倉知516 サンサンシティ マーゴ', 35.478092976, 136.899897427, 1);
INSERT OR REPLACE INTO service_category_rel (service_id, category_id) VALUES ('STB_532', 'cat_cafe');
INSERT OR REPLACE INTO service_cafe_details (service_id, has_wifi) VALUES ('STB_532', 1);
INSERT OR REPLACE INTO services (service_id, brand_id, owner_id, plan_id, ext_place_id, ext_source, title, address, lat, lng, verification_level) VALUES ('STB_678', 'brand_starbucks', '01ARZ3NDEKTSV4RRFFQ69G5FAV', 'free', 'STB_OFFICIAL_678', 'starbucks_official', 'スターバックス コーヒー モレラ岐阜店', '岐阜県 本巣市 三橋1100 モレラ岐阜', 35.4549056677, 136.673468688, 1);
INSERT OR REPLACE INTO service_category_rel (service_id, category_id) VALUES ('STB_678', 'cat_cafe');
INSERT OR REPLACE INTO service_cafe_details (service_id, has_wifi) VALUES ('STB_678', 1);
INSERT OR REPLACE INTO services (service_id, brand_id, owner_id, plan_id, ext_place_id, ext_source, title, address, lat, lng, verification_level) VALUES ('STB_763', 'brand_starbucks', '01ARZ3NDEKTSV4RRFFQ69G5FAV', 'free', 'STB_OFFICIAL_763', 'starbucks_official', 'スターバックス コーヒー イオンモール大垣店', '岐阜県 大垣市 外野2-100 イオンモール大垣', 35.3366361655, 136.613858252, 1);
INSERT OR REPLACE INTO service_category_rel (service_id, category_id) VALUES ('STB_763', 'cat_cafe');
INSERT OR REPLACE INTO service_cafe_details (service_id, has_wifi) VALUES ('STB_763', 1);
INSERT OR REPLACE INTO services (service_id, brand_id, owner_id, plan_id, ext_place_id, ext_source, title, address, lat, lng, verification_level) VALUES ('STB_782', 'brand_starbucks', '01ARZ3NDEKTSV4RRFFQ69G5FAV', 'free', 'STB_OFFICIAL_782', 'starbucks_official', 'スターバックス コーヒー イオンモール各務原店', '岐阜県 各務原市 那加萱場町3-8 イオンモール各務原', 35.3917553374, 136.824452113, 1);
INSERT OR REPLACE INTO service_category_rel (service_id, category_id) VALUES ('STB_782', 'cat_cafe');
INSERT OR REPLACE INTO service_cafe_details (service_id, has_wifi) VALUES ('STB_782', 1);
INSERT OR REPLACE INTO services (service_id, brand_id, owner_id, plan_id, ext_place_id, ext_source, title, address, lat, lng, verification_level) VALUES ('STB_952', 'brand_starbucks', '01ARZ3NDEKTSV4RRFFQ69G5FAV', 'free', 'STB_OFFICIAL_952', 'starbucks_official', 'スターバックス コーヒー 恵那峡サービスエリア（下り線）店', '岐阜県 恵那市 大井町2194-82 恵那峡サービスエリア（下り線）', 35.4541218928, 137.438523798, 1);
INSERT OR REPLACE INTO service_category_rel (service_id, category_id) VALUES ('STB_952', 'cat_cafe');
INSERT OR REPLACE INTO service_cafe_details (service_id, has_wifi) VALUES ('STB_952', 1);
INSERT OR REPLACE INTO services (service_id, brand_id, owner_id, plan_id, ext_place_id, ext_source, title, address, lat, lng, verification_level) VALUES ('STB_988', 'brand_starbucks', '01ARZ3NDEKTSV4RRFFQ69G5FAV', 'free', 'STB_OFFICIAL_988', 'starbucks_official', 'スターバックス コーヒー 岐阜正木店', '岐阜県 岐阜市 正木中2-3-8', 35.448958893, 136.742189088, 1);
INSERT OR REPLACE INTO service_category_rel (service_id, category_id) VALUES ('STB_988', 'cat_cafe');
INSERT OR REPLACE INTO service_cafe_details (service_id, has_wifi) VALUES ('STB_988', 1);
INSERT OR REPLACE INTO services (service_id, brand_id, owner_id, plan_id, ext_place_id, ext_source, title, address, lat, lng, verification_level) VALUES ('STB_1200', 'brand_starbucks', '01ARZ3NDEKTSV4RRFFQ69G5FAV', 'free', 'STB_OFFICIAL_1200', 'starbucks_official', 'スターバックス コーヒー 岐阜茜部店', '岐阜県 岐阜市 茜部野瀬2-14-1', 35.3769383358, 136.746351781, 1);
INSERT OR REPLACE INTO service_category_rel (service_id, category_id) VALUES ('STB_1200', 'cat_cafe');
INSERT OR REPLACE INTO service_cafe_details (service_id, has_wifi) VALUES ('STB_1200', 1);
INSERT OR REPLACE INTO services (service_id, brand_id, owner_id, plan_id, ext_place_id, ext_source, title, address, lat, lng, verification_level) VALUES ('STB_1363', 'brand_starbucks', '01ARZ3NDEKTSV4RRFFQ69G5FAV', 'free', 'STB_OFFICIAL_1363', 'starbucks_official', 'スターバックス コーヒー 高山岡本店', '岐阜県 高山市 岡本町2-47', 36.142892654, 137.247009932, 1);
INSERT OR REPLACE INTO service_category_rel (service_id, category_id) VALUES ('STB_1363', 'cat_cafe');
INSERT OR REPLACE INTO service_cafe_details (service_id, has_wifi) VALUES ('STB_1363', 1);
INSERT OR REPLACE INTO services (service_id, brand_id, owner_id, plan_id, ext_place_id, ext_source, title, address, lat, lng, verification_level) VALUES ('STB_1378', 'brand_starbucks', '01ARZ3NDEKTSV4RRFFQ69G5FAV', 'free', 'STB_OFFICIAL_1378', 'starbucks_official', 'スターバックス コーヒー みんなの森 ぎふメディアコスモス店', '岐阜県 岐阜市 司町40-5 みんなの森 ぎふメディアコスモス', 35.4271182006, 136.759638367, 1);
INSERT OR REPLACE INTO service_category_rel (service_id, category_id) VALUES ('STB_1378', 'cat_cafe');
INSERT OR REPLACE INTO service_cafe_details (service_id, has_wifi) VALUES ('STB_1378', 1);
INSERT OR REPLACE INTO services (service_id, brand_id, owner_id, plan_id, ext_place_id, ext_source, title, address, lat, lng, verification_level) VALUES ('STB_1404', 'brand_starbucks', '01ARZ3NDEKTSV4RRFFQ69G5FAV', 'free', 'STB_OFFICIAL_1404', 'starbucks_official', 'スターバックス コーヒー 羽島福寿店', '岐阜県 羽島市 福寿町千代田3-27', 35.3192123091, 136.683952955, 1);
INSERT OR REPLACE INTO service_category_rel (service_id, category_id) VALUES ('STB_1404', 'cat_cafe');
INSERT OR REPLACE INTO service_cafe_details (service_id, has_wifi) VALUES ('STB_1404', 1);
INSERT OR REPLACE INTO services (service_id, brand_id, owner_id, plan_id, ext_place_id, ext_source, title, address, lat, lng, verification_level) VALUES ('STB_1484', 'brand_starbucks', '01ARZ3NDEKTSV4RRFFQ69G5FAV', 'free', 'STB_OFFICIAL_1484', 'starbucks_official', 'スターバックス コーヒー 多治見光ケ丘店', '岐阜県 多治見市 光ケ丘4-48-2', 35.3470345417, 137.109358844, 1);
INSERT OR REPLACE INTO service_category_rel (service_id, category_id) VALUES ('STB_1484', 'cat_cafe');
INSERT OR REPLACE INTO service_cafe_details (service_id, has_wifi) VALUES ('STB_1484', 1);
INSERT OR REPLACE INTO services (service_id, brand_id, owner_id, plan_id, ext_place_id, ext_source, title, address, lat, lng, verification_level) VALUES ('STB_1603', 'brand_starbucks', '01ARZ3NDEKTSV4RRFFQ69G5FAV', 'free', 'STB_OFFICIAL_1603', 'starbucks_official', 'スターバックス コーヒー 恵那店', '岐阜県 恵那市 長島町正家3-8-41', 35.4463562428, 137.417370635, 1);
INSERT OR REPLACE INTO service_category_rel (service_id, category_id) VALUES ('STB_1603', 'cat_cafe');
INSERT OR REPLACE INTO service_cafe_details (service_id, has_wifi) VALUES ('STB_1603', 1);
INSERT OR REPLACE INTO services (service_id, brand_id, owner_id, plan_id, ext_place_id, ext_source, title, address, lat, lng, verification_level) VALUES ('STB_1662', 'brand_starbucks', '01ARZ3NDEKTSV4RRFFQ69G5FAV', 'free', 'STB_OFFICIAL_1662', 'starbucks_official', 'スターバックス コーヒー 美濃加茂新池店', '岐阜県 美濃加茂市 新池町1-6-35', 35.4525565041, 137.025020712, 1);
INSERT OR REPLACE INTO service_category_rel (service_id, category_id) VALUES ('STB_1662', 'cat_cafe');
INSERT OR REPLACE INTO service_cafe_details (service_id, has_wifi) VALUES ('STB_1662', 1);
INSERT OR REPLACE INTO services (service_id, brand_id, owner_id, plan_id, ext_place_id, ext_source, title, address, lat, lng, verification_level) VALUES ('STB_1665', 'brand_starbucks', '01ARZ3NDEKTSV4RRFFQ69G5FAV', 'free', 'STB_OFFICIAL_1665', 'starbucks_official', 'スターバックス コーヒー 各務原蘇原店', '岐阜県 各務原市 蘇原瑞穂町5-54', 35.4133562966, 136.85261128, 1);
INSERT OR REPLACE INTO service_category_rel (service_id, category_id) VALUES ('STB_1665', 'cat_cafe');
INSERT OR REPLACE INTO service_cafe_details (service_id, has_wifi) VALUES ('STB_1665', 1);
INSERT OR REPLACE INTO services (service_id, brand_id, owner_id, plan_id, ext_place_id, ext_source, title, address, lat, lng, verification_level) VALUES ('STB_1792', 'brand_starbucks', '01ARZ3NDEKTSV4RRFFQ69G5FAV', 'free', 'STB_OFFICIAL_1792', 'starbucks_official', 'スターバックス コーヒー アクアウォーク大垣店', '岐阜県 大垣市 林町6-80-21 アクアウォーク大垣', 35.3699246073, 136.617171444, 1);
INSERT OR REPLACE INTO service_category_rel (service_id, category_id) VALUES ('STB_1792', 'cat_cafe');
INSERT OR REPLACE INTO service_cafe_details (service_id, has_wifi) VALUES ('STB_1792', 1);
INSERT OR REPLACE INTO services (service_id, brand_id, owner_id, plan_id, ext_place_id, ext_source, title, address, lat, lng, verification_level) VALUES ('STB_1841', 'brand_starbucks', '01ARZ3NDEKTSV4RRFFQ69G5FAV', 'free', 'STB_OFFICIAL_1841', 'starbucks_official', 'スターバックス コーヒー 本巣北方店', '岐阜県 本巣郡 北方町平成8-1', 35.4335433233, 136.678787008, 1);
INSERT OR REPLACE INTO service_category_rel (service_id, category_id) VALUES ('STB_1841', 'cat_cafe');
INSERT OR REPLACE INTO service_cafe_details (service_id, has_wifi) VALUES ('STB_1841', 1);
INSERT OR REPLACE INTO services (service_id, brand_id, owner_id, plan_id, ext_place_id, ext_source, title, address, lat, lng, verification_level) VALUES ('STB_1893', 'brand_starbucks', '01ARZ3NDEKTSV4RRFFQ69G5FAV', 'free', 'STB_OFFICIAL_1893', 'starbucks_official', 'スターバックス コーヒー 可児広見店', '岐阜県 可児市 広見6-1', 35.42260343, 137.063177533, 1);
INSERT OR REPLACE INTO service_category_rel (service_id, category_id) VALUES ('STB_1893', 'cat_cafe');
INSERT OR REPLACE INTO service_cafe_details (service_id, has_wifi) VALUES ('STB_1893', 1);
INSERT OR REPLACE INTO services (service_id, brand_id, owner_id, plan_id, ext_place_id, ext_source, title, address, lat, lng, verification_level) VALUES ('STB_2056', 'brand_starbucks', '01ARZ3NDEKTSV4RRFFQ69G5FAV', 'free', 'STB_OFFICIAL_2056', 'starbucks_official', 'スターバックス コーヒー ASTY岐阜店', '岐阜県 岐阜市 橋本町1-10-1 ASTY岐阜3F', 35.4095519905, 136.757722391, 1);
INSERT OR REPLACE INTO service_category_rel (service_id, category_id) VALUES ('STB_2056', 'cat_cafe');
INSERT OR REPLACE INTO service_cafe_details (service_id, has_wifi) VALUES ('STB_2056', 1);
INSERT OR REPLACE INTO services (service_id, brand_id, owner_id, plan_id, ext_place_id, ext_source, title, address, lat, lng, verification_level) VALUES ('STB_2100', 'brand_starbucks', '01ARZ3NDEKTSV4RRFFQ69G5FAV', 'free', 'STB_OFFICIAL_2100', 'starbucks_official', 'スターバックス コーヒー 草叢BOOKS 各務原店', '岐阜県 各務原市 鵜沼各務原町8-7 アピタ各務原', 35.3980407867, 136.904567392, 1);
INSERT OR REPLACE INTO service_category_rel (service_id, category_id) VALUES ('STB_2100', 'cat_cafe');
INSERT OR REPLACE INTO service_cafe_details (service_id, has_wifi) VALUES ('STB_2100', 0);
INSERT OR REPLACE INTO services (service_id, brand_id, owner_id, plan_id, ext_place_id, ext_source, title, address, lat, lng, verification_level) VALUES ('STB_2263', 'brand_starbucks', '01ARZ3NDEKTSV4RRFFQ69G5FAV', 'free', 'STB_OFFICIAL_2263', 'starbucks_official', 'スターバックス コーヒー TSUTAYA BOOKSTORE モレラ岐阜店', '岐阜県 本巣市 三橋1100 モレラ岐阜2階', 35.4568171157, 136.672654779, 1);
INSERT OR REPLACE INTO service_category_rel (service_id, category_id) VALUES ('STB_2263', 'cat_cafe');
INSERT OR REPLACE INTO service_cafe_details (service_id, has_wifi) VALUES ('STB_2263', 1);
INSERT OR REPLACE INTO services (service_id, brand_id, owner_id, plan_id, ext_place_id, ext_source, title, address, lat, lng, verification_level) VALUES ('STB_4063', 'brand_starbucks', '01ARZ3NDEKTSV4RRFFQ69G5FAV', 'free', 'STB_OFFICIAL_4063', 'starbucks_official', 'スターバックス コーヒー TSUTAYA BOOKSTORE カラフルタウン岐阜店', '岐阜県 岐阜市 柳津町丸野3-3-6 カラフルタウン岐阜1階', 35.3646129312, 136.72722727, 1);
INSERT OR REPLACE INTO service_category_rel (service_id, category_id) VALUES ('STB_4063', 'cat_cafe');
INSERT OR REPLACE INTO service_cafe_details (service_id, has_wifi) VALUES ('STB_4063', 1);
INSERT OR REPLACE INTO services (service_id, brand_id, owner_id, plan_id, ext_place_id, ext_source, title, address, lat, lng, verification_level) VALUES ('STB_4087', 'brand_starbucks', '01ARZ3NDEKTSV4RRFFQ69G5FAV', 'free', 'STB_OFFICIAL_4087', 'starbucks_official', 'スターバックス コーヒー ルビットタウン中津川店', '岐阜県 中津川市 淀川町3-8 ルビットタウン中津川', 35.4971812718, 137.507616078, 1);
INSERT OR REPLACE INTO service_category_rel (service_id, category_id) VALUES ('STB_4087', 'cat_cafe');
INSERT OR REPLACE INTO service_cafe_details (service_id, has_wifi) VALUES ('STB_4087', 1);
INSERT OR REPLACE INTO services (service_id, brand_id, owner_id, plan_id, ext_place_id, ext_source, title, address, lat, lng, verification_level) VALUES ('STB_4132', 'brand_starbucks', '01ARZ3NDEKTSV4RRFFQ69G5FAV', 'free', 'STB_OFFICIAL_4132', 'starbucks_official', 'スターバックス コーヒー イオンモール土岐店', '岐阜県 土岐市 土岐津町土岐口1372-1 イオンモール土岐', 35.3470731031, 137.154457319, 1);
INSERT OR REPLACE INTO service_category_rel (service_id, category_id) VALUES ('STB_4132', 'cat_cafe');
INSERT OR REPLACE INTO service_cafe_details (service_id, has_wifi) VALUES ('STB_4132', 1);
INSERT OR REPLACE INTO services (service_id, brand_id, owner_id, plan_id, ext_place_id, ext_source, title, address, lat, lng, verification_level) VALUES ('STB_4140', 'brand_starbucks', '01ARZ3NDEKTSV4RRFFQ69G5FAV', 'free', 'STB_OFFICIAL_4140', 'starbucks_official', 'スターバックス コーヒー 大垣島里店', '岐阜県 大垣市 島里2-92', 35.3244064628, 136.619597782, 1);
INSERT OR REPLACE INTO service_category_rel (service_id, category_id) VALUES ('STB_4140', 'cat_cafe');
INSERT OR REPLACE INTO service_cafe_details (service_id, has_wifi) VALUES ('STB_4140', 1);
INSERT OR REPLACE INTO services (service_id, brand_id, owner_id, plan_id, ext_place_id, ext_source, title, address, lat, lng, verification_level) VALUES ('STB_4220', 'brand_starbucks', '01ARZ3NDEKTSV4RRFFQ69G5FAV', 'free', 'STB_OFFICIAL_4220', 'starbucks_official', 'スターバックス コーヒー 関倉知店', '岐阜県 関市 倉知627', 35.4794947617, 136.899394349, 1);
INSERT OR REPLACE INTO service_category_rel (service_id, category_id) VALUES ('STB_4220', 'cat_cafe');
INSERT OR REPLACE INTO service_cafe_details (service_id, has_wifi) VALUES ('STB_4220', 1);
INSERT OR REPLACE INTO services (service_id, brand_id, owner_id, plan_id, ext_place_id, ext_source, title, address, lat, lng, verification_level) VALUES ('STB_4282', 'brand_starbucks', '01ARZ3NDEKTSV4RRFFQ69G5FAV', 'free', 'STB_OFFICIAL_4282', 'starbucks_official', 'スターバックス コーヒー 岐阜菅生店', '岐阜県 岐阜市 菅生6-7-16', 35.4258278195, 136.729917006, 1);
INSERT OR REPLACE INTO service_category_rel (service_id, category_id) VALUES ('STB_4282', 'cat_cafe');
INSERT OR REPLACE INTO service_cafe_details (service_id, has_wifi) VALUES ('STB_4282', 1);
INSERT OR REPLACE INTO services (service_id, brand_id, owner_id, plan_id, ext_place_id, ext_source, title, address, lat, lng, verification_level) VALUES ('STB_172', 'brand_starbucks', '01ARZ3NDEKTSV4RRFFQ69G5FAV', 'free', 'STB_OFFICIAL_172', 'starbucks_official', 'スターバックス コーヒー ザザシティ浜松店', '静岡県 浜松市中央区 鍛冶町15 ザザシティ浜松 西館', 34.7051212553, 137.729482179, 1);
INSERT OR REPLACE INTO service_category_rel (service_id, category_id) VALUES ('STB_172', 'cat_cafe');
INSERT OR REPLACE INTO service_cafe_details (service_id, has_wifi) VALUES ('STB_172', 1);
INSERT OR REPLACE INTO services (service_id, brand_id, owner_id, plan_id, ext_place_id, ext_source, title, address, lat, lng, verification_level) VALUES ('STB_567', 'brand_starbucks', '01ARZ3NDEKTSV4RRFFQ69G5FAV', 'free', 'STB_OFFICIAL_567', 'starbucks_official', 'スターバックス コーヒー イオンモール浜松志都呂店', '静岡県 浜松市中央区 志都呂2-37-1', 34.6964916628, 137.652259268, 1);
INSERT OR REPLACE INTO service_category_rel (service_id, category_id) VALUES ('STB_567', 'cat_cafe');
INSERT OR REPLACE INTO service_cafe_details (service_id, has_wifi) VALUES ('STB_567', 1);
INSERT OR REPLACE INTO services (service_id, brand_id, owner_id, plan_id, ext_place_id, ext_source, title, address, lat, lng, verification_level) VALUES ('STB_620', 'brand_starbucks', '01ARZ3NDEKTSV4RRFFQ69G5FAV', 'free', 'STB_OFFICIAL_620', 'starbucks_official', 'スターバックス コーヒー イオンモール浜松市野1階店', '静岡県 浜松市中央区 天王町諏訪1981-3 イオンモール浜松市野1階', 34.740295305, 137.763245533, 1);
INSERT OR REPLACE INTO service_category_rel (service_id, category_id) VALUES ('STB_620', 'cat_cafe');
INSERT OR REPLACE INTO service_cafe_details (service_id, has_wifi) VALUES ('STB_620', 1);
INSERT OR REPLACE INTO services (service_id, brand_id, owner_id, plan_id, ext_place_id, ext_source, title, address, lat, lng, verification_level) VALUES ('STB_642', 'brand_starbucks', '01ARZ3NDEKTSV4RRFFQ69G5FAV', 'free', 'STB_OFFICIAL_642', 'starbucks_official', 'スターバックス コーヒー イオンセントラルスクエア静岡店', '静岡県 静岡市駿河区 石田1-5-1 イオンセントラルスクエア静岡', 34.9594769023, 138.401705751, 1);
INSERT OR REPLACE INTO service_category_rel (service_id, category_id) VALUES ('STB_642', 'cat_cafe');
INSERT OR REPLACE INTO service_cafe_details (service_id, has_wifi) VALUES ('STB_642', 1);
INSERT OR REPLACE INTO services (service_id, brand_id, owner_id, plan_id, ext_place_id, ext_source, title, address, lat, lng, verification_level) VALUES ('STB_731', 'brand_starbucks', '01ARZ3NDEKTSV4RRFFQ69G5FAV', 'free', 'STB_OFFICIAL_731', 'starbucks_official', 'スターバックス コーヒー 浜名湖サービスエリア店', '静岡県 浜松市浜名区 三ケ日町佐久米61-2 東名高速道路 浜名湖サービスエリア内', 34.7815384589, 137.607955142, 1);
INSERT OR REPLACE INTO service_category_rel (service_id, category_id) VALUES ('STB_731', 'cat_cafe');
INSERT OR REPLACE INTO service_cafe_details (service_id, has_wifi) VALUES ('STB_731', 1);
INSERT OR REPLACE INTO services (service_id, brand_id, owner_id, plan_id, ext_place_id, ext_source, title, address, lat, lng, verification_level) VALUES ('STB_733', 'brand_starbucks', '01ARZ3NDEKTSV4RRFFQ69G5FAV', 'free', 'STB_OFFICIAL_733', 'starbucks_official', 'スターバックス コーヒー 富士川サービスエリア（下り線）店', '静岡県 富士市 岩淵1348-3 東名高速道路 富士川サービスエリア（下り線）', 35.1591557492, 138.620158969, 1);
INSERT OR REPLACE INTO service_category_rel (service_id, category_id) VALUES ('STB_733', 'cat_cafe');
INSERT OR REPLACE INTO service_cafe_details (service_id, has_wifi) VALUES ('STB_733', 1);
INSERT OR REPLACE INTO services (service_id, brand_id, owner_id, plan_id, ext_place_id, ext_source, title, address, lat, lng, verification_level) VALUES ('STB_810', 'brand_starbucks', '01ARZ3NDEKTSV4RRFFQ69G5FAV', 'free', 'STB_OFFICIAL_810', 'starbucks_official', 'スターバックス コーヒー イオンタウン富士南店', '静岡県 富士市 鮫島118-10 イオンタウン富士南', 35.1405742536, 138.67519331, 1);
INSERT OR REPLACE INTO service_category_rel (service_id, category_id) VALUES ('STB_810', 'cat_cafe');
INSERT OR REPLACE INTO service_cafe_details (service_id, has_wifi) VALUES ('STB_810', 1);
INSERT OR REPLACE INTO services (service_id, brand_id, owner_id, plan_id, ext_place_id, ext_source, title, address, lat, lng, verification_level) VALUES ('STB_923', 'brand_starbucks', '01ARZ3NDEKTSV4RRFFQ69G5FAV', 'free', 'STB_OFFICIAL_923', 'starbucks_official', 'スターバックス コーヒー ららぽーと磐田店', '静岡県 磐田市 高見丘1200 ららぽーと磐田', 34.7499522959, 137.840938081, 1);
INSERT OR REPLACE INTO service_category_rel (service_id, category_id) VALUES ('STB_923', 'cat_cafe');
INSERT OR REPLACE INTO service_cafe_details (service_id, has_wifi) VALUES ('STB_923', 1);
INSERT OR REPLACE INTO services (service_id, brand_id, owner_id, plan_id, ext_place_id, ext_source, title, address, lat, lng, verification_level) VALUES ('STB_954', 'brand_starbucks', '01ARZ3NDEKTSV4RRFFQ69G5FAV', 'free', 'STB_OFFICIAL_954', 'starbucks_official', 'スターバックス コーヒー EXPASA足柄サービスエリア（下り線）店', '静岡県 駿東郡 小山町桑木599 東名高速道路 EXPASA足柄（下り線）', 35.3135158589, 138.967352472, 1);
INSERT OR REPLACE INTO service_category_rel (service_id, category_id) VALUES ('STB_954', 'cat_cafe');
INSERT OR REPLACE INTO service_cafe_details (service_id, has_wifi) VALUES ('STB_954', 1);
INSERT OR REPLACE INTO services (service_id, brand_id, owner_id, plan_id, ext_place_id, ext_source, title, address, lat, lng, verification_level) VALUES ('STB_955', 'brand_starbucks', '01ARZ3NDEKTSV4RRFFQ69G5FAV', 'free', 'STB_OFFICIAL_955', 'starbucks_official', 'スターバックス コーヒー EXPASA足柄サービスエリア（上り線）店', '静岡県 御殿場市 深沢1801-1 東名高速道路 EXPASA足柄（上り線）', 35.3142993104, 138.963016685, 1);
INSERT OR REPLACE INTO service_category_rel (service_id, category_id) VALUES ('STB_955', 'cat_cafe');
INSERT OR REPLACE INTO service_cafe_details (service_id, has_wifi) VALUES ('STB_955', 1);
INSERT OR REPLACE INTO services (service_id, brand_id, owner_id, plan_id, ext_place_id, ext_source, title, address, lat, lng, verification_level) VALUES ('STB_959', 'brand_starbucks', '01ARZ3NDEKTSV4RRFFQ69G5FAV', 'free', 'STB_OFFICIAL_959', 'starbucks_official', 'スターバックス コーヒー イオンモール富士宮店', '静岡県 富士宮市 浅間町1-8  イオンモール富士宮', 35.2209634271, 138.611250474, 1);
INSERT OR REPLACE INTO service_category_rel (service_id, category_id) VALUES ('STB_959', 'cat_cafe');
INSERT OR REPLACE INTO service_cafe_details (service_id, has_wifi) VALUES ('STB_959', 1);
INSERT OR REPLACE INTO services (service_id, brand_id, owner_id, plan_id, ext_place_id, ext_source, title, address, lat, lng, verification_level) VALUES ('STB_1116', 'brand_starbucks', '01ARZ3NDEKTSV4RRFFQ69G5FAV', 'free', 'STB_OFFICIAL_1116', 'starbucks_official', 'スターバックス コーヒー MARK IS 静岡店', '静岡県 静岡市葵区 柚木1026 MARK IS 静岡', 34.9844324197, 138.409208701, 1);
INSERT OR REPLACE INTO service_category_rel (service_id, category_id) VALUES ('STB_1116', 'cat_cafe');
INSERT OR REPLACE INTO service_cafe_details (service_id, has_wifi) VALUES ('STB_1116', 1);
INSERT OR REPLACE INTO services (service_id, brand_id, owner_id, plan_id, ext_place_id, ext_source, title, address, lat, lng, verification_level) VALUES ('STB_1133', 'brand_starbucks', '01ARZ3NDEKTSV4RRFFQ69G5FAV', 'free', 'STB_OFFICIAL_1133', 'starbucks_official', 'スターバックス コーヒー 浜松新津町店', '静岡県 浜松市中央区 新津町682-1', 34.7201173272, 137.739552319, 1);
INSERT OR REPLACE INTO service_category_rel (service_id, category_id) VALUES ('STB_1133', 'cat_cafe');
INSERT OR REPLACE INTO service_cafe_details (service_id, has_wifi) VALUES ('STB_1133', 1);
INSERT OR REPLACE INTO services (service_id, brand_id, owner_id, plan_id, ext_place_id, ext_source, title, address, lat, lng, verification_level) VALUES ('STB_1249', 'brand_starbucks', '01ARZ3NDEKTSV4RRFFQ69G5FAV', 'free', 'STB_OFFICIAL_1249', 'starbucks_official', 'スターバックス コーヒー 藤枝蓮華寺池公園店', '静岡県 藤枝市 本町1-2', 34.8741421451, 138.25881988, 1);
INSERT OR REPLACE INTO service_category_rel (service_id, category_id) VALUES ('STB_1249', 'cat_cafe');
INSERT OR REPLACE INTO service_cafe_details (service_id, has_wifi) VALUES ('STB_1249', 1);
INSERT OR REPLACE INTO services (service_id, brand_id, owner_id, plan_id, ext_place_id, ext_source, title, address, lat, lng, verification_level) VALUES ('STB_1303', 'brand_starbucks', '01ARZ3NDEKTSV4RRFFQ69G5FAV', 'free', 'STB_OFFICIAL_1303', 'starbucks_official', 'スターバックス コーヒー プレ葉ウォーク浜北店', '静岡県 浜松市浜名区 貴布祢1200', 34.7990954016, 137.778976242, 1);
INSERT OR REPLACE INTO service_category_rel (service_id, category_id) VALUES ('STB_1303', 'cat_cafe');
INSERT OR REPLACE INTO service_cafe_details (service_id, has_wifi) VALUES ('STB_1303', 1);
INSERT OR REPLACE INTO services (service_id, brand_id, owner_id, plan_id, ext_place_id, ext_source, title, address, lat, lng, verification_level) VALUES ('STB_1304', 'brand_starbucks', '01ARZ3NDEKTSV4RRFFQ69G5FAV', 'free', 'STB_OFFICIAL_1304', 'starbucks_official', 'スターバックス コーヒー 浜松佐鳴台店', '静岡県 浜松市中央区 佐鳴台3-52-34', 34.7096921442, 137.697039941, 1);
INSERT OR REPLACE INTO service_category_rel (service_id, category_id) VALUES ('STB_1304', 'cat_cafe');
INSERT OR REPLACE INTO service_cafe_details (service_id, has_wifi) VALUES ('STB_1304', 1);
INSERT OR REPLACE INTO services (service_id, brand_id, owner_id, plan_id, ext_place_id, ext_source, title, address, lat, lng, verification_level) VALUES ('STB_1396', 'brand_starbucks', '01ARZ3NDEKTSV4RRFFQ69G5FAV', 'free', 'STB_OFFICIAL_1396', 'starbucks_official', 'スターバックス コーヒー TSUTAYA BOOKSTORE 静岡店', '静岡県 静岡市葵区 呉服町1-20', 34.9755939779, 138.380685087, 1);
INSERT OR REPLACE INTO service_category_rel (service_id, category_id) VALUES ('STB_1396', 'cat_cafe');
INSERT OR REPLACE INTO service_cafe_details (service_id, has_wifi) VALUES ('STB_1396', 1);
INSERT OR REPLACE INTO services (service_id, brand_id, owner_id, plan_id, ext_place_id, ext_source, title, address, lat, lng, verification_level) VALUES ('STB_1397', 'brand_starbucks', '01ARZ3NDEKTSV4RRFFQ69G5FAV', 'free', 'STB_OFFICIAL_1397', 'starbucks_official', 'スターバックス コーヒー 三島玉川店', '静岡県 三島市 玉川247-1', 35.1094959152, 138.913972688, 1);
INSERT OR REPLACE INTO service_category_rel (service_id, category_id) VALUES ('STB_1397', 'cat_cafe');
INSERT OR REPLACE INTO service_cafe_details (service_id, has_wifi) VALUES ('STB_1397', 1);
INSERT OR REPLACE INTO services (service_id, brand_id, owner_id, plan_id, ext_place_id, ext_source, title, address, lat, lng, verification_level) VALUES ('STB_1403', 'brand_starbucks', '01ARZ3NDEKTSV4RRFFQ69G5FAV', 'free', 'STB_OFFICIAL_1403', 'starbucks_official', 'スターバックス コーヒー 富士高島店', '静岡県 富士市 高島町68', 35.1580076339, 138.673319885, 1);
INSERT OR REPLACE INTO service_category_rel (service_id, category_id) VALUES ('STB_1403', 'cat_cafe');
INSERT OR REPLACE INTO service_cafe_details (service_id, has_wifi) VALUES ('STB_1403', 1);
INSERT OR REPLACE INTO services (service_id, brand_id, owner_id, plan_id, ext_place_id, ext_source, title, address, lat, lng, verification_level) VALUES ('STB_1409', 'brand_starbucks', '01ARZ3NDEKTSV4RRFFQ69G5FAV', 'free', 'STB_OFFICIAL_1409', 'starbucks_official', 'スターバックス コーヒー 浜松半田山店', '静岡県 浜松市中央区 半田山4-4-25', 34.7729095344, 137.743907304, 1);
INSERT OR REPLACE INTO service_category_rel (service_id, category_id) VALUES ('STB_1409', 'cat_cafe');
INSERT OR REPLACE INTO service_cafe_details (service_id, has_wifi) VALUES ('STB_1409', 1);
INSERT OR REPLACE INTO services (service_id, brand_id, owner_id, plan_id, ext_place_id, ext_source, title, address, lat, lng, verification_level) VALUES ('STB_1524', 'brand_starbucks', '01ARZ3NDEKTSV4RRFFQ69G5FAV', 'free', 'STB_OFFICIAL_1524', 'starbucks_official', 'スターバックス コーヒー 磐田見付店', '静岡県 磐田市 見付6039-2', 34.7361274166, 137.858611139, 1);
INSERT OR REPLACE INTO service_category_rel (service_id, category_id) VALUES ('STB_1524', 'cat_cafe');
INSERT OR REPLACE INTO service_cafe_details (service_id, has_wifi) VALUES ('STB_1524', 1);
INSERT OR REPLACE INTO services (service_id, brand_id, owner_id, plan_id, ext_place_id, ext_source, title, address, lat, lng, verification_level) VALUES ('STB_1565', 'brand_starbucks', '01ARZ3NDEKTSV4RRFFQ69G5FAV', 'free', 'STB_OFFICIAL_1565', 'starbucks_official', 'スターバックス コーヒー 浜松城公園店', '静岡県 浜松市中央区 元城町100-2', 34.7132225521, 137.726112364, 1);
INSERT OR REPLACE INTO service_category_rel (service_id, category_id) VALUES ('STB_1565', 'cat_cafe');
INSERT OR REPLACE INTO service_cafe_details (service_id, has_wifi) VALUES ('STB_1565', 1);
INSERT OR REPLACE INTO services (service_id, brand_id, owner_id, plan_id, ext_place_id, ext_source, title, address, lat, lng, verification_level) VALUES ('STB_1593', 'brand_starbucks', '01ARZ3NDEKTSV4RRFFQ69G5FAV', 'free', 'STB_OFFICIAL_1593', 'starbucks_official', 'スターバックス コーヒー 静岡中原店', '静岡県 静岡市駿河区 中原430-1', 34.9580804229, 138.387971955, 1);
INSERT OR REPLACE INTO service_category_rel (service_id, category_id) VALUES ('STB_1593', 'cat_cafe');
INSERT OR REPLACE INTO service_cafe_details (service_id, has_wifi) VALUES ('STB_1593', 1);
INSERT OR REPLACE INTO services (service_id, brand_id, owner_id, plan_id, ext_place_id, ext_source, title, address, lat, lng, verification_level) VALUES ('STB_1624', 'brand_starbucks', '01ARZ3NDEKTSV4RRFFQ69G5FAV', 'free', 'STB_OFFICIAL_1624', 'starbucks_official', 'スターバックス コーヒー 藤枝高柳店', '静岡県 藤枝市 高柳1-8-42', 34.8500962031, 138.26438247, 1);
INSERT OR REPLACE INTO service_category_rel (service_id, category_id) VALUES ('STB_1624', 'cat_cafe');
INSERT OR REPLACE INTO service_cafe_details (service_id, has_wifi) VALUES ('STB_1624', 1);
INSERT OR REPLACE INTO services (service_id, brand_id, owner_id, plan_id, ext_place_id, ext_source, title, address, lat, lng, verification_level) VALUES ('STB_1637', 'brand_starbucks', '01ARZ3NDEKTSV4RRFFQ69G5FAV', 'free', 'STB_OFFICIAL_1637', 'starbucks_official', 'スターバックス コーヒー 静岡草薙店', '静岡県 静岡市駿河区 中吉田43-27', 34.9965963346, 138.437474682, 1);
INSERT OR REPLACE INTO service_category_rel (service_id, category_id) VALUES ('STB_1637', 'cat_cafe');
INSERT OR REPLACE INTO service_cafe_details (service_id, has_wifi) VALUES ('STB_1637', 1);
INSERT OR REPLACE INTO services (service_id, brand_id, owner_id, plan_id, ext_place_id, ext_source, title, address, lat, lng, verification_level) VALUES ('STB_1691', 'brand_starbucks', '01ARZ3NDEKTSV4RRFFQ69G5FAV', 'free', 'STB_OFFICIAL_1691', 'starbucks_official', 'スターバックス コーヒー ららぽーと沼津店', '静岡県 沼津市 東椎路東荒301-3 ららぽーと沼津', 35.1186386519, 138.84038199, 1);
INSERT OR REPLACE INTO service_category_rel (service_id, category_id) VALUES ('STB_1691', 'cat_cafe');
INSERT OR REPLACE INTO service_cafe_details (service_id, has_wifi) VALUES ('STB_1691', 1);
INSERT OR REPLACE INTO services (service_id, brand_id, owner_id, plan_id, ext_place_id, ext_source, title, address, lat, lng, verification_level) VALUES ('STB_1751', 'brand_starbucks', '01ARZ3NDEKTSV4RRFFQ69G5FAV', 'free', 'STB_OFFICIAL_1751', 'starbucks_official', 'スターバックス コーヒー 御殿場萩原店', '静岡県 御殿場市 萩原226-1', 35.3114296131, 138.930963645, 1);
INSERT OR REPLACE INTO service_category_rel (service_id, category_id) VALUES ('STB_1751', 'cat_cafe');
INSERT OR REPLACE INTO service_cafe_details (service_id, has_wifi) VALUES ('STB_1751', 1);
INSERT OR REPLACE INTO services (service_id, brand_id, owner_id, plan_id, ext_place_id, ext_source, title, address, lat, lng, verification_level) VALUES ('STB_1765', 'brand_starbucks', '01ARZ3NDEKTSV4RRFFQ69G5FAV', 'free', 'STB_OFFICIAL_1765', 'starbucks_official', 'スターバックス コーヒー 沼津花園店', '静岡県 沼津市 花園町10-15', 35.1211597226, 138.869411963, 1);
INSERT OR REPLACE INTO service_category_rel (service_id, category_id) VALUES ('STB_1765', 'cat_cafe');
INSERT OR REPLACE INTO service_cafe_details (service_id, has_wifi) VALUES ('STB_1765', 1);
INSERT OR REPLACE INTO services (service_id, brand_id, owner_id, plan_id, ext_place_id, ext_source, title, address, lat, lng, verification_level) VALUES ('STB_1779', 'brand_starbucks', '01ARZ3NDEKTSV4RRFFQ69G5FAV', 'free', 'STB_OFFICIAL_1779', 'starbucks_official', 'スターバックス コーヒー 焼津八楠店', '静岡県 焼津市 八楠2-1-1', 34.8777871287, 138.312007517, 1);
INSERT OR REPLACE INTO service_category_rel (service_id, category_id) VALUES ('STB_1779', 'cat_cafe');
INSERT OR REPLACE INTO service_cafe_details (service_id, has_wifi) VALUES ('STB_1779', 1);
INSERT OR REPLACE INTO services (service_id, brand_id, owner_id, plan_id, ext_place_id, ext_source, title, address, lat, lng, verification_level) VALUES ('STB_1863', 'brand_starbucks', '01ARZ3NDEKTSV4RRFFQ69G5FAV', 'free', 'STB_OFFICIAL_1863', 'starbucks_official', 'スターバックス コーヒー ノブレスパルク袋井店', '静岡県 袋井市 高尾3000', 34.7391932608, 137.925712091, 1);
INSERT OR REPLACE INTO service_category_rel (service_id, category_id) VALUES ('STB_1863', 'cat_cafe');
INSERT OR REPLACE INTO service_cafe_details (service_id, has_wifi) VALUES ('STB_1863', 1);
INSERT OR REPLACE INTO services (service_id, brand_id, owner_id, plan_id, ext_place_id, ext_source, title, address, lat, lng, verification_level) VALUES ('STB_1867', 'brand_starbucks', '01ARZ3NDEKTSV4RRFFQ69G5FAV', 'free', 'STB_OFFICIAL_1867', 'starbucks_official', 'スターバックス コーヒー 御殿場プレミアム・アウトレット店', '静岡県 御殿場市 深沢1312 御殿場プレミアム・アウトレット EAST ZONE 2920区', 35.3068993097, 138.965370163, 1);
INSERT OR REPLACE INTO service_category_rel (service_id, category_id) VALUES ('STB_1867', 'cat_cafe');
INSERT OR REPLACE INTO service_cafe_details (service_id, has_wifi) VALUES ('STB_1867', 1);
INSERT OR REPLACE INTO services (service_id, brand_id, owner_id, plan_id, ext_place_id, ext_source, title, address, lat, lng, verification_level) VALUES ('STB_2010', 'brand_starbucks', '01ARZ3NDEKTSV4RRFFQ69G5FAV', 'free', 'STB_OFFICIAL_2010', 'starbucks_official', 'スターバックス コーヒー 静岡駅 新幹線ラチ内店', '静岡県 静岡市葵区 黒金町47 ASTY静岡', 34.9715748345, 138.389208176, 1);
INSERT OR REPLACE INTO service_category_rel (service_id, category_id) VALUES ('STB_2010', 'cat_cafe');
INSERT OR REPLACE INTO service_cafe_details (service_id, has_wifi) VALUES ('STB_2010', 1);
INSERT OR REPLACE INTO services (service_id, brand_id, owner_id, plan_id, ext_place_id, ext_source, title, address, lat, lng, verification_level) VALUES ('STB_2030', 'brand_starbucks', '01ARZ3NDEKTSV4RRFFQ69G5FAV', 'free', 'STB_OFFICIAL_2030', 'starbucks_official', 'スターバックス コーヒー TSUTAYA 佐鳴台店', '静岡県 浜松市中央区 入野町621-1', 34.7006295347, 137.698886871, 1);
INSERT OR REPLACE INTO service_category_rel (service_id, category_id) VALUES ('STB_2030', 'cat_cafe');
INSERT OR REPLACE INTO service_cafe_details (service_id, has_wifi) VALUES ('STB_2030', 1);
INSERT OR REPLACE INTO services (service_id, brand_id, owner_id, plan_id, ext_place_id, ext_source, title, address, lat, lng, verification_level) VALUES ('STB_2079', 'brand_starbucks', '01ARZ3NDEKTSV4RRFFQ69G5FAV', 'free', 'STB_OFFICIAL_2079', 'starbucks_official', 'スターバックス コーヒー 浜松 メイワン エキマチウエスト店', '静岡県 浜松市中央区 砂山町6-2 EKIMACHI WEST', 34.7037078822, 137.734451832, 1);
INSERT OR REPLACE INTO service_category_rel (service_id, category_id) VALUES ('STB_2079', 'cat_cafe');
INSERT OR REPLACE INTO service_cafe_details (service_id, has_wifi) VALUES ('STB_2079', 1);
INSERT OR REPLACE INTO services (service_id, brand_id, owner_id, plan_id, ext_place_id, ext_source, title, address, lat, lng, verification_level) VALUES ('STB_2119', 'brand_starbucks', '01ARZ3NDEKTSV4RRFFQ69G5FAV', 'free', 'STB_OFFICIAL_2119', 'starbucks_official', 'スターバックス コーヒー ASTY静岡 西館店', '静岡県 静岡市葵区 黒金町47 ASTY静岡', 34.9716281575, 138.388947917, 1);
INSERT OR REPLACE INTO service_category_rel (service_id, category_id) VALUES ('STB_2119', 'cat_cafe');
INSERT OR REPLACE INTO service_cafe_details (service_id, has_wifi) VALUES ('STB_2119', 1);
INSERT OR REPLACE INTO services (service_id, brand_id, owner_id, plan_id, ext_place_id, ext_source, title, address, lat, lng, verification_level) VALUES ('STB_2237', 'brand_starbucks', '01ARZ3NDEKTSV4RRFFQ69G5FAV', 'free', 'STB_OFFICIAL_2237', 'starbucks_official', 'スターバックス コーヒー 浜松駅 新幹線ラチ内店', '静岡県 浜松市中央区 砂山町6-2 EKIMACHI WEST（浜松 メイワン エキマチウエスト店）', 34.7039848092, 137.735149816, 1);
INSERT OR REPLACE INTO service_category_rel (service_id, category_id) VALUES ('STB_2237', 'cat_cafe');
INSERT OR REPLACE INTO service_cafe_details (service_id, has_wifi) VALUES ('STB_2237', 1);
INSERT OR REPLACE INTO services (service_id, brand_id, owner_id, plan_id, ext_place_id, ext_source, title, address, lat, lng, verification_level) VALUES ('STB_2260', 'brand_starbucks', '01ARZ3NDEKTSV4RRFFQ69G5FAV', 'free', 'STB_OFFICIAL_2260', 'starbucks_official', 'スターバックス コーヒー JR三島駅 南口店', '静岡県 三島市 一番町16-1', 35.1258966172, 138.911465475, 1);
INSERT OR REPLACE INTO service_category_rel (service_id, category_id) VALUES ('STB_2260', 'cat_cafe');
INSERT OR REPLACE INTO service_cafe_details (service_id, has_wifi) VALUES ('STB_2260', 1);
INSERT OR REPLACE INTO services (service_id, brand_id, owner_id, plan_id, ext_place_id, ext_source, title, address, lat, lng, verification_level) VALUES ('STB_2320', 'brand_starbucks', '01ARZ3NDEKTSV4RRFFQ69G5FAV', 'free', 'STB_OFFICIAL_2320', 'starbucks_official', 'スターバックス コーヒー ラスカ熱海店', '静岡県 熱海市 田原本町11-1 ラスカ熱海2階', 35.1033891541, 139.077904355, 1);
INSERT OR REPLACE INTO service_category_rel (service_id, category_id) VALUES ('STB_2320', 'cat_cafe');
INSERT OR REPLACE INTO service_cafe_details (service_id, has_wifi) VALUES ('STB_2320', 1);
INSERT OR REPLACE INTO services (service_id, brand_id, owner_id, plan_id, ext_place_id, ext_source, title, address, lat, lng, verification_level) VALUES ('STB_4036', 'brand_starbucks', '01ARZ3NDEKTSV4RRFFQ69G5FAV', 'free', 'STB_OFFICIAL_4036', 'starbucks_official', 'スターバックス コーヒー 静岡南瀬名店', '静岡県 静岡市葵区 南瀬名町5-37', 35.002743445, 138.421006044, 1);
INSERT OR REPLACE INTO service_category_rel (service_id, category_id) VALUES ('STB_4036', 'cat_cafe');
INSERT OR REPLACE INTO service_cafe_details (service_id, has_wifi) VALUES ('STB_4036', 1);
INSERT OR REPLACE INTO services (service_id, brand_id, owner_id, plan_id, ext_place_id, ext_source, title, address, lat, lng, verification_level) VALUES ('STB_4056', 'brand_starbucks', '01ARZ3NDEKTSV4RRFFQ69G5FAV', 'free', 'STB_OFFICIAL_4056', 'starbucks_official', 'スターバックス コーヒー 掛川細田店', '静岡県 掛川市 細田280-1', 34.7724101402, 137.982266143, 1);
INSERT OR REPLACE INTO service_category_rel (service_id, category_id) VALUES ('STB_4056', 'cat_cafe');
INSERT OR REPLACE INTO service_cafe_details (service_id, has_wifi) VALUES ('STB_4056', 1);
INSERT OR REPLACE INTO services (service_id, brand_id, owner_id, plan_id, ext_place_id, ext_source, title, address, lat, lng, verification_level) VALUES ('STB_4090', 'brand_starbucks', '01ARZ3NDEKTSV4RRFFQ69G5FAV', 'free', 'STB_OFFICIAL_4090', 'starbucks_official', 'スターバックス コーヒー アクロスプラザ富士宮店', '静岡県 富士宮市 弓沢町499 アクロスプラザ富士宮', 35.2180600766, 138.624298969, 1);
INSERT OR REPLACE INTO service_category_rel (service_id, category_id) VALUES ('STB_4090', 'cat_cafe');
INSERT OR REPLACE INTO service_cafe_details (service_id, has_wifi) VALUES ('STB_4090', 1);
INSERT OR REPLACE INTO services (service_id, brand_id, owner_id, plan_id, ext_place_id, ext_source, title, address, lat, lng, verification_level) VALUES ('STB_4139', 'brand_starbucks', '01ARZ3NDEKTSV4RRFFQ69G5FAV', 'free', 'STB_OFFICIAL_4139', 'starbucks_official', 'スターバックス コーヒー 富士入山瀬店', '静岡県 富士市 入山瀬503-3', 35.1957709148, 138.647117267, 1);
INSERT OR REPLACE INTO service_category_rel (service_id, category_id) VALUES ('STB_4139', 'cat_cafe');
INSERT OR REPLACE INTO service_cafe_details (service_id, has_wifi) VALUES ('STB_4139', 1);
INSERT OR REPLACE INTO services (service_id, brand_id, owner_id, plan_id, ext_place_id, ext_source, title, address, lat, lng, verification_level) VALUES ('STB_4205', 'brand_starbucks', '01ARZ3NDEKTSV4RRFFQ69G5FAV', 'free', 'STB_OFFICIAL_4205', 'starbucks_official', 'スターバックス コーヒー エスパルスドリームプラザ店', '静岡県 静岡市清水区 入船町13-15 エスパルスドリームプラザ パークサイド2階', 35.0093140117, 138.49368915, 1);
INSERT OR REPLACE INTO service_category_rel (service_id, category_id) VALUES ('STB_4205', 'cat_cafe');
INSERT OR REPLACE INTO service_cafe_details (service_id, has_wifi) VALUES ('STB_4205', 1);
INSERT OR REPLACE INTO services (service_id, brand_id, owner_id, plan_id, ext_place_id, ext_source, title, address, lat, lng, verification_level) VALUES ('STB_4226', 'brand_starbucks', '01ARZ3NDEKTSV4RRFFQ69G5FAV', 'free', 'STB_OFFICIAL_4226', 'starbucks_official', 'スターバックス コーヒー 三島安久店', '静岡県 三島市 安久144-3', 35.0881981895, 138.929658755, 1);
INSERT OR REPLACE INTO service_category_rel (service_id, category_id) VALUES ('STB_4226', 'cat_cafe');
INSERT OR REPLACE INTO service_cafe_details (service_id, has_wifi) VALUES ('STB_4226', 1);
INSERT OR REPLACE INTO services (service_id, brand_id, owner_id, plan_id, ext_place_id, ext_source, title, address, lat, lng, verification_level) VALUES ('STB_4251', 'brand_starbucks', '01ARZ3NDEKTSV4RRFFQ69G5FAV', 'free', 'STB_OFFICIAL_4251', 'starbucks_official', 'スターバックス コーヒー 掛川大池店', '静岡県 掛川市 大池3028-1', 34.7726064317, 137.993799065, 1);
INSERT OR REPLACE INTO service_category_rel (service_id, category_id) VALUES ('STB_4251', 'cat_cafe');
INSERT OR REPLACE INTO service_cafe_details (service_id, has_wifi) VALUES ('STB_4251', 1);
INSERT OR REPLACE INTO services (service_id, brand_id, owner_id, plan_id, ext_place_id, ext_source, title, address, lat, lng, verification_level) VALUES ('STB_4277', 'brand_starbucks', '01ARZ3NDEKTSV4RRFFQ69G5FAV', 'free', 'STB_OFFICIAL_4277', 'starbucks_official', 'スターバックス コーヒー 焼津祢宜島店', '静岡県 焼津市 東祢宜島5-27', 34.8396403608, 138.311164621, 1);
INSERT OR REPLACE INTO service_category_rel (service_id, category_id) VALUES ('STB_4277', 'cat_cafe');
INSERT OR REPLACE INTO service_cafe_details (service_id, has_wifi) VALUES ('STB_4277', 1);
INSERT OR REPLACE INTO services (service_id, brand_id, owner_id, plan_id, ext_place_id, ext_source, title, address, lat, lng, verification_level) VALUES ('STB_4281', 'brand_starbucks', '01ARZ3NDEKTSV4RRFFQ69G5FAV', 'free', 'STB_OFFICIAL_4281', 'starbucks_official', 'スターバックス コーヒー 浜松葵東店', '静岡県 浜松市中央区 葵東2-24-51', 34.7576582755, 137.721570695, 1);
INSERT OR REPLACE INTO service_category_rel (service_id, category_id) VALUES ('STB_4281', 'cat_cafe');
INSERT OR REPLACE INTO service_cafe_details (service_id, has_wifi) VALUES ('STB_4281', 1);
INSERT OR REPLACE INTO services (service_id, brand_id, owner_id, plan_id, ext_place_id, ext_source, title, address, lat, lng, verification_level) VALUES ('STB_4292', 'brand_starbucks', '01ARZ3NDEKTSV4RRFFQ69G5FAV', 'free', 'STB_OFFICIAL_4292', 'starbucks_official', 'スターバックス コーヒー そよら浜松西伊場店', '静岡県 浜松市中央区 西伊場町78-1 そよら浜松西伊場', 34.6985926307, 137.704637043, 1);
INSERT OR REPLACE INTO service_category_rel (service_id, category_id) VALUES ('STB_4292', 'cat_cafe');
INSERT OR REPLACE INTO service_cafe_details (service_id, has_wifi) VALUES ('STB_4292', 1);
INSERT OR REPLACE INTO services (service_id, brand_id, owner_id, plan_id, ext_place_id, ext_source, title, address, lat, lng, verification_level) VALUES ('STB_4299', 'brand_starbucks', '01ARZ3NDEKTSV4RRFFQ69G5FAV', 'free', 'STB_OFFICIAL_4299', 'starbucks_official', 'スターバックス コーヒー 島田中河町店', '静岡県 島田市 中河町8966-5', 34.8372591816, 138.181364122, 1);
INSERT OR REPLACE INTO service_category_rel (service_id, category_id) VALUES ('STB_4299', 'cat_cafe');
INSERT OR REPLACE INTO service_cafe_details (service_id, has_wifi) VALUES ('STB_4299', 1);
INSERT OR REPLACE INTO services (service_id, brand_id, owner_id, plan_id, ext_place_id, ext_source, title, address, lat, lng, verification_level) VALUES ('STB_4378', 'brand_starbucks', '01ARZ3NDEKTSV4RRFFQ69G5FAV', 'free', 'STB_OFFICIAL_4378', 'starbucks_official', 'スターバックス コーヒー 裾野伊豆島田店', '静岡県 裾野市 伊豆島田830-2', 35.1502569439, 138.904411605, 1);
INSERT OR REPLACE INTO service_category_rel (service_id, category_id) VALUES ('STB_4378', 'cat_cafe');
INSERT OR REPLACE INTO service_cafe_details (service_id, has_wifi) VALUES ('STB_4378', 1);
INSERT OR REPLACE INTO services (service_id, brand_id, owner_id, plan_id, ext_place_id, ext_source, title, address, lat, lng, verification_level) VALUES ('STB_4442', 'brand_starbucks', '01ARZ3NDEKTSV4RRFFQ69G5FAV', 'free', 'STB_OFFICIAL_4442', 'starbucks_official', 'スターバックス コーヒー イオンモール浜松市野2階店', '静岡県 浜松市中央区 天王町諏訪1981-3 イオンモール浜松市野2階', 34.7386538122, 137.763144506, 1);
INSERT OR REPLACE INTO service_category_rel (service_id, category_id) VALUES ('STB_4442', 'cat_cafe');
INSERT OR REPLACE INTO service_cafe_details (service_id, has_wifi) VALUES ('STB_4442', 1);
INSERT OR REPLACE INTO services (service_id, brand_id, owner_id, plan_id, ext_place_id, ext_source, title, address, lat, lng, verification_level) VALUES ('STB_4472', 'brand_starbucks', '01ARZ3NDEKTSV4RRFFQ69G5FAV', 'free', 'STB_OFFICIAL_4472', 'starbucks_official', 'スターバックス コーヒー 清水梅が岡店', '静岡県 静岡市清水区 梅が岡6-7', 35.0036705233, 138.482059264, 1);
INSERT OR REPLACE INTO service_category_rel (service_id, category_id) VALUES ('STB_4472', 'cat_cafe');
INSERT OR REPLACE INTO service_cafe_details (service_id, has_wifi) VALUES ('STB_4472', 1);
INSERT OR REPLACE INTO services (service_id, brand_id, owner_id, plan_id, ext_place_id, ext_source, title, address, lat, lng, verification_level) VALUES ('STB_4508', 'brand_starbucks', '01ARZ3NDEKTSV4RRFFQ69G5FAV', 'free', 'STB_OFFICIAL_4508', 'starbucks_official', 'スターバックス コーヒー 静岡御幸町店', '静岡県 静岡市葵区 御幸町20 M20 2階', 34.9735071019, 138.387724599, 1);
INSERT OR REPLACE INTO service_category_rel (service_id, category_id) VALUES ('STB_4508', 'cat_cafe');
INSERT OR REPLACE INTO service_cafe_details (service_id, has_wifi) VALUES ('STB_4508', 1);
INSERT OR REPLACE INTO services (service_id, brand_id, owner_id, plan_id, ext_place_id, ext_source, title, address, lat, lng, verification_level) VALUES ('STB_4544', 'brand_starbucks', '01ARZ3NDEKTSV4RRFFQ69G5FAV', 'free', 'STB_OFFICIAL_4544', 'starbucks_official', 'スターバックス コーヒー 浜松 メイワン 2階店', '静岡県 浜松市中央区 砂山町6-1', 34.704197553, 137.734510138, 1);
INSERT OR REPLACE INTO service_category_rel (service_id, category_id) VALUES ('STB_4544', 'cat_cafe');
INSERT OR REPLACE INTO service_cafe_details (service_id, has_wifi) VALUES ('STB_4544', 0);
INSERT OR REPLACE INTO services (service_id, brand_id, owner_id, plan_id, ext_place_id, ext_source, title, address, lat, lng, verification_level) VALUES ('STB_119', 'brand_starbucks', '01ARZ3NDEKTSV4RRFFQ69G5FAV', 'free', 'STB_OFFICIAL_119', 'starbucks_official', 'スターバックス コーヒー 名古屋ＪＲセントラルタワーズ店', '愛知県 名古屋市中村区 名駅1-1-4 ＪＲセントラルタワーズ 13F', 35.1703580957, 136.882963004, 1);
INSERT OR REPLACE INTO service_category_rel (service_id, category_id) VALUES ('STB_119', 'cat_cafe');
INSERT OR REPLACE INTO service_cafe_details (service_id, has_wifi) VALUES ('STB_119', 1);
INSERT OR REPLACE INTO services (service_id, brand_id, owner_id, plan_id, ext_place_id, ext_source, title, address, lat, lng, verification_level) VALUES ('STB_165', 'brand_starbucks', '01ARZ3NDEKTSV4RRFFQ69G5FAV', 'free', 'STB_OFFICIAL_165', 'starbucks_official', 'スターバックス コーヒー イオンモール岡崎1階店', '愛知県 岡崎市 戸崎町外山38-5 イオンモール岡崎1階', 34.9378251039, 137.164289236, 1);
INSERT OR REPLACE INTO service_category_rel (service_id, category_id) VALUES ('STB_165', 'cat_cafe');
INSERT OR REPLACE INTO service_cafe_details (service_id, has_wifi) VALUES ('STB_165', 1);
INSERT OR REPLACE INTO services (service_id, brand_id, owner_id, plan_id, ext_place_id, ext_source, title, address, lat, lng, verification_level) VALUES ('STB_177', 'brand_starbucks', '01ARZ3NDEKTSV4RRFFQ69G5FAV', 'free', 'STB_OFFICIAL_177', 'starbucks_official', 'スターバックス コーヒー 名古屋 アピタ長久手店', '愛知県 長久手市 戸田谷901-1 アピタ長久手店', 35.1724664207, 137.03851971, 1);
INSERT OR REPLACE INTO service_category_rel (service_id, category_id) VALUES ('STB_177', 'cat_cafe');
INSERT OR REPLACE INTO service_cafe_details (service_id, has_wifi) VALUES ('STB_177', 1);
INSERT OR REPLACE INTO services (service_id, brand_id, owner_id, plan_id, ext_place_id, ext_source, title, address, lat, lng, verification_level) VALUES ('STB_194', 'brand_starbucks', '01ARZ3NDEKTSV4RRFFQ69G5FAV', 'free', 'STB_OFFICIAL_194', 'starbucks_official', 'スターバックス コーヒー 名駅地下街 サンロード店', '愛知県 名古屋市中村区 名駅4-7-25 名駅地下街サンロード', 35.1696754207, 136.884662894, 1);
INSERT OR REPLACE INTO service_category_rel (service_id, category_id) VALUES ('STB_194', 'cat_cafe');
INSERT OR REPLACE INTO service_cafe_details (service_id, has_wifi) VALUES ('STB_194', 1);
INSERT OR REPLACE INTO services (service_id, brand_id, owner_id, plan_id, ext_place_id, ext_source, title, address, lat, lng, verification_level) VALUES ('STB_243', 'brand_starbucks', '01ARZ3NDEKTSV4RRFFQ69G5FAV', 'free', 'STB_OFFICIAL_243', 'starbucks_official', 'スターバックス コーヒー 三井住友銀行名古屋ビル店', '愛知県 名古屋市中区 錦2-18-19 三井住友銀行名古屋ビル 1F', 35.1685421834, 136.899124523, 1);
INSERT OR REPLACE INTO service_category_rel (service_id, category_id) VALUES ('STB_243', 'cat_cafe');
INSERT OR REPLACE INTO service_cafe_details (service_id, has_wifi) VALUES ('STB_243', 1);
INSERT OR REPLACE INTO services (service_id, brand_id, owner_id, plan_id, ext_place_id, ext_source, title, address, lat, lng, verification_level) VALUES ('STB_287', 'brand_starbucks', '01ARZ3NDEKTSV4RRFFQ69G5FAV', 'free', 'STB_OFFICIAL_287', 'starbucks_official', 'スターバックス コーヒー イオンモール東浦1階店', '愛知県 知多郡 東浦町緒川旭13-2 イオンモール東浦 1階', 34.9783874507, 136.97452785, 1);
INSERT OR REPLACE INTO service_category_rel (service_id, category_id) VALUES ('STB_287', 'cat_cafe');
INSERT OR REPLACE INTO service_cafe_details (service_id, has_wifi) VALUES ('STB_287', 1);
INSERT OR REPLACE INTO services (service_id, brand_id, owner_id, plan_id, ext_place_id, ext_source, title, address, lat, lng, verification_level) VALUES ('STB_294', 'brand_starbucks', '01ARZ3NDEKTSV4RRFFQ69G5FAV', 'free', 'STB_OFFICIAL_294', 'starbucks_official', 'スターバックス コーヒー 桜通り大津店', '愛知県 名古屋市中区 丸の内3-20-17 KDX桜通ビル 1F', 35.1739714443, 136.905959539, 1);
INSERT OR REPLACE INTO service_category_rel (service_id, category_id) VALUES ('STB_294', 'cat_cafe');
INSERT OR REPLACE INTO service_cafe_details (service_id, has_wifi) VALUES ('STB_294', 1);
INSERT OR REPLACE INTO services (service_id, brand_id, owner_id, plan_id, ext_place_id, ext_source, title, address, lat, lng, verification_level) VALUES ('STB_296', 'brand_starbucks', '01ARZ3NDEKTSV4RRFFQ69G5FAV', 'free', 'STB_OFFICIAL_296', 'starbucks_official', 'スターバックス コーヒー ギャラリエアピタ知立店', '愛知県 知立市 長篠町大山18-1 ギャラリエアピタ知立', 34.9982219764, 137.052927926, 1);
INSERT OR REPLACE INTO service_category_rel (service_id, category_id) VALUES ('STB_296', 'cat_cafe');
INSERT OR REPLACE INTO service_cafe_details (service_id, has_wifi) VALUES ('STB_296', 1);
INSERT OR REPLACE INTO services (service_id, brand_id, owner_id, plan_id, ext_place_id, ext_source, title, address, lat, lng, verification_level) VALUES ('STB_349', 'brand_starbucks', '01ARZ3NDEKTSV4RRFFQ69G5FAV', 'free', 'STB_OFFICIAL_349', 'starbucks_official', 'スターバックス コーヒー 名駅地下街 ユニモール店', '愛知県 名古屋市中村区 名駅4-5-26先 ユニモール', 35.171505516, 136.885426635, 1);
INSERT OR REPLACE INTO service_category_rel (service_id, category_id) VALUES ('STB_349', 'cat_cafe');
INSERT OR REPLACE INTO service_cafe_details (service_id, has_wifi) VALUES ('STB_349', 1);
INSERT OR REPLACE INTO services (service_id, brand_id, owner_id, plan_id, ext_place_id, ext_source, title, address, lat, lng, verification_level) VALUES ('STB_364', 'brand_starbucks', '01ARZ3NDEKTSV4RRFFQ69G5FAV', 'free', 'STB_OFFICIAL_364', 'starbucks_official', 'スターバックス コーヒー 栄 チェリープラザ店', '愛知県 名古屋市中区 栄3-19-8 栄ミナミ平和ビル', 35.1657284123, 136.904541703, 1);
INSERT OR REPLACE INTO service_category_rel (service_id, category_id) VALUES ('STB_364', 'cat_cafe');
INSERT OR REPLACE INTO service_cafe_details (service_id, has_wifi) VALUES ('STB_364', 1);
INSERT OR REPLACE INTO services (service_id, brand_id, owner_id, plan_id, ext_place_id, ext_source, title, address, lat, lng, verification_level) VALUES ('STB_365', 'brand_starbucks', '01ARZ3NDEKTSV4RRFFQ69G5FAV', 'free', 'STB_OFFICIAL_365', 'starbucks_official', 'スターバックス コーヒー 栄広小路店', '愛知県 名古屋市中区 錦3-24-24 錦324ビル', 35.1690614131, 136.905915879, 1);
INSERT OR REPLACE INTO service_category_rel (service_id, category_id) VALUES ('STB_365', 'cat_cafe');
INSERT OR REPLACE INTO service_cafe_details (service_id, has_wifi) VALUES ('STB_365', 1);
INSERT OR REPLACE INTO services (service_id, brand_id, owner_id, plan_id, ext_place_id, ext_source, title, address, lat, lng, verification_level) VALUES ('STB_385', 'brand_starbucks', '01ARZ3NDEKTSV4RRFFQ69G5FAV', 'free', 'STB_OFFICIAL_385', 'starbucks_official', 'スターバックス コーヒー 金山駅南口店', '愛知県 名古屋市熱田区 金山町1-2-26 ヤガミ金山ビル', 35.1421622618, 136.901103351, 1);
INSERT OR REPLACE INTO service_category_rel (service_id, category_id) VALUES ('STB_385', 'cat_cafe');
INSERT OR REPLACE INTO service_cafe_details (service_id, has_wifi) VALUES ('STB_385', 1);
INSERT OR REPLACE INTO services (service_id, brand_id, owner_id, plan_id, ext_place_id, ext_source, title, address, lat, lng, verification_level) VALUES ('STB_389', 'brand_starbucks', '01ARZ3NDEKTSV4RRFFQ69G5FAV', 'free', 'STB_OFFICIAL_389', 'starbucks_official', 'スターバックス コーヒー 栄公園 オアシス２１店', '愛知県 名古屋市東区 東桜1-11-1 オアシス21', 35.1717014664, 136.909229094, 1);
INSERT OR REPLACE INTO service_category_rel (service_id, category_id) VALUES ('STB_389', 'cat_cafe');
INSERT OR REPLACE INTO service_cafe_details (service_id, has_wifi) VALUES ('STB_389', 1);
INSERT OR REPLACE INTO services (service_id, brand_id, owner_id, plan_id, ext_place_id, ext_source, title, address, lat, lng, verification_level) VALUES ('STB_400', 'brand_starbucks', '01ARZ3NDEKTSV4RRFFQ69G5FAV', 'free', 'STB_OFFICIAL_400', 'starbucks_official', 'スターバックス コーヒー 新栄葵町店', '愛知県 名古屋市東区 葵1-21-4', 35.1706076266, 136.921245091, 1);
INSERT OR REPLACE INTO service_category_rel (service_id, category_id) VALUES ('STB_400', 'cat_cafe');
INSERT OR REPLACE INTO service_cafe_details (service_id, has_wifi) VALUES ('STB_400', 1);
INSERT OR REPLACE INTO services (service_id, brand_id, owner_id, plan_id, ext_place_id, ext_source, title, address, lat, lng, verification_level) VALUES ('STB_453', 'brand_starbucks', '01ARZ3NDEKTSV4RRFFQ69G5FAV', 'free', 'STB_OFFICIAL_453', 'starbucks_official', 'スターバックス コーヒー 覚王山店', '愛知県 名古屋市千種区 末盛通1-1 末盛ビル', 35.1666127605, 136.952155763, 1);
INSERT OR REPLACE INTO service_category_rel (service_id, category_id) VALUES ('STB_453', 'cat_cafe');
INSERT OR REPLACE INTO service_cafe_details (service_id, has_wifi) VALUES ('STB_453', 1);
INSERT OR REPLACE INTO services (service_id, brand_id, owner_id, plan_id, ext_place_id, ext_source, title, address, lat, lng, verification_level) VALUES ('STB_496', 'brand_starbucks', '01ARZ3NDEKTSV4RRFFQ69G5FAV', 'free', 'STB_OFFICIAL_496', 'starbucks_official', 'スターバックス コーヒー イオンモール熱田1階店', '愛知県 名古屋市熱田区 六野1-201 イオンモール熱田 1階', 35.1368535375, 136.909825371, 1);
INSERT OR REPLACE INTO service_category_rel (service_id, category_id) VALUES ('STB_496', 'cat_cafe');
INSERT OR REPLACE INTO service_cafe_details (service_id, has_wifi) VALUES ('STB_496', 1);
INSERT OR REPLACE INTO services (service_id, brand_id, owner_id, plan_id, ext_place_id, ext_source, title, address, lat, lng, verification_level) VALUES ('STB_511', 'brand_starbucks', '01ARZ3NDEKTSV4RRFFQ69G5FAV', 'free', 'STB_OFFICIAL_511', 'starbucks_official', 'スターバックス コーヒー イオンモール扶桑店', '愛知県 丹羽郡 扶桑町南山名高塚5-1 イオンモール扶桑', 35.3622459034, 136.898794242, 1);
INSERT OR REPLACE INTO service_category_rel (service_id, category_id) VALUES ('STB_511', 'cat_cafe');
INSERT OR REPLACE INTO service_cafe_details (service_id, has_wifi) VALUES ('STB_511', 1);
INSERT OR REPLACE INTO services (service_id, brand_id, owner_id, plan_id, ext_place_id, ext_source, title, address, lat, lng, verification_level) VALUES ('STB_533', 'brand_starbucks', '01ARZ3NDEKTSV4RRFFQ69G5FAV', 'free', 'STB_OFFICIAL_533', 'starbucks_official', 'スターバックス コーヒー 名古屋 伏見 ＡＴビル店', '愛知県 名古屋市中区 錦1-18-22 名古屋ATビル', 35.1682540786, 136.894540195, 1);
INSERT OR REPLACE INTO service_category_rel (service_id, category_id) VALUES ('STB_533', 'cat_cafe');
INSERT OR REPLACE INTO service_cafe_details (service_id, has_wifi) VALUES ('STB_533', 1);
INSERT OR REPLACE INTO services (service_id, brand_id, owner_id, plan_id, ext_place_id, ext_source, title, address, lat, lng, verification_level) VALUES ('STB_553', 'brand_starbucks', '01ARZ3NDEKTSV4RRFFQ69G5FAV', 'free', 'STB_OFFICIAL_553', 'starbucks_official', 'スターバックス コーヒー 中部国際空港セントレア店', '愛知県 常滑市 セントレア1-1 中部国際空港セントレア(4F)', 34.8593057422, 136.815437657, 1);
INSERT OR REPLACE INTO service_category_rel (service_id, category_id) VALUES ('STB_553', 'cat_cafe');
INSERT OR REPLACE INTO service_cafe_details (service_id, has_wifi) VALUES ('STB_553', 1);
INSERT OR REPLACE INTO services (service_id, brand_id, owner_id, plan_id, ext_place_id, ext_source, title, address, lat, lng, verification_level) VALUES ('STB_563', 'brand_starbucks', '01ARZ3NDEKTSV4RRFFQ69G5FAV', 'free', 'STB_OFFICIAL_563', 'starbucks_official', 'スターバックス コーヒー イオンモール木曽川店', '愛知県 一宮市 木曽川町黒田南八ツヶ池25-1', 35.3492459448, 136.773850495, 1);
INSERT OR REPLACE INTO service_category_rel (service_id, category_id) VALUES ('STB_563', 'cat_cafe');
INSERT OR REPLACE INTO service_cafe_details (service_id, has_wifi) VALUES ('STB_563', 1);
INSERT OR REPLACE INTO services (service_id, brand_id, owner_id, plan_id, ext_place_id, ext_source, title, address, lat, lng, verification_level) VALUES ('STB_576', 'brand_starbucks', '01ARZ3NDEKTSV4RRFFQ69G5FAV', 'free', 'STB_OFFICIAL_576', 'starbucks_official', 'スターバックス コーヒー アピタ千代田橋店', '愛知県 名古屋市千種区 千代田橋2-1-1 アピタ千代田橋店', 35.1875119385, 136.969463086, 1);
INSERT OR REPLACE INTO service_category_rel (service_id, category_id) VALUES ('STB_576', 'cat_cafe');
INSERT OR REPLACE INTO service_cafe_details (service_id, has_wifi) VALUES ('STB_576', 1);
INSERT OR REPLACE INTO services (service_id, brand_id, owner_id, plan_id, ext_place_id, ext_source, title, address, lat, lng, verification_level) VALUES ('STB_584', 'brand_starbucks', '01ARZ3NDEKTSV4RRFFQ69G5FAV', 'free', 'STB_OFFICIAL_584', 'starbucks_official', 'スターバックス コーヒー アピタ鳴海店', '愛知県 名古屋市緑区 鳴海町伝治山3-9 アピタ鳴海店', 35.0943517213, 136.959058795, 1);
INSERT OR REPLACE INTO service_category_rel (service_id, category_id) VALUES ('STB_584', 'cat_cafe');
INSERT OR REPLACE INTO service_cafe_details (service_id, has_wifi) VALUES ('STB_584', 1);
INSERT OR REPLACE INTO services (service_id, brand_id, owner_id, plan_id, ext_place_id, ext_source, title, address, lat, lng, verification_level) VALUES ('STB_592', 'brand_starbucks', '01ARZ3NDEKTSV4RRFFQ69G5FAV', 'free', 'STB_OFFICIAL_592', 'starbucks_official', 'スターバックス コーヒー 中部国際空港出発ターミナル内店', '愛知県 常滑市 セントレア1-1 中部国際空港セントレア(3F)', 34.8586657448, 136.811666611, 1);
INSERT OR REPLACE INTO service_category_rel (service_id, category_id) VALUES ('STB_592', 'cat_cafe');
INSERT OR REPLACE INTO service_cafe_details (service_id, has_wifi) VALUES ('STB_592', 1);
INSERT OR REPLACE INTO services (service_id, brand_id, owner_id, plan_id, ext_place_id, ext_source, title, address, lat, lng, verification_level) VALUES ('STB_604', 'brand_starbucks', '01ARZ3NDEKTSV4RRFFQ69G5FAV', 'free', 'STB_OFFICIAL_604', 'starbucks_official', 'スターバックス コーヒー 豊田元町店', '愛知県 豊田市 土橋町1-21 MEGA ドン・キホーテ UNY豊田元町', 35.0629088984, 137.129701627, 1);
INSERT OR REPLACE INTO service_category_rel (service_id, category_id) VALUES ('STB_604', 'cat_cafe');
INSERT OR REPLACE INTO service_cafe_details (service_id, has_wifi) VALUES ('STB_604', 1);
INSERT OR REPLACE INTO services (service_id, brand_id, owner_id, plan_id, ext_place_id, ext_source, title, address, lat, lng, verification_level) VALUES ('STB_614', 'brand_starbucks', '01ARZ3NDEKTSV4RRFFQ69G5FAV', 'free', 'STB_OFFICIAL_614', 'starbucks_official', 'スターバックス コーヒー アピタ高蔵寺店', '愛知県 春日井市 中央台2-5 アピタ高蔵寺店', 35.2830250502, 137.048662388, 1);
INSERT OR REPLACE INTO service_category_rel (service_id, category_id) VALUES ('STB_614', 'cat_cafe');
INSERT OR REPLACE INTO service_cafe_details (service_id, has_wifi) VALUES ('STB_614', 1);
INSERT OR REPLACE INTO services (service_id, brand_id, owner_id, plan_id, ext_place_id, ext_source, title, address, lat, lng, verification_level) VALUES ('STB_615', 'brand_starbucks', '01ARZ3NDEKTSV4RRFFQ69G5FAV', 'free', 'STB_OFFICIAL_615', 'starbucks_official', 'スターバックス コーヒー イオンタウン千種店', '愛知県 名古屋市千種区 千種2-16-13 イオンタウン千種', 35.1617113985, 136.923678354, 1);
INSERT OR REPLACE INTO service_category_rel (service_id, category_id) VALUES ('STB_615', 'cat_cafe');
INSERT OR REPLACE INTO service_cafe_details (service_id, has_wifi) VALUES ('STB_615', 1);
INSERT OR REPLACE INTO services (service_id, brand_id, owner_id, plan_id, ext_place_id, ext_source, title, address, lat, lng, verification_level) VALUES ('STB_622', 'brand_starbucks', '01ARZ3NDEKTSV4RRFFQ69G5FAV', 'free', 'STB_OFFICIAL_622', 'starbucks_official', 'スターバックス コーヒー VIA MALL アピタ江南西店', '愛知県 江南市 松竹町上野205 VIA MALL アピタ江南西', 35.3425111275, 136.854391894, 1);
INSERT OR REPLACE INTO service_category_rel (service_id, category_id) VALUES ('STB_622', 'cat_cafe');
INSERT OR REPLACE INTO service_cafe_details (service_id, has_wifi) VALUES ('STB_622', 1);
INSERT OR REPLACE INTO services (service_id, brand_id, owner_id, plan_id, ext_place_id, ext_source, title, address, lat, lng, verification_level) VALUES ('STB_664', 'brand_starbucks', '01ARZ3NDEKTSV4RRFFQ69G5FAV', 'free', 'STB_OFFICIAL_664', 'starbucks_official', 'スターバックス コーヒー イオンモールナゴヤドーム前店', '愛知県 名古屋市東区 矢田南4-102-3 イオンモールナゴヤドーム前', 35.1875101266, 136.945230376, 1);
INSERT OR REPLACE INTO service_category_rel (service_id, category_id) VALUES ('STB_664', 'cat_cafe');
INSERT OR REPLACE INTO service_cafe_details (service_id, has_wifi) VALUES ('STB_664', 1);
INSERT OR REPLACE INTO services (service_id, brand_id, owner_id, plan_id, ext_place_id, ext_source, title, address, lat, lng, verification_level) VALUES ('STB_673', 'brand_starbucks', '01ARZ3NDEKTSV4RRFFQ69G5FAV', 'free', 'STB_OFFICIAL_673', 'starbucks_official', 'スターバックス コーヒー 日進竹の山店', '愛知県 日進市 竹の山2-2306', 35.1568749516, 137.033868036, 1);
INSERT OR REPLACE INTO service_category_rel (service_id, category_id) VALUES ('STB_673', 'cat_cafe');
INSERT OR REPLACE INTO service_cafe_details (service_id, has_wifi) VALUES ('STB_673', 1);
INSERT OR REPLACE INTO services (service_id, brand_id, owner_id, plan_id, ext_place_id, ext_source, title, address, lat, lng, verification_level) VALUES ('STB_715', 'brand_starbucks', '01ARZ3NDEKTSV4RRFFQ69G5FAV', 'free', 'STB_OFFICIAL_715', 'starbucks_official', 'スターバックス コーヒー 藤が丘effe店', '愛知県 名古屋市名東区 藤が丘170-4 effe', 35.1821100955, 137.021703718, 1);
INSERT OR REPLACE INTO service_category_rel (service_id, category_id) VALUES ('STB_715', 'cat_cafe');
INSERT OR REPLACE INTO service_cafe_details (service_id, has_wifi) VALUES ('STB_715', 1);
INSERT OR REPLACE INTO services (service_id, brand_id, owner_id, plan_id, ext_place_id, ext_source, title, address, lat, lng, verification_level) VALUES ('STB_716', 'brand_starbucks', '01ARZ3NDEKTSV4RRFFQ69G5FAV', 'free', 'STB_OFFICIAL_716', 'starbucks_official', 'スターバックス コーヒー 栄ラシック店', '愛知県 名古屋市中区 栄3-6-1', 35.1671208169, 136.907607217, 1);
INSERT OR REPLACE INTO service_category_rel (service_id, category_id) VALUES ('STB_716', 'cat_cafe');
INSERT OR REPLACE INTO service_cafe_details (service_id, has_wifi) VALUES ('STB_716', 1);
INSERT OR REPLACE INTO services (service_id, brand_id, owner_id, plan_id, ext_place_id, ext_source, title, address, lat, lng, verification_level) VALUES ('STB_738', 'brand_starbucks', '01ARZ3NDEKTSV4RRFFQ69G5FAV', 'free', 'STB_OFFICIAL_738', 'starbucks_official', 'スターバックス コーヒー 中部国際空港第２セントレアビル店', '愛知県 常滑市 セントレア1-1 第2セントレアビル', 34.860485328, 136.814851262, 1);
INSERT OR REPLACE INTO service_category_rel (service_id, category_id) VALUES ('STB_738', 'cat_cafe');
INSERT OR REPLACE INTO service_cafe_details (service_id, has_wifi) VALUES ('STB_738', 1);
INSERT OR REPLACE INTO services (service_id, brand_id, owner_id, plan_id, ext_place_id, ext_source, title, address, lat, lng, verification_level) VALUES ('STB_765', 'brand_starbucks', '01ARZ3NDEKTSV4RRFFQ69G5FAV', 'free', 'STB_OFFICIAL_765', 'starbucks_official', 'スターバックス コーヒー 名古屋市立大学病院店', '愛知県 名古屋市瑞穂区 瑞穂町川澄1 名古屋市立大学病院 外来診療棟', 35.1392812307, 136.93574894, 1);
INSERT OR REPLACE INTO service_category_rel (service_id, category_id) VALUES ('STB_765', 'cat_cafe');
INSERT OR REPLACE INTO service_cafe_details (service_id, has_wifi) VALUES ('STB_765', 1);
INSERT OR REPLACE INTO services (service_id, brand_id, owner_id, plan_id, ext_place_id, ext_source, title, address, lat, lng, verification_level) VALUES ('STB_834', 'brand_starbucks', '01ARZ3NDEKTSV4RRFFQ69G5FAV', 'free', 'STB_OFFICIAL_834', 'starbucks_official', 'スターバックス コーヒー イオンモール大高1階店', '愛知県 名古屋市緑区 南大高2-450 イオンモール大高 1階', 35.0528006884, 136.947639712, 1);
INSERT OR REPLACE INTO service_category_rel (service_id, category_id) VALUES ('STB_834', 'cat_cafe');
INSERT OR REPLACE INTO service_cafe_details (service_id, has_wifi) VALUES ('STB_834', 1);
INSERT OR REPLACE INTO services (service_id, brand_id, owner_id, plan_id, ext_place_id, ext_source, title, address, lat, lng, verification_level) VALUES ('STB_835', 'brand_starbucks', '01ARZ3NDEKTSV4RRFFQ69G5FAV', 'free', 'STB_OFFICIAL_835', 'starbucks_official', 'スターバックス コーヒー イオンモール大高3階店', '愛知県 名古屋市緑区 南大高2-450 イオンモール大高 3階', 35.0526570926, 136.947639719, 1);
INSERT OR REPLACE INTO service_category_rel (service_id, category_id) VALUES ('STB_835', 'cat_cafe');
INSERT OR REPLACE INTO service_cafe_details (service_id, has_wifi) VALUES ('STB_835', 1);
INSERT OR REPLACE INTO services (service_id, brand_id, owner_id, plan_id, ext_place_id, ext_source, title, address, lat, lng, verification_level) VALUES ('STB_840', 'brand_starbucks', '01ARZ3NDEKTSV4RRFFQ69G5FAV', 'free', 'STB_OFFICIAL_840', 'starbucks_official', 'スターバックス コーヒー 名古屋大須万松寺店', '愛知県 名古屋市中区 大須3-31-14 山惣第２ビル', 35.1585028183, 136.905802208, 1);
INSERT OR REPLACE INTO service_category_rel (service_id, category_id) VALUES ('STB_840', 'cat_cafe');
INSERT OR REPLACE INTO service_cafe_details (service_id, has_wifi) VALUES ('STB_840', 1);
INSERT OR REPLACE INTO services (service_id, brand_id, owner_id, plan_id, ext_place_id, ext_source, title, address, lat, lng, verification_level) VALUES ('STB_861', 'brand_starbucks', '01ARZ3NDEKTSV4RRFFQ69G5FAV', 'free', 'STB_OFFICIAL_861', 'starbucks_official', 'スターバックス コーヒー 豊橋ココラフロント店', '愛知県 豊橋市 駅前大通1-55 ココラフロント', 34.762960149, 137.384215412, 1);
INSERT OR REPLACE INTO service_category_rel (service_id, category_id) VALUES ('STB_861', 'cat_cafe');
INSERT OR REPLACE INTO service_cafe_details (service_id, has_wifi) VALUES ('STB_861', 1);
INSERT OR REPLACE INTO services (service_id, brand_id, owner_id, plan_id, ext_place_id, ext_source, title, address, lat, lng, verification_level) VALUES ('STB_909', 'brand_starbucks', '01ARZ3NDEKTSV4RRFFQ69G5FAV', 'free', 'STB_OFFICIAL_909', 'starbucks_official', 'スターバックス コーヒー 岡崎竜美店', '愛知県 岡崎市 竜美西2-9-13', 34.9391355668, 137.167010061, 1);
INSERT OR REPLACE INTO service_category_rel (service_id, category_id) VALUES ('STB_909', 'cat_cafe');
INSERT OR REPLACE INTO service_cafe_details (service_id, has_wifi) VALUES ('STB_909', 1);
INSERT OR REPLACE INTO services (service_id, brand_id, owner_id, plan_id, ext_place_id, ext_source, title, address, lat, lng, verification_level) VALUES ('STB_928', 'brand_starbucks', '01ARZ3NDEKTSV4RRFFQ69G5FAV', 'free', 'STB_OFFICIAL_928', 'starbucks_official', 'スターバックス コーヒー 尾張一宮パーキングエリア（上り線）店', '愛知県 一宮市 丹陽町三ツ井2709-6 尾張一宮パーキングエリア（上り線）', 35.2780764834, 136.845962783, 1);
INSERT OR REPLACE INTO service_category_rel (service_id, category_id) VALUES ('STB_928', 'cat_cafe');
INSERT OR REPLACE INTO service_cafe_details (service_id, has_wifi) VALUES ('STB_928', 1);
INSERT OR REPLACE INTO services (service_id, brand_id, owner_id, plan_id, ext_place_id, ext_source, title, address, lat, lng, verification_level) VALUES ('STB_929', 'brand_starbucks', '01ARZ3NDEKTSV4RRFFQ69G5FAV', 'free', 'STB_OFFICIAL_929', 'starbucks_official', 'スターバックス コーヒー 尾張一宮パーキングエリア（下り線）店', '愛知県 一宮市 千秋町塩尻14-2 尾張一宮パーキングエリア（下り線）', 35.2815079261, 136.854153056, 1);
INSERT OR REPLACE INTO service_category_rel (service_id, category_id) VALUES ('STB_929', 'cat_cafe');
INSERT OR REPLACE INTO service_cafe_details (service_id, has_wifi) VALUES ('STB_929', 1);
INSERT OR REPLACE INTO services (service_id, brand_id, owner_id, plan_id, ext_place_id, ext_source, title, address, lat, lng, verification_level) VALUES ('STB_930', 'brand_starbucks', '01ARZ3NDEKTSV4RRFFQ69G5FAV', 'free', 'STB_OFFICIAL_930', 'starbucks_official', 'スターバックス コーヒー リーフウォーク稲沢店', '愛知県 稲沢市 長野7-1-2 リーフウォーク稲沢', 35.2608797983, 136.819119693, 1);
INSERT OR REPLACE INTO service_category_rel (service_id, category_id) VALUES ('STB_930', 'cat_cafe');
INSERT OR REPLACE INTO service_cafe_details (service_id, has_wifi) VALUES ('STB_930', 1);
INSERT OR REPLACE INTO services (service_id, brand_id, owner_id, plan_id, ext_place_id, ext_source, title, address, lat, lng, verification_level) VALUES ('STB_935', 'brand_starbucks', '01ARZ3NDEKTSV4RRFFQ69G5FAV', 'free', 'STB_OFFICIAL_935', 'starbucks_official', 'スターバックス コーヒー 上小田井mozoワンダーシティ 2階店', '愛知県 名古屋市西区 二方町40 mozo ワンダーシティ', 35.2244967546, 136.88325382, 1);
INSERT OR REPLACE INTO service_category_rel (service_id, category_id) VALUES ('STB_935', 'cat_cafe');
INSERT OR REPLACE INTO service_cafe_details (service_id, has_wifi) VALUES ('STB_935', 1);
INSERT OR REPLACE INTO services (service_id, brand_id, owner_id, plan_id, ext_place_id, ext_source, title, address, lat, lng, verification_level) VALUES ('STB_939', 'brand_starbucks', '01ARZ3NDEKTSV4RRFFQ69G5FAV', 'free', 'STB_OFFICIAL_939', 'starbucks_official', 'スターバックス コーヒー 御器所駅前店', '愛知県 名古屋市昭和区 阿由知通4-2-1', 35.1492751198, 136.933347846, 1);
INSERT OR REPLACE INTO service_category_rel (service_id, category_id) VALUES ('STB_939', 'cat_cafe');
INSERT OR REPLACE INTO service_cafe_details (service_id, has_wifi) VALUES ('STB_939', 1);
INSERT OR REPLACE INTO services (service_id, brand_id, owner_id, plan_id, ext_place_id, ext_source, title, address, lat, lng, verification_level) VALUES ('STB_957', 'brand_starbucks', '01ARZ3NDEKTSV4RRFFQ69G5FAV', 'free', 'STB_OFFICIAL_957', 'starbucks_official', 'スターバックス コーヒー 安城百石店', '愛知県 安城市 百石町１-5-9', 34.9529561441, 137.077955987, 1);
INSERT OR REPLACE INTO service_category_rel (service_id, category_id) VALUES ('STB_957', 'cat_cafe');
INSERT OR REPLACE INTO service_cafe_details (service_id, has_wifi) VALUES ('STB_957', 1);
INSERT OR REPLACE INTO services (service_id, brand_id, owner_id, plan_id, ext_place_id, ext_source, title, address, lat, lng, verification_level) VALUES ('STB_972', 'brand_starbucks', '01ARZ3NDEKTSV4RRFFQ69G5FAV', 'free', 'STB_OFFICIAL_972', 'starbucks_official', 'スターバックス コーヒー 名古屋大学附属図書館店', '愛知県 名古屋市千種区 不老町 名古屋大学附属中央図書館', 35.1550464294, 136.964149466, 1);
INSERT OR REPLACE INTO service_category_rel (service_id, category_id) VALUES ('STB_972', 'cat_cafe');
INSERT OR REPLACE INTO service_cafe_details (service_id, has_wifi) VALUES ('STB_972', 1);
INSERT OR REPLACE INTO services (service_id, brand_id, owner_id, plan_id, ext_place_id, ext_source, title, address, lat, lng, verification_level) VALUES ('STB_1002', 'brand_starbucks', '01ARZ3NDEKTSV4RRFFQ69G5FAV', 'free', 'STB_OFFICIAL_1002', 'starbucks_official', 'スターバックス コーヒー 大府柊山店', '愛知県 大府市 柊山町3-401', 35.0198906913, 136.953019114, 1);
INSERT OR REPLACE INTO service_category_rel (service_id, category_id) VALUES ('STB_1002', 'cat_cafe');
INSERT OR REPLACE INTO service_cafe_details (service_id, has_wifi) VALUES ('STB_1002', 1);
INSERT OR REPLACE INTO services (service_id, brand_id, owner_id, plan_id, ext_place_id, ext_source, title, address, lat, lng, verification_level) VALUES ('STB_1021', 'brand_starbucks', '01ARZ3NDEKTSV4RRFFQ69G5FAV', 'free', 'STB_OFFICIAL_1021', 'starbucks_official', 'スターバックス コーヒー 栄大津通店', '愛知県 名古屋市中区 栄3-27-7 サンサカエビル', 35.1650496384, 136.906970143, 1);
INSERT OR REPLACE INTO service_category_rel (service_id, category_id) VALUES ('STB_1021', 'cat_cafe');
INSERT OR REPLACE INTO service_cafe_details (service_id, has_wifi) VALUES ('STB_1021', 1);
INSERT OR REPLACE INTO services (service_id, brand_id, owner_id, plan_id, ext_place_id, ext_source, title, address, lat, lng, verification_level) VALUES ('STB_1042', 'brand_starbucks', '01ARZ3NDEKTSV4RRFFQ69G5FAV', 'free', 'STB_OFFICIAL_1042', 'starbucks_official', 'スターバックス コーヒー ホリデイ・スクエア豊橋店', '愛知県 豊橋市 藤沢町141', 34.7448074258, 137.371598685, 1);
INSERT OR REPLACE INTO service_category_rel (service_id, category_id) VALUES ('STB_1042', 'cat_cafe');
INSERT OR REPLACE INTO service_cafe_details (service_id, has_wifi) VALUES ('STB_1042', 1);
INSERT OR REPLACE INTO services (service_id, brand_id, owner_id, plan_id, ext_place_id, ext_source, title, address, lat, lng, verification_level) VALUES ('STB_1048', 'brand_starbucks', '01ARZ3NDEKTSV4RRFFQ69G5FAV', 'free', 'STB_OFFICIAL_1048', 'starbucks_official', 'スターバックス コーヒー 名古屋久屋南店', '愛知県 名古屋市中区 栄3-31-10 松坂屋久屋南パークテラス', 35.1635245491, 136.908420926, 1);
INSERT OR REPLACE INTO service_category_rel (service_id, category_id) VALUES ('STB_1048', 'cat_cafe');
INSERT OR REPLACE INTO service_cafe_details (service_id, has_wifi) VALUES ('STB_1048', 1);
INSERT OR REPLACE INTO services (service_id, brand_id, owner_id, plan_id, ext_place_id, ext_source, title, address, lat, lng, verification_level) VALUES ('STB_1110', 'brand_starbucks', '01ARZ3NDEKTSV4RRFFQ69G5FAV', 'free', 'STB_OFFICIAL_1110', 'starbucks_official', 'スターバックス コーヒー イオンモールナゴヤドーム前フードコート店', '愛知県 名古屋市東区 矢田南4-102-3', 35.18769455, 136.945157318, 1);
INSERT OR REPLACE INTO service_category_rel (service_id, category_id) VALUES ('STB_1110', 'cat_cafe');
INSERT OR REPLACE INTO service_cafe_details (service_id, has_wifi) VALUES ('STB_1110', 1);
INSERT OR REPLACE INTO services (service_id, brand_id, owner_id, plan_id, ext_place_id, ext_source, title, address, lat, lng, verification_level) VALUES ('STB_1117', 'brand_starbucks', '01ARZ3NDEKTSV4RRFFQ69G5FAV', 'free', 'STB_OFFICIAL_1117', 'starbucks_official', 'スターバックス コーヒー 春日井南下原店', '愛知県 春日井市 南下原町3-12-4', 35.2680175353, 136.97181085, 1);
INSERT OR REPLACE INTO service_category_rel (service_id, category_id) VALUES ('STB_1117', 'cat_cafe');
INSERT OR REPLACE INTO service_cafe_details (service_id, has_wifi) VALUES ('STB_1117', 1);
INSERT OR REPLACE INTO services (service_id, brand_id, owner_id, plan_id, ext_place_id, ext_source, title, address, lat, lng, verification_level) VALUES ('STB_1150', 'brand_starbucks', '01ARZ3NDEKTSV4RRFFQ69G5FAV', 'free', 'STB_OFFICIAL_1150', 'starbucks_official', 'スターバックス コーヒー 名古屋自由ヶ丘店', '愛知県 名古屋市千種区 鹿子殿14-8', 35.1789193555, 136.975702685, 1);
INSERT OR REPLACE INTO service_category_rel (service_id, category_id) VALUES ('STB_1150', 'cat_cafe');
INSERT OR REPLACE INTO service_cafe_details (service_id, has_wifi) VALUES ('STB_1150', 1);
INSERT OR REPLACE INTO services (service_id, brand_id, owner_id, plan_id, ext_place_id, ext_source, title, address, lat, lng, verification_level) VALUES ('STB_1163', 'brand_starbucks', '01ARZ3NDEKTSV4RRFFQ69G5FAV', 'free', 'STB_OFFICIAL_1163', 'starbucks_official', 'スターバックス コーヒー アスナル金山1階店', '愛知県 名古屋市中区 金山1-17-1 アスナル金山', 35.1436040507, 136.901027735, 1);
INSERT OR REPLACE INTO service_category_rel (service_id, category_id) VALUES ('STB_1163', 'cat_cafe');
INSERT OR REPLACE INTO service_cafe_details (service_id, has_wifi) VALUES ('STB_1163', 1);
INSERT OR REPLACE INTO services (service_id, brand_id, owner_id, plan_id, ext_place_id, ext_source, title, address, lat, lng, verification_level) VALUES ('STB_1186', 'brand_starbucks', '01ARZ3NDEKTSV4RRFFQ69G5FAV', 'free', 'STB_OFFICIAL_1186', 'starbucks_official', 'スターバックス コーヒー テラスウォーク一宮店', '愛知県 一宮市 両郷町1-2 テラスウォーク一宮', 35.3106472071, 136.816494564, 1);
INSERT OR REPLACE INTO service_category_rel (service_id, category_id) VALUES ('STB_1186', 'cat_cafe');
INSERT OR REPLACE INTO service_cafe_details (service_id, has_wifi) VALUES ('STB_1186', 1);
INSERT OR REPLACE INTO services (service_id, brand_id, owner_id, plan_id, ext_place_id, ext_source, title, address, lat, lng, verification_level) VALUES ('STB_1204', 'brand_starbucks', '01ARZ3NDEKTSV4RRFFQ69G5FAV', 'free', 'STB_OFFICIAL_1204', 'starbucks_official', 'スターバックス コーヒー ヴェルサウォーク西尾店', '愛知県 西尾市 高畠町3-23-9 ヴェルサウォーク西尾', 34.8638209171, 137.059833541, 1);
INSERT OR REPLACE INTO service_category_rel (service_id, category_id) VALUES ('STB_1204', 'cat_cafe');
INSERT OR REPLACE INTO service_cafe_details (service_id, has_wifi) VALUES ('STB_1204', 1);
INSERT OR REPLACE INTO services (service_id, brand_id, owner_id, plan_id, ext_place_id, ext_source, title, address, lat, lng, verification_level) VALUES ('STB_1210', 'brand_starbucks', '01ARZ3NDEKTSV4RRFFQ69G5FAV', 'free', 'STB_OFFICIAL_1210', 'starbucks_official', 'スターバックス コーヒー 名鉄百貨店名古屋店', '愛知県 名古屋市中村区 名駅1-2-1 名鉄百貨店本店本館', 35.1699503836, 136.884224307, 1);
INSERT OR REPLACE INTO service_category_rel (service_id, category_id) VALUES ('STB_1210', 'cat_cafe');
INSERT OR REPLACE INTO service_cafe_details (service_id, has_wifi) VALUES ('STB_1210', 1);
INSERT OR REPLACE INTO services (service_id, brand_id, owner_id, plan_id, ext_place_id, ext_source, title, address, lat, lng, verification_level) VALUES ('STB_1215', 'brand_starbucks', '01ARZ3NDEKTSV4RRFFQ69G5FAV', 'free', 'STB_OFFICIAL_1215', 'starbucks_official', 'スターバックス コーヒー イオンモール名古屋茶屋店', '愛知県 名古屋市港区 西茶屋2-11 イオンモール名古屋茶屋', 35.1038483725, 136.825495283, 1);
INSERT OR REPLACE INTO service_category_rel (service_id, category_id) VALUES ('STB_1215', 'cat_cafe');
INSERT OR REPLACE INTO service_cafe_details (service_id, has_wifi) VALUES ('STB_1215', 1);
INSERT OR REPLACE INTO services (service_id, brand_id, owner_id, plan_id, ext_place_id, ext_source, title, address, lat, lng, verification_level) VALUES ('STB_1248', 'brand_starbucks', '01ARZ3NDEKTSV4RRFFQ69G5FAV', 'free', 'STB_OFFICIAL_1248', 'starbucks_official', 'スターバックス コーヒー 豊川正岡店', '愛知県 豊川市 正岡町流田506', 34.8018563104, 137.386732023, 1);
INSERT OR REPLACE INTO service_category_rel (service_id, category_id) VALUES ('STB_1248', 'cat_cafe');
INSERT OR REPLACE INTO service_cafe_details (service_id, has_wifi) VALUES ('STB_1248', 1);
INSERT OR REPLACE INTO services (service_id, brand_id, owner_id, plan_id, ext_place_id, ext_source, title, address, lat, lng, verification_level) VALUES ('STB_1288', 'brand_starbucks', '01ARZ3NDEKTSV4RRFFQ69G5FAV', 'free', 'STB_OFFICIAL_1288', 'starbucks_official', 'スターバックス コーヒー 名古屋インターシティ伏見店', '愛知県 名古屋市中区 錦1-11-11 名古屋インターシティ B1F', 35.1698395084, 136.89705158, 1);
INSERT OR REPLACE INTO service_category_rel (service_id, category_id) VALUES ('STB_1288', 'cat_cafe');
INSERT OR REPLACE INTO service_cafe_details (service_id, has_wifi) VALUES ('STB_1288', 1);
INSERT OR REPLACE INTO services (service_id, brand_id, owner_id, plan_id, ext_place_id, ext_source, title, address, lat, lng, verification_level) VALUES ('STB_1301', 'brand_starbucks', '01ARZ3NDEKTSV4RRFFQ69G5FAV', 'free', 'STB_OFFICIAL_1301', 'starbucks_official', 'スターバックス コーヒー ラスパ太田川店', '愛知県 東海市 大田町下浜田102-1 ラスパ太田川ショッピングセンター (南館1F)', 35.0202643095, 136.892102212, 1);
INSERT OR REPLACE INTO service_category_rel (service_id, category_id) VALUES ('STB_1301', 'cat_cafe');
INSERT OR REPLACE INTO service_cafe_details (service_id, has_wifi) VALUES ('STB_1301', 1);
INSERT OR REPLACE INTO services (service_id, brand_id, owner_id, plan_id, ext_place_id, ext_source, title, address, lat, lng, verification_level) VALUES ('STB_1335', 'brand_starbucks', '01ARZ3NDEKTSV4RRFFQ69G5FAV', 'free', 'STB_OFFICIAL_1335', 'starbucks_official', 'スターバックス コーヒー 安城篠目店', '愛知県 安城市 篠目町肥田59-1', 34.979072857, 137.065598311, 1);
INSERT OR REPLACE INTO service_category_rel (service_id, category_id) VALUES ('STB_1335', 'cat_cafe');
INSERT OR REPLACE INTO service_cafe_details (service_id, has_wifi) VALUES ('STB_1335', 1);
INSERT OR REPLACE INTO services (service_id, brand_id, owner_id, plan_id, ext_place_id, ext_source, title, address, lat, lng, verification_level) VALUES ('STB_1345', 'brand_starbucks', '01ARZ3NDEKTSV4RRFFQ69G5FAV', 'free', 'STB_OFFICIAL_1345', 'starbucks_official', 'スターバックス コーヒー NEOPASA岡崎サービスエリア店', '愛知県 岡崎市 宮石町六ツ田10-4  新東名高速道路 岡崎サービスエリア内', 35.0343457776, 137.221402826, 1);
INSERT OR REPLACE INTO service_category_rel (service_id, category_id) VALUES ('STB_1345', 'cat_cafe');
INSERT OR REPLACE INTO service_cafe_details (service_id, has_wifi) VALUES ('STB_1345', 1);
INSERT OR REPLACE INTO services (service_id, brand_id, owner_id, plan_id, ext_place_id, ext_source, title, address, lat, lng, verification_level) VALUES ('STB_1358', 'brand_starbucks', '01ARZ3NDEKTSV4RRFFQ69G5FAV', 'free', 'STB_OFFICIAL_1358', 'starbucks_official', 'スターバックス コーヒー ＫＩＴＴＥ名古屋店', '愛知県 名古屋市中村区 名駅1-1-1', 35.1727989423, 136.882765963, 1);
INSERT OR REPLACE INTO service_category_rel (service_id, category_id) VALUES ('STB_1358', 'cat_cafe');
INSERT OR REPLACE INTO service_cafe_details (service_id, has_wifi) VALUES ('STB_1358', 1);
INSERT OR REPLACE INTO services (service_id, brand_id, owner_id, plan_id, ext_place_id, ext_source, title, address, lat, lng, verification_level) VALUES ('STB_1371', 'brand_starbucks', '01ARZ3NDEKTSV4RRFFQ69G5FAV', 'free', 'STB_OFFICIAL_1371', 'starbucks_official', 'スターバックス コーヒー 豊田上原店', '愛知県 豊田市 上原町一丁田74-1', 35.1179572839, 137.16762372, 1);
INSERT OR REPLACE INTO service_category_rel (service_id, category_id) VALUES ('STB_1371', 'cat_cafe');
INSERT OR REPLACE INTO service_cafe_details (service_id, has_wifi) VALUES ('STB_1371', 1);
INSERT OR REPLACE INTO services (service_id, brand_id, owner_id, plan_id, ext_place_id, ext_source, title, address, lat, lng, verification_level) VALUES ('STB_1408', 'brand_starbucks', '01ARZ3NDEKTSV4RRFFQ69G5FAV', 'free', 'STB_OFFICIAL_1408', 'starbucks_official', 'スターバックス コーヒー 津島大坪店', '愛知県 津島市 大坪町蛤田28-1', 35.1616613144, 136.775436501, 1);
INSERT OR REPLACE INTO service_category_rel (service_id, category_id) VALUES ('STB_1408', 'cat_cafe');
INSERT OR REPLACE INTO service_cafe_details (service_id, has_wifi) VALUES ('STB_1408', 1);
INSERT OR REPLACE INTO services (service_id, brand_id, owner_id, plan_id, ext_place_id, ext_source, title, address, lat, lng, verification_level) VALUES ('STB_1412', 'brand_starbucks', '01ARZ3NDEKTSV4RRFFQ69G5FAV', 'free', 'STB_OFFICIAL_1412', 'starbucks_official', 'スターバックス コーヒー 名古屋滝ノ水店', '愛知県 名古屋市緑区 上旭2-201', 35.0918030848, 136.973803799, 1);
INSERT OR REPLACE INTO service_category_rel (service_id, category_id) VALUES ('STB_1412', 'cat_cafe');
INSERT OR REPLACE INTO service_cafe_details (service_id, has_wifi) VALUES ('STB_1412', 1);
INSERT OR REPLACE INTO services (service_id, brand_id, owner_id, plan_id, ext_place_id, ext_source, title, address, lat, lng, verification_level) VALUES ('STB_1469', 'brand_starbucks', '01ARZ3NDEKTSV4RRFFQ69G5FAV', 'free', 'STB_OFFICIAL_1469', 'starbucks_official', 'スターバックス コーヒー 名古屋グローバルゲート店', '愛知県 名古屋市中村区 平池町4-60-12 グローバルゲート', 35.1627733722, 136.884152143, 1);
INSERT OR REPLACE INTO service_category_rel (service_id, category_id) VALUES ('STB_1469', 'cat_cafe');
INSERT OR REPLACE INTO service_cafe_details (service_id, has_wifi) VALUES ('STB_1469', 1);
INSERT OR REPLACE INTO services (service_id, brand_id, owner_id, plan_id, ext_place_id, ext_source, title, address, lat, lng, verification_level) VALUES ('STB_1470', 'brand_starbucks', '01ARZ3NDEKTSV4RRFFQ69G5FAV', 'free', 'STB_OFFICIAL_1470', 'starbucks_official', 'スターバックス コーヒー 碧南城山店', '愛知県 碧南市 城山町1-81-3', 34.8937495917, 137.008195062, 1);
INSERT OR REPLACE INTO service_category_rel (service_id, category_id) VALUES ('STB_1470', 'cat_cafe');
INSERT OR REPLACE INTO service_cafe_details (service_id, has_wifi) VALUES ('STB_1470', 1);
INSERT OR REPLACE INTO services (service_id, brand_id, owner_id, plan_id, ext_place_id, ext_source, title, address, lat, lng, verification_level) VALUES ('STB_1478', 'brand_starbucks', '01ARZ3NDEKTSV4RRFFQ69G5FAV', 'free', 'STB_OFFICIAL_1478', 'starbucks_official', 'スターバックス コーヒー 本山駅前店', '愛知県 名古屋市千種区 東山通1-1-1', 35.1639993575, 136.963969902, 1);
INSERT OR REPLACE INTO service_category_rel (service_id, category_id) VALUES ('STB_1478', 'cat_cafe');
INSERT OR REPLACE INTO service_cafe_details (service_id, has_wifi) VALUES ('STB_1478', 1);
INSERT OR REPLACE INTO services (service_id, brand_id, owner_id, plan_id, ext_place_id, ext_source, title, address, lat, lng, verification_level) VALUES ('STB_1479', 'brand_starbucks', '01ARZ3NDEKTSV4RRFFQ69G5FAV', 'free', 'STB_OFFICIAL_1479', 'starbucks_official', 'スターバックス コーヒー 名城公園店', '愛知県 名古屋市北区 名城1-4-1 tonarino', 35.188938971, 136.903726535, 1);
INSERT OR REPLACE INTO service_category_rel (service_id, category_id) VALUES ('STB_1479', 'cat_cafe');
INSERT OR REPLACE INTO service_cafe_details (service_id, has_wifi) VALUES ('STB_1479', 1);
INSERT OR REPLACE INTO services (service_id, brand_id, owner_id, plan_id, ext_place_id, ext_source, title, address, lat, lng, verification_level) VALUES ('STB_1488', 'brand_starbucks', '01ARZ3NDEKTSV4RRFFQ69G5FAV', 'free', 'STB_OFFICIAL_1488', 'starbucks_official', 'スターバックス コーヒー 春日井勝川店', '愛知県 春日井市 小野町2-1-1', 35.2288407307, 136.962554812, 1);
INSERT OR REPLACE INTO service_category_rel (service_id, category_id) VALUES ('STB_1488', 'cat_cafe');
INSERT OR REPLACE INTO service_cafe_details (service_id, has_wifi) VALUES ('STB_1488', 1);
INSERT OR REPLACE INTO services (service_id, brand_id, owner_id, plan_id, ext_place_id, ext_source, title, address, lat, lng, verification_level) VALUES ('STB_1492', 'brand_starbucks', '01ARZ3NDEKTSV4RRFFQ69G5FAV', 'free', 'STB_OFFICIAL_1492', 'starbucks_official', 'スターバックス コーヒー イオンモール長久手店', '愛知県 長久手市 勝入塚501番地 イオンモール長久手', 35.1734476428, 137.050881694, 1);
INSERT OR REPLACE INTO service_category_rel (service_id, category_id) VALUES ('STB_1492', 'cat_cafe');
INSERT OR REPLACE INTO service_cafe_details (service_id, has_wifi) VALUES ('STB_1492', 1);
INSERT OR REPLACE INTO services (service_id, brand_id, owner_id, plan_id, ext_place_id, ext_source, title, address, lat, lng, verification_level) VALUES ('STB_1506', 'brand_starbucks', '01ARZ3NDEKTSV4RRFFQ69G5FAV', 'free', 'STB_OFFICIAL_1506', 'starbucks_official', 'スターバックス コーヒー 知立上重原店', '愛知県 知立市 上重原町恩田214', 35.0048649315, 137.024247779, 1);
INSERT OR REPLACE INTO service_category_rel (service_id, category_id) VALUES ('STB_1506', 'cat_cafe');
INSERT OR REPLACE INTO service_cafe_details (service_id, has_wifi) VALUES ('STB_1506', 1);
INSERT OR REPLACE INTO services (service_id, brand_id, owner_id, plan_id, ext_place_id, ext_source, title, address, lat, lng, verification_level) VALUES ('STB_1517', 'brand_starbucks', '01ARZ3NDEKTSV4RRFFQ69G5FAV', 'free', 'STB_OFFICIAL_1517', 'starbucks_official', 'スターバックス コーヒー プライムツリー赤池店', '愛知県 日進市 赤池町箕ノ手1 プライムツリー赤池', 35.1179691953, 137.02267909, 1);
INSERT OR REPLACE INTO service_category_rel (service_id, category_id) VALUES ('STB_1517', 'cat_cafe');
INSERT OR REPLACE INTO service_cafe_details (service_id, has_wifi) VALUES ('STB_1517', 1);
INSERT OR REPLACE INTO services (service_id, brand_id, owner_id, plan_id, ext_place_id, ext_source, title, address, lat, lng, verification_level) VALUES ('STB_1518', 'brand_starbucks', '01ARZ3NDEKTSV4RRFFQ69G5FAV', 'free', 'STB_OFFICIAL_1518', 'starbucks_official', 'スターバックス コーヒー 半田住吉店', '愛知県 半田市 出口町１-40-8', 34.9024963533, 136.924066924, 1);
INSERT OR REPLACE INTO service_category_rel (service_id, category_id) VALUES ('STB_1518', 'cat_cafe');
INSERT OR REPLACE INTO service_cafe_details (service_id, has_wifi) VALUES ('STB_1518', 1);
INSERT OR REPLACE INTO services (service_id, brand_id, owner_id, plan_id, ext_place_id, ext_source, title, address, lat, lng, verification_level) VALUES ('STB_1530', 'brand_starbucks', '01ARZ3NDEKTSV4RRFFQ69G5FAV', 'free', 'STB_OFFICIAL_1530', 'starbucks_official', 'スターバックス コーヒー 中部国際空港セントレアFLIGHT OF DREAMS店', '愛知県 常滑市 セントレア1-1 FLIGHT OF DREAMS', 34.8552942661, 136.817689599, 1);
INSERT OR REPLACE INTO service_category_rel (service_id, category_id) VALUES ('STB_1530', 'cat_cafe');
INSERT OR REPLACE INTO service_cafe_details (service_id, has_wifi) VALUES ('STB_1530', 1);
INSERT OR REPLACE INTO services (service_id, brand_id, owner_id, plan_id, ext_place_id, ext_source, title, address, lat, lng, verification_level) VALUES ('STB_1552', 'brand_starbucks', '01ARZ3NDEKTSV4RRFFQ69G5FAV', 'free', 'STB_OFFICIAL_1552', 'starbucks_official', 'スターバックス コーヒー 名古屋志段味店', '愛知県 名古屋市守山区 上志段味羽根528', 35.2544059338, 137.035318981, 1);
INSERT OR REPLACE INTO service_category_rel (service_id, category_id) VALUES ('STB_1552', 'cat_cafe');
INSERT OR REPLACE INTO service_cafe_details (service_id, has_wifi) VALUES ('STB_1552', 1);
INSERT OR REPLACE INTO services (service_id, brand_id, owner_id, plan_id, ext_place_id, ext_source, title, address, lat, lng, verification_level) VALUES ('STB_1563', 'brand_starbucks', '01ARZ3NDEKTSV4RRFFQ69G5FAV', 'free', 'STB_OFFICIAL_1563', 'starbucks_official', 'スターバックス コーヒー 日進香久山店', '愛知県 日進市 香久山4-201-3 MiO香久山 con*te uno', 35.1437017865, 137.026446759, 1);
INSERT OR REPLACE INTO service_category_rel (service_id, category_id) VALUES ('STB_1563', 'cat_cafe');
INSERT OR REPLACE INTO service_cafe_details (service_id, has_wifi) VALUES ('STB_1563', 1);
INSERT OR REPLACE INTO services (service_id, brand_id, owner_id, plan_id, ext_place_id, ext_source, title, address, lat, lng, verification_level) VALUES ('STB_1576', 'brand_starbucks', '01ARZ3NDEKTSV4RRFFQ69G5FAV', 'free', 'STB_OFFICIAL_1576', 'starbucks_official', 'スターバックス コーヒー 稲沢桜木宮前店', '愛知県 稲沢市 桜木宮前町77-1', 35.2529526908, 136.777144377, 1);
INSERT OR REPLACE INTO service_category_rel (service_id, category_id) VALUES ('STB_1576', 'cat_cafe');
INSERT OR REPLACE INTO service_cafe_details (service_id, has_wifi) VALUES ('STB_1576', 1);
INSERT OR REPLACE INTO services (service_id, brand_id, owner_id, plan_id, ext_place_id, ext_source, title, address, lat, lng, verification_level) VALUES ('STB_1596', 'brand_starbucks', '01ARZ3NDEKTSV4RRFFQ69G5FAV', 'free', 'STB_OFFICIAL_1596', 'starbucks_official', 'スターバックス コーヒー 犬山梅坪店', '愛知県 犬山市 梅坪2-116', 35.3755681912, 136.952320017, 1);
INSERT OR REPLACE INTO service_category_rel (service_id, category_id) VALUES ('STB_1596', 'cat_cafe');
INSERT OR REPLACE INTO service_cafe_details (service_id, has_wifi) VALUES ('STB_1596', 1);
INSERT OR REPLACE INTO services (service_id, brand_id, owner_id, plan_id, ext_place_id, ext_source, title, address, lat, lng, verification_level) VALUES ('STB_1602', 'brand_starbucks', '01ARZ3NDEKTSV4RRFFQ69G5FAV', 'free', 'STB_OFFICIAL_1602', 'starbucks_official', 'スターバックス コーヒー 春日井東野店', '愛知県 春日井市 東野町9-20-15', 35.2612299092, 136.986638265, 1);
INSERT OR REPLACE INTO service_category_rel (service_id, category_id) VALUES ('STB_1602', 'cat_cafe');
INSERT OR REPLACE INTO service_cafe_details (service_id, has_wifi) VALUES ('STB_1602', 1);
INSERT OR REPLACE INTO services (service_id, brand_id, owner_id, plan_id, ext_place_id, ext_source, title, address, lat, lng, verification_level) VALUES ('STB_1618', 'brand_starbucks', '01ARZ3NDEKTSV4RRFFQ69G5FAV', 'free', 'STB_OFFICIAL_1618', 'starbucks_official', 'スターバックス コーヒー ららぽーと名古屋みなとアクルス店', '愛知県 名古屋市港区 港明2-3-2 ららぽーと名古屋みなとアクルス', 35.1100251059, 136.88304022, 1);
INSERT OR REPLACE INTO service_category_rel (service_id, category_id) VALUES ('STB_1618', 'cat_cafe');
INSERT OR REPLACE INTO service_cafe_details (service_id, has_wifi) VALUES ('STB_1618', 1);
INSERT OR REPLACE INTO services (service_id, brand_id, owner_id, plan_id, ext_place_id, ext_source, title, address, lat, lng, verification_level) VALUES ('STB_1650', 'brand_starbucks', '01ARZ3NDEKTSV4RRFFQ69G5FAV', 'free', 'STB_OFFICIAL_1650', 'starbucks_official', 'スターバックス コーヒー 名古屋スパイラルタワーズ店', '愛知県 名古屋市中村区 名駅4-27-1 モード学園スパイラルタワーズ', 35.16803284, 136.885887868, 1);
INSERT OR REPLACE INTO service_category_rel (service_id, category_id) VALUES ('STB_1650', 'cat_cafe');
INSERT OR REPLACE INTO service_cafe_details (service_id, has_wifi) VALUES ('STB_1650', 1);
INSERT OR REPLACE INTO services (service_id, brand_id, owner_id, plan_id, ext_place_id, ext_source, title, address, lat, lng, verification_level) VALUES ('STB_1664', 'brand_starbucks', '01ARZ3NDEKTSV4RRFFQ69G5FAV', 'free', 'STB_OFFICIAL_1664', 'starbucks_official', 'スターバックス コーヒー 北名古屋店', '愛知県 北名古屋市 井瀬木鴨80-1', 35.2426392658, 136.883671005, 1);
INSERT OR REPLACE INTO service_category_rel (service_id, category_id) VALUES ('STB_1664', 'cat_cafe');
INSERT OR REPLACE INTO service_cafe_details (service_id, has_wifi) VALUES ('STB_1664', 1);
INSERT OR REPLACE INTO services (service_id, brand_id, owner_id, plan_id, ext_place_id, ext_source, title, address, lat, lng, verification_level) VALUES ('STB_1690', 'brand_starbucks', '01ARZ3NDEKTSV4RRFFQ69G5FAV', 'free', 'STB_OFFICIAL_1690', 'starbucks_official', 'スターバックス コーヒー 名古屋パルコ 西館店', '愛知県 名古屋市中区 栄3-29-1 名古屋パルコ', 35.1636575713, 136.907326844, 1);
INSERT OR REPLACE INTO service_category_rel (service_id, category_id) VALUES ('STB_1690', 'cat_cafe');
INSERT OR REPLACE INTO service_cafe_details (service_id, has_wifi) VALUES ('STB_1690', 1);
INSERT OR REPLACE INTO services (service_id, brand_id, owner_id, plan_id, ext_place_id, ext_source, title, address, lat, lng, verification_level) VALUES ('STB_1700', 'brand_starbucks', '01ARZ3NDEKTSV4RRFFQ69G5FAV', 'free', 'STB_OFFICIAL_1700', 'starbucks_official', 'スターバックス コーヒー 東別院店', '愛知県 名古屋市中区 橘2-903', 35.1511027446, 136.903977701, 1);
INSERT OR REPLACE INTO service_category_rel (service_id, category_id) VALUES ('STB_1700', 'cat_cafe');
INSERT OR REPLACE INTO service_cafe_details (service_id, has_wifi) VALUES ('STB_1700', 1);
INSERT OR REPLACE INTO services (service_id, brand_id, owner_id, plan_id, ext_place_id, ext_source, title, address, lat, lng, verification_level) VALUES ('STB_1706', 'brand_starbucks', '01ARZ3NDEKTSV4RRFFQ69G5FAV', 'free', 'STB_OFFICIAL_1706', 'starbucks_official', 'スターバックス コーヒー 星が丘テラス店', '愛知県 名古屋市千種区 星が丘元町16-50 星が丘テラスEAST', 35.1607503612, 136.985632142, 1);
INSERT OR REPLACE INTO service_category_rel (service_id, category_id) VALUES ('STB_1706', 'cat_cafe');
INSERT OR REPLACE INTO service_cafe_details (service_id, has_wifi) VALUES ('STB_1706', 1);
INSERT OR REPLACE INTO services (service_id, brand_id, owner_id, plan_id, ext_place_id, ext_source, title, address, lat, lng, verification_level) VALUES ('STB_1707', 'brand_starbucks', '01ARZ3NDEKTSV4RRFFQ69G5FAV', 'free', 'STB_OFFICIAL_1707', 'starbucks_official', 'スターバックス コーヒー 一宮富士店', '愛知県 一宮市 富士3-1-12', 35.3023167524, 136.818968909, 1);
INSERT OR REPLACE INTO service_category_rel (service_id, category_id) VALUES ('STB_1707', 'cat_cafe');
INSERT OR REPLACE INTO service_cafe_details (service_id, has_wifi) VALUES ('STB_1707', 1);
INSERT OR REPLACE INTO services (service_id, brand_id, owner_id, plan_id, ext_place_id, ext_source, title, address, lat, lng, verification_level) VALUES ('STB_1714', 'brand_starbucks', '01ARZ3NDEKTSV4RRFFQ69G5FAV', 'free', 'STB_OFFICIAL_1714', 'starbucks_official', 'スターバックス コーヒー 一宮木曽川店', '愛知県 一宮市 木曽川町外割田四の通り131', 35.3354804464, 136.772344032, 1);
INSERT OR REPLACE INTO service_category_rel (service_id, category_id) VALUES ('STB_1714', 'cat_cafe');
INSERT OR REPLACE INTO service_cafe_details (service_id, has_wifi) VALUES ('STB_1714', 1);
INSERT OR REPLACE INTO services (service_id, brand_id, owner_id, plan_id, ext_place_id, ext_source, title, address, lat, lng, verification_level) VALUES ('STB_1715', 'brand_starbucks', '01ARZ3NDEKTSV4RRFFQ69G5FAV', 'free', 'STB_OFFICIAL_1715', 'starbucks_official', 'スターバックス コーヒー 小牧川西店', '愛知県 小牧市 川西1-1-5', 35.285659812, 136.908033946, 1);
INSERT OR REPLACE INTO service_category_rel (service_id, category_id) VALUES ('STB_1715', 'cat_cafe');
INSERT OR REPLACE INTO service_cafe_details (service_id, has_wifi) VALUES ('STB_1715', 1);
INSERT OR REPLACE INTO services (service_id, brand_id, owner_id, plan_id, ext_place_id, ext_source, title, address, lat, lng, verification_level) VALUES ('STB_1725', 'brand_starbucks', '01ARZ3NDEKTSV4RRFFQ69G5FAV', 'free', 'STB_OFFICIAL_1725', 'starbucks_official', 'スターバックス コーヒー みよし店', '愛知県 みよし市 三好町中島70-1', 35.0936257591, 137.074458133, 1);
INSERT OR REPLACE INTO service_category_rel (service_id, category_id) VALUES ('STB_1725', 'cat_cafe');
INSERT OR REPLACE INTO service_cafe_details (service_id, has_wifi) VALUES ('STB_1725', 1);
INSERT OR REPLACE INTO services (service_id, brand_id, owner_id, plan_id, ext_place_id, ext_source, title, address, lat, lng, verification_level) VALUES ('STB_1730', 'brand_starbucks', '01ARZ3NDEKTSV4RRFFQ69G5FAV', 'free', 'STB_OFFICIAL_1730', 'starbucks_official', 'スターバックス コーヒー 豊田住吉店', '愛知県 豊田市 住吉町平和27-1', 35.0364149445, 137.122768978, 1);
INSERT OR REPLACE INTO service_category_rel (service_id, category_id) VALUES ('STB_1730', 'cat_cafe');
INSERT OR REPLACE INTO service_cafe_details (service_id, has_wifi) VALUES ('STB_1730', 1);
INSERT OR REPLACE INTO services (service_id, brand_id, owner_id, plan_id, ext_place_id, ext_source, title, address, lat, lng, verification_level) VALUES ('STB_1770', 'brand_starbucks', '01ARZ3NDEKTSV4RRFFQ69G5FAV', 'free', 'STB_OFFICIAL_1770', 'starbucks_official', 'スターバックス コーヒー 愛西店', '愛知県 愛西市 善太新田町十二上57', 35.1212418651, 136.766188297, 1);
INSERT OR REPLACE INTO service_category_rel (service_id, category_id) VALUES ('STB_1770', 'cat_cafe');
INSERT OR REPLACE INTO service_cafe_details (service_id, has_wifi) VALUES ('STB_1770', 1);
INSERT OR REPLACE INTO services (service_id, brand_id, owner_id, plan_id, ext_place_id, ext_source, title, address, lat, lng, verification_level) VALUES ('STB_1804', 'brand_starbucks', '01ARZ3NDEKTSV4RRFFQ69G5FAV', 'free', 'STB_OFFICIAL_1804', 'starbucks_official', 'スターバックス コーヒー イオンモール東浦2階店', '愛知県 知多郡 東浦町緒川旭13-2 イオンモール東浦 2階', 34.9791826419, 136.974445876, 1);
INSERT OR REPLACE INTO service_category_rel (service_id, category_id) VALUES ('STB_1804', 'cat_cafe');
INSERT OR REPLACE INTO service_cafe_details (service_id, has_wifi) VALUES ('STB_1804', 1);
INSERT OR REPLACE INTO services (service_id, brand_id, owner_id, plan_id, ext_place_id, ext_source, title, address, lat, lng, verification_level) VALUES ('STB_1818', 'brand_starbucks', '01ARZ3NDEKTSV4RRFFQ69G5FAV', 'free', 'STB_OFFICIAL_1818', 'starbucks_official', 'スターバックス コーヒー 小牧市中央図書館店', '愛知県 小牧市 中央1-234 小牧市中央図書館', 35.2895574858, 136.925945334, 1);
INSERT OR REPLACE INTO service_category_rel (service_id, category_id) VALUES ('STB_1818', 'cat_cafe');
INSERT OR REPLACE INTO service_cafe_details (service_id, has_wifi) VALUES ('STB_1818', 1);
INSERT OR REPLACE INTO services (service_id, brand_id, owner_id, plan_id, ext_place_id, ext_source, title, address, lat, lng, verification_level) VALUES ('STB_1831', 'brand_starbucks', '01ARZ3NDEKTSV4RRFFQ69G5FAV', 'free', 'STB_OFFICIAL_1831', 'starbucks_official', 'スターバックス コーヒー 上小田井mozoワンダーシティ 4階店', '愛知県 名古屋市西区 二方町40 mozo ワンダーシティ', 35.2248155871, 136.881978078, 1);
INSERT OR REPLACE INTO service_category_rel (service_id, category_id) VALUES ('STB_1831', 'cat_cafe');
INSERT OR REPLACE INTO service_cafe_details (service_id, has_wifi) VALUES ('STB_1831', 1);
INSERT OR REPLACE INTO services (service_id, brand_id, owner_id, plan_id, ext_place_id, ext_source, title, address, lat, lng, verification_level) VALUES ('STB_1834', 'brand_starbucks', '01ARZ3NDEKTSV4RRFFQ69G5FAV', 'free', 'STB_OFFICIAL_1834', 'starbucks_official', 'スターバックス コーヒー ヨリマチFUSHIMI店', '愛知県 名古屋市中区 錦2-16-24 ヨリマチFUSHIMI', 35.1680805341, 136.897294418, 1);
INSERT OR REPLACE INTO service_category_rel (service_id, category_id) VALUES ('STB_1834', 'cat_cafe');
INSERT OR REPLACE INTO service_cafe_details (service_id, has_wifi) VALUES ('STB_1834', 1);
INSERT OR REPLACE INTO services (service_id, brand_id, owner_id, plan_id, ext_place_id, ext_source, title, address, lat, lng, verification_level) VALUES ('STB_1843', 'brand_starbucks', '01ARZ3NDEKTSV4RRFFQ69G5FAV', 'free', 'STB_OFFICIAL_1843', 'starbucks_official', 'スターバックス コーヒー 豊明店', '愛知県 豊明市 沓掛町十三塚2', 35.0600811941, 137.021175214, 1);
INSERT OR REPLACE INTO service_category_rel (service_id, category_id) VALUES ('STB_1843', 'cat_cafe');
INSERT OR REPLACE INTO service_cafe_details (service_id, has_wifi) VALUES ('STB_1843', 1);
INSERT OR REPLACE INTO services (service_id, brand_id, owner_id, plan_id, ext_place_id, ext_source, title, address, lat, lng, verification_level) VALUES ('STB_1849', 'brand_starbucks', '01ARZ3NDEKTSV4RRFFQ69G5FAV', 'free', 'STB_OFFICIAL_1849', 'starbucks_official', 'スターバックス コーヒー ららぽーと愛知東郷3階店', '愛知県 愛知郡 東郷町東郷中央土地区画整理事業62街区1・3 ららぽーと愛知東郷3階(店舗番号3470)', 35.0984039547, 137.048125934, 1);
INSERT OR REPLACE INTO service_category_rel (service_id, category_id) VALUES ('STB_1849', 'cat_cafe');
INSERT OR REPLACE INTO service_cafe_details (service_id, has_wifi) VALUES ('STB_1849', 1);
INSERT OR REPLACE INTO services (service_id, brand_id, owner_id, plan_id, ext_place_id, ext_source, title, address, lat, lng, verification_level) VALUES ('STB_1871', 'brand_starbucks', '01ARZ3NDEKTSV4RRFFQ69G5FAV', 'free', 'STB_OFFICIAL_1871', 'starbucks_official', 'スターバックス コーヒー 東海加木屋店', '愛知県 東海市 加木屋町石田72', 35.0068249136, 136.908003454, 1);
INSERT OR REPLACE INTO service_category_rel (service_id, category_id) VALUES ('STB_1871', 'cat_cafe');
INSERT OR REPLACE INTO service_cafe_details (service_id, has_wifi) VALUES ('STB_1871', 1);
INSERT OR REPLACE INTO services (service_id, brand_id, owner_id, plan_id, ext_place_id, ext_source, title, address, lat, lng, verification_level) VALUES ('STB_1880', 'brand_starbucks', '01ARZ3NDEKTSV4RRFFQ69G5FAV', 'free', 'STB_OFFICIAL_1880', 'starbucks_official', 'スターバックス コーヒー イオン八事店', '愛知県 名古屋市昭和区 広路町石坂2-1 イオン八事B2階', 35.1371916532, 136.963045658, 1);
INSERT OR REPLACE INTO service_category_rel (service_id, category_id) VALUES ('STB_1880', 'cat_cafe');
INSERT OR REPLACE INTO service_cafe_details (service_id, has_wifi) VALUES ('STB_1880', 1);
INSERT OR REPLACE INTO services (service_id, brand_id, owner_id, plan_id, ext_place_id, ext_source, title, address, lat, lng, verification_level) VALUES ('STB_1890', 'brand_starbucks', '01ARZ3NDEKTSV4RRFFQ69G5FAV', 'free', 'STB_OFFICIAL_1890', 'starbucks_official', 'スターバックス コーヒー 豊橋曙店', '愛知県 豊橋市 曙町南松原6-4', 34.7302650402, 137.400416128, 1);
INSERT OR REPLACE INTO service_category_rel (service_id, category_id) VALUES ('STB_1890', 'cat_cafe');
INSERT OR REPLACE INTO service_cafe_details (service_id, has_wifi) VALUES ('STB_1890', 1);
INSERT OR REPLACE INTO services (service_id, brand_id, owner_id, plan_id, ext_place_id, ext_source, title, address, lat, lng, verification_level) VALUES ('STB_1899', 'brand_starbucks', '01ARZ3NDEKTSV4RRFFQ69G5FAV', 'free', 'STB_OFFICIAL_1899', 'starbucks_official', 'スターバックス コーヒー 豊田鞍ケ池公園店', '愛知県 豊田市 池田町五反田566-1 鞍ケ池公園', 35.0976130825, 137.215983419, 1);
INSERT OR REPLACE INTO service_category_rel (service_id, category_id) VALUES ('STB_1899', 'cat_cafe');
INSERT OR REPLACE INTO service_cafe_details (service_id, has_wifi) VALUES ('STB_1899', 1);
INSERT OR REPLACE INTO services (service_id, brand_id, owner_id, plan_id, ext_place_id, ext_source, title, address, lat, lng, verification_level) VALUES ('STB_2028', 'brand_starbucks', '01ARZ3NDEKTSV4RRFFQ69G5FAV', 'free', 'STB_OFFICIAL_2028', 'starbucks_official', 'スターバックス コーヒー JR名古屋駅　広小路口店', '愛知県 名古屋市中村区 名駅1-1-5  JR名古屋駅構内', 35.170054237, 136.882829418, 1);
INSERT OR REPLACE INTO service_category_rel (service_id, category_id) VALUES ('STB_2028', 'cat_cafe');
INSERT OR REPLACE INTO service_cafe_details (service_id, has_wifi) VALUES ('STB_2028', 1);
INSERT OR REPLACE INTO services (service_id, brand_id, owner_id, plan_id, ext_place_id, ext_source, title, address, lat, lng, verification_level) VALUES ('STB_2048', 'brand_starbucks', '01ARZ3NDEKTSV4RRFFQ69G5FAV', 'free', 'STB_OFFICIAL_2048', 'starbucks_official', 'スターバックス コーヒー JR名古屋駅 新幹線南ラチ内店', '愛知県 名古屋市中村区 名駅1-1-5  JR名古屋駅構内', 35.1701089251, 136.881212327, 1);
INSERT OR REPLACE INTO service_category_rel (service_id, category_id) VALUES ('STB_2048', 'cat_cafe');
INSERT OR REPLACE INTO service_cafe_details (service_id, has_wifi) VALUES ('STB_2048', 1);
INSERT OR REPLACE INTO services (service_id, brand_id, owner_id, plan_id, ext_place_id, ext_source, title, address, lat, lng, verification_level) VALUES ('STB_2064', 'brand_starbucks', '01ARZ3NDEKTSV4RRFFQ69G5FAV', 'free', 'STB_OFFICIAL_2064', 'starbucks_official', 'スターバックス コーヒー 名古屋 JRゲートタワー店', '愛知県 名古屋市中村区 名駅1-1-3 JRゲートタワー 15F', 35.1720337505, 136.882999035, 1);
INSERT OR REPLACE INTO service_category_rel (service_id, category_id) VALUES ('STB_2064', 'cat_cafe');
INSERT OR REPLACE INTO service_cafe_details (service_id, has_wifi) VALUES ('STB_2064', 1);
INSERT OR REPLACE INTO services (service_id, brand_id, owner_id, plan_id, ext_place_id, ext_source, title, address, lat, lng, verification_level) VALUES ('STB_2068', 'brand_starbucks', '01ARZ3NDEKTSV4RRFFQ69G5FAV', 'free', 'STB_OFFICIAL_2068', 'starbucks_official', 'スターバックス コーヒー ＪＲ名古屋駅 太閤通南口店', '愛知県 名古屋市中村区 名駅1-1-4', 35.1692829087, 136.881572335, 1);
INSERT OR REPLACE INTO service_category_rel (service_id, category_id) VALUES ('STB_2068', 'cat_cafe');
INSERT OR REPLACE INTO service_cafe_details (service_id, has_wifi) VALUES ('STB_2068', 1);
INSERT OR REPLACE INTO services (service_id, brand_id, owner_id, plan_id, ext_place_id, ext_source, title, address, lat, lng, verification_level) VALUES ('STB_2088', 'brand_starbucks', '01ARZ3NDEKTSV4RRFFQ69G5FAV', 'free', 'STB_OFFICIAL_2088', 'starbucks_official', 'スターバックス コーヒー 名古屋 タカシマヤ ゲートタワーモール店', '愛知県 名古屋市中村区 名駅1-1-3 タカシマヤ ゲートタワーモール１F', 35.1723531497, 136.882367406, 1);
INSERT OR REPLACE INTO service_category_rel (service_id, category_id) VALUES ('STB_2088', 'cat_cafe');
INSERT OR REPLACE INTO service_cafe_details (service_id, has_wifi) VALUES ('STB_2088', 1);
INSERT OR REPLACE INTO services (service_id, brand_id, owner_id, plan_id, ext_place_id, ext_source, title, address, lat, lng, verification_level) VALUES ('STB_2097', 'brand_starbucks', '01ARZ3NDEKTSV4RRFFQ69G5FAV', 'free', 'STB_OFFICIAL_2097', 'starbucks_official', 'スターバックス コーヒー 草叢BOOKS 新守山店', '愛知県 名古屋市守山区 新守山2830 アピタ新守山', 35.2044628171, 136.948627091, 1);
INSERT OR REPLACE INTO service_category_rel (service_id, category_id) VALUES ('STB_2097', 'cat_cafe');
INSERT OR REPLACE INTO service_cafe_details (service_id, has_wifi) VALUES ('STB_2097', 0);
INSERT OR REPLACE INTO services (service_id, brand_id, owner_id, plan_id, ext_place_id, ext_source, title, address, lat, lng, verification_level) VALUES ('STB_2098', 'brand_starbucks', '01ARZ3NDEKTSV4RRFFQ69G5FAV', 'free', 'STB_OFFICIAL_2098', 'starbucks_official', 'スターバックス コーヒー 東山線千種駅店', '愛知県 名古屋市東区 葵3-15-21先 地下鉄千種駅', 35.1706502815, 136.930372942, 1);
INSERT OR REPLACE INTO service_category_rel (service_id, category_id) VALUES ('STB_2098', 'cat_cafe');
INSERT OR REPLACE INTO service_cafe_details (service_id, has_wifi) VALUES ('STB_2098', 1);
INSERT OR REPLACE INTO services (service_id, brand_id, owner_id, plan_id, ext_place_id, ext_source, title, address, lat, lng, verification_level) VALUES ('STB_2107', 'brand_starbucks', '01ARZ3NDEKTSV4RRFFQ69G5FAV', 'free', 'STB_OFFICIAL_2107', 'starbucks_official', 'スターバックス コーヒー ASTY大曽根店', '愛知県 名古屋市東区 東大曽根町46-6 ASTY大曽根', 35.1919781182, 136.93712251, 1);
INSERT OR REPLACE INTO service_category_rel (service_id, category_id) VALUES ('STB_2107', 'cat_cafe');
INSERT OR REPLACE INTO service_cafe_details (service_id, has_wifi) VALUES ('STB_2107', 1);
INSERT OR REPLACE INTO services (service_id, brand_id, owner_id, plan_id, ext_place_id, ext_source, title, address, lat, lng, verification_level) VALUES ('STB_2122', 'brand_starbucks', '01ARZ3NDEKTSV4RRFFQ69G5FAV', 'free', 'STB_OFFICIAL_2122', 'starbucks_official', 'スターバックス コーヒー TSUTAYA 春日井店', '愛知県 春日井市 美濃町2-3', 35.2397594903, 136.942501808, 1);
INSERT OR REPLACE INTO service_category_rel (service_id, category_id) VALUES ('STB_2122', 'cat_cafe');
INSERT OR REPLACE INTO service_cafe_details (service_id, has_wifi) VALUES ('STB_2122', 1);
INSERT OR REPLACE INTO services (service_id, brand_id, owner_id, plan_id, ext_place_id, ext_source, title, address, lat, lng, verification_level) VALUES ('STB_2127', 'brand_starbucks', '01ARZ3NDEKTSV4RRFFQ69G5FAV', 'free', 'STB_OFFICIAL_2127', 'starbucks_official', 'スターバックス コーヒー 名古屋みなと 蔦屋書店', '愛知県 名古屋市港区 港明2-3-2 ららぽーと名古屋みなとアクルス', 35.1091346608, 136.883913799, 1);
INSERT OR REPLACE INTO service_category_rel (service_id, category_id) VALUES ('STB_2127', 'cat_cafe');
INSERT OR REPLACE INTO service_cafe_details (service_id, has_wifi) VALUES ('STB_2127', 0);
INSERT OR REPLACE INTO services (service_id, brand_id, owner_id, plan_id, ext_place_id, ext_source, title, address, lat, lng, verification_level) VALUES ('STB_2143', 'brand_starbucks', '01ARZ3NDEKTSV4RRFFQ69G5FAV', 'free', 'STB_OFFICIAL_2143', 'starbucks_official', 'スターバックス コーヒー TSUTAYA 瀬戸店', '愛知県 瀬戸市 西本地町2-222-1', 35.2070022101, 137.056648281, 1);
INSERT OR REPLACE INTO service_category_rel (service_id, category_id) VALUES ('STB_2143', 'cat_cafe');
INSERT OR REPLACE INTO service_cafe_details (service_id, has_wifi) VALUES ('STB_2143', 1);
INSERT OR REPLACE INTO services (service_id, brand_id, owner_id, plan_id, ext_place_id, ext_source, title, address, lat, lng, verification_level) VALUES ('STB_2162', 'brand_starbucks', '01ARZ3NDEKTSV4RRFFQ69G5FAV', 'free', 'STB_OFFICIAL_2162', 'starbucks_official', 'スターバックス コーヒー 大同病院店', '愛知県 名古屋市南区 白水町9 大同病院', 35.0744971126, 136.907592595, 1);
INSERT OR REPLACE INTO service_category_rel (service_id, category_id) VALUES ('STB_2162', 'cat_cafe');
INSERT OR REPLACE INTO service_cafe_details (service_id, has_wifi) VALUES ('STB_2162', 0);
INSERT OR REPLACE INTO services (service_id, brand_id, owner_id, plan_id, ext_place_id, ext_source, title, address, lat, lng, verification_level) VALUES ('STB_2170', 'brand_starbucks', '01ARZ3NDEKTSV4RRFFQ69G5FAV', 'free', 'STB_OFFICIAL_2170', 'starbucks_official', 'スターバックス コーヒー TSUTAYA BOOKSTORE ららぽーと愛知東郷店', '愛知県 愛知郡 東郷町東郷中央土地区画整理事業62街区1・3 ららぽーと愛知東郷2階(店舗番号23601)', 35.0986744545, 137.046589938, 1);
INSERT OR REPLACE INTO service_category_rel (service_id, category_id) VALUES ('STB_2170', 'cat_cafe');
INSERT OR REPLACE INTO service_cafe_details (service_id, has_wifi) VALUES ('STB_2170', 0);
INSERT OR REPLACE INTO services (service_id, brand_id, owner_id, plan_id, ext_place_id, ext_source, title, address, lat, lng, verification_level) VALUES ('STB_2283', 'brand_starbucks', '01ARZ3NDEKTSV4RRFFQ69G5FAV', 'free', 'STB_OFFICIAL_2283', 'starbucks_official', 'スターバックス コーヒー 中部大学店', '愛知県 春日井市 松本町1200', 35.2747075642, 137.014430336, 1);
INSERT OR REPLACE INTO service_category_rel (service_id, category_id) VALUES ('STB_2283', 'cat_cafe');
INSERT OR REPLACE INTO service_cafe_details (service_id, has_wifi) VALUES ('STB_2283', 0);
INSERT OR REPLACE INTO services (service_id, brand_id, owner_id, plan_id, ext_place_id, ext_source, title, address, lat, lng, verification_level) VALUES ('STB_2322', 'brand_starbucks', '01ARZ3NDEKTSV4RRFFQ69G5FAV', 'free', 'STB_OFFICIAL_2322', 'starbucks_official', 'スターバックス コーヒー JR刈谷駅店', '愛知県 刈谷市 桜町1-55 JR刈谷駅コンコース内', 34.9910169736, 137.00864749, 1);
INSERT OR REPLACE INTO service_category_rel (service_id, category_id) VALUES ('STB_2322', 'cat_cafe');
INSERT OR REPLACE INTO service_cafe_details (service_id, has_wifi) VALUES ('STB_2322', 0);
INSERT OR REPLACE INTO services (service_id, brand_id, owner_id, plan_id, ext_place_id, ext_source, title, address, lat, lng, verification_level) VALUES ('STB_2333', 'brand_starbucks', '01ARZ3NDEKTSV4RRFFQ69G5FAV', 'free', 'STB_OFFICIAL_2333', 'starbucks_official', 'スターバックス コーヒー スターバックス ティー＆カフェ JR名古屋駅 中央コンコース店', '愛知県 名古屋市中村区 名駅1-1-4 JR名古屋駅 中央コンコース内', 35.1706094449, 136.882227498, 1);
INSERT OR REPLACE INTO service_category_rel (service_id, category_id) VALUES ('STB_2333', 'cat_cafe');
INSERT OR REPLACE INTO service_cafe_details (service_id, has_wifi) VALUES ('STB_2333', 1);
INSERT OR REPLACE INTO services (service_id, brand_id, owner_id, plan_id, ext_place_id, ext_source, title, address, lat, lng, verification_level) VALUES ('STB_4007', 'brand_starbucks', '01ARZ3NDEKTSV4RRFFQ69G5FAV', 'free', 'STB_OFFICIAL_4007', 'starbucks_official', 'スターバックス コーヒー 大名古屋ビルヂング店', '愛知県 名古屋市中村区 名駅3-28-12 大名古屋ビルヂング地下1階', 35.1723504102, 136.884542503, 1);
INSERT OR REPLACE INTO service_category_rel (service_id, category_id) VALUES ('STB_4007', 'cat_cafe');
INSERT OR REPLACE INTO service_cafe_details (service_id, has_wifi) VALUES ('STB_4007', 1);
INSERT OR REPLACE INTO services (service_id, brand_id, owner_id, plan_id, ext_place_id, ext_source, title, address, lat, lng, verification_level) VALUES ('STB_4011', 'brand_starbucks', '01ARZ3NDEKTSV4RRFFQ69G5FAV', 'free', 'STB_OFFICIAL_4011', 'starbucks_official', 'スターバックス コーヒー イオンタウン岡崎美合店', '愛知県 岡崎市 美合町つむぎ南1-1 イオンタウン岡崎美合', 34.9257120492, 137.185583025, 1);
INSERT OR REPLACE INTO service_category_rel (service_id, category_id) VALUES ('STB_4011', 'cat_cafe');
INSERT OR REPLACE INTO service_cafe_details (service_id, has_wifi) VALUES ('STB_4011', 1);
INSERT OR REPLACE INTO services (service_id, brand_id, owner_id, plan_id, ext_place_id, ext_source, title, address, lat, lng, verification_level) VALUES ('STB_4017', 'brand_starbucks', '01ARZ3NDEKTSV4RRFFQ69G5FAV', 'free', 'STB_OFFICIAL_4017', 'starbucks_official', 'スターバックス コーヒー アスナル金山3階店', '愛知県 名古屋市中区 金山1-17-1 アスナル金山', 35.1443317445, 136.900676898, 1);
INSERT OR REPLACE INTO service_category_rel (service_id, category_id) VALUES ('STB_4017', 'cat_cafe');
INSERT OR REPLACE INTO service_cafe_details (service_id, has_wifi) VALUES ('STB_4017', 1);
INSERT OR REPLACE INTO services (service_id, brand_id, owner_id, plan_id, ext_place_id, ext_source, title, address, lat, lng, verification_level) VALUES ('STB_4030', 'brand_starbucks', '01ARZ3NDEKTSV4RRFFQ69G5FAV', 'free', 'STB_OFFICIAL_4030', 'starbucks_official', 'スターバックス コーヒー 豊橋柱店', '愛知県 豊橋市 牟呂町扇田53-1', 34.7503377457, 137.376066392, 1);
INSERT OR REPLACE INTO service_category_rel (service_id, category_id) VALUES ('STB_4030', 'cat_cafe');
INSERT OR REPLACE INTO service_cafe_details (service_id, has_wifi) VALUES ('STB_4030', 1);
INSERT OR REPLACE INTO services (service_id, brand_id, owner_id, plan_id, ext_place_id, ext_source, title, address, lat, lng, verification_level) VALUES ('STB_4041', 'brand_starbucks', '01ARZ3NDEKTSV4RRFFQ69G5FAV', 'free', 'STB_OFFICIAL_4041', 'starbucks_official', 'スターバックス コーヒー ミュープラット神宮前店', '愛知県 名古屋市熱田区 三本松町18-4 μPLAT神宮前2階', 35.1262055697, 136.913255299, 1);
INSERT OR REPLACE INTO service_category_rel (service_id, category_id) VALUES ('STB_4041', 'cat_cafe');
INSERT OR REPLACE INTO service_cafe_details (service_id, has_wifi) VALUES ('STB_4041', 1);
INSERT OR REPLACE INTO services (service_id, brand_id, owner_id, plan_id, ext_place_id, ext_source, title, address, lat, lng, verification_level) VALUES ('STB_4047', 'brand_starbucks', '01ARZ3NDEKTSV4RRFFQ69G5FAV', 'free', 'STB_OFFICIAL_4047', 'starbucks_official', 'スターバックス コーヒー 豊川下長山店', '愛知県 豊川市 下長山町宮下7-1', 34.8070798202, 137.381112527, 1);
INSERT OR REPLACE INTO service_category_rel (service_id, category_id) VALUES ('STB_4047', 'cat_cafe');
INSERT OR REPLACE INTO service_cafe_details (service_id, has_wifi) VALUES ('STB_4047', 1);
INSERT OR REPLACE INTO services (service_id, brand_id, owner_id, plan_id, ext_place_id, ext_source, title, address, lat, lng, verification_level) VALUES ('STB_4048', 'brand_starbucks', '01ARZ3NDEKTSV4RRFFQ69G5FAV', 'free', 'STB_OFFICIAL_4048', 'starbucks_official', 'スターバックス コーヒー 名古屋則武新町1階店', '愛知県 名古屋市西区 則武新町3-1-17 イオンモール Nagoya Noritake Garden', 35.1799861802, 136.879961976, 1);
INSERT OR REPLACE INTO service_category_rel (service_id, category_id) VALUES ('STB_4048', 'cat_cafe');
INSERT OR REPLACE INTO service_cafe_details (service_id, has_wifi) VALUES ('STB_4048', 1);
INSERT OR REPLACE INTO services (service_id, brand_id, owner_id, plan_id, ext_place_id, ext_source, title, address, lat, lng, verification_level) VALUES ('STB_4049', 'brand_starbucks', '01ARZ3NDEKTSV4RRFFQ69G5FAV', 'free', 'STB_OFFICIAL_4049', 'starbucks_official', 'スターバックス コーヒー 名古屋則武新町2階店', '愛知県 名古屋市西区 則武新町3-1-17 イオンモール Nagoya Noritake Garden', 35.1793537402, 136.879524264, 1);
INSERT OR REPLACE INTO service_category_rel (service_id, category_id) VALUES ('STB_4049', 'cat_cafe');
INSERT OR REPLACE INTO service_cafe_details (service_id, has_wifi) VALUES ('STB_4049', 1);
INSERT OR REPLACE INTO services (service_id, brand_id, owner_id, plan_id, ext_place_id, ext_source, title, address, lat, lng, verification_level) VALUES ('STB_4057', 'brand_starbucks', '01ARZ3NDEKTSV4RRFFQ69G5FAV', 'free', 'STB_OFFICIAL_4057', 'starbucks_official', 'スターバックス コーヒー イオンモール岡崎3階店', '愛知県 岡崎市 戸崎町外山38-5 イオンモール岡崎3階', 34.9366910558, 137.164137912, 1);
INSERT OR REPLACE INTO service_category_rel (service_id, category_id) VALUES ('STB_4057', 'cat_cafe');
INSERT OR REPLACE INTO service_cafe_details (service_id, has_wifi) VALUES ('STB_4057', 1);
INSERT OR REPLACE INTO services (service_id, brand_id, owner_id, plan_id, ext_place_id, ext_source, title, address, lat, lng, verification_level) VALUES ('STB_4068', 'brand_starbucks', '01ARZ3NDEKTSV4RRFFQ69G5FAV', 'free', 'STB_OFFICIAL_4068', 'starbucks_official', 'スターバックス コーヒー 栄セントラルパーク店', '愛知県 名古屋市中区 錦3-15-13先 セントラルパーク地下街', 35.1721664008, 136.908317481, 1);
INSERT OR REPLACE INTO service_category_rel (service_id, category_id) VALUES ('STB_4068', 'cat_cafe');
INSERT OR REPLACE INTO service_cafe_details (service_id, has_wifi) VALUES ('STB_4068', 1);
INSERT OR REPLACE INTO services (service_id, brand_id, owner_id, plan_id, ext_place_id, ext_source, title, address, lat, lng, verification_level) VALUES ('STB_4069', 'brand_starbucks', '01ARZ3NDEKTSV4RRFFQ69G5FAV', 'free', 'STB_OFFICIAL_4069', 'starbucks_official', 'スターバックス コーヒー イオンモール常滑店', '愛知県 常滑市 りんくう町2-20-3 イオンモール常滑', 34.8826792593, 136.825960984, 1);
INSERT OR REPLACE INTO service_category_rel (service_id, category_id) VALUES ('STB_4069', 'cat_cafe');
INSERT OR REPLACE INTO service_cafe_details (service_id, has_wifi) VALUES ('STB_4069', 1);
INSERT OR REPLACE INTO services (service_id, brand_id, owner_id, plan_id, ext_place_id, ext_source, title, address, lat, lng, verification_level) VALUES ('STB_4077', 'brand_starbucks', '01ARZ3NDEKTSV4RRFFQ69G5FAV', 'free', 'STB_OFFICIAL_4077', 'starbucks_official', 'スターバックス コーヒー ヨロッカ春日井店', '愛知県 春日井市 六軒屋町東丘22 ヨロッカ春日井', 35.2590359075, 136.982647586, 1);
INSERT OR REPLACE INTO service_category_rel (service_id, category_id) VALUES ('STB_4077', 'cat_cafe');
INSERT OR REPLACE INTO service_cafe_details (service_id, has_wifi) VALUES ('STB_4077', 1);
INSERT OR REPLACE INTO services (service_id, brand_id, owner_id, plan_id, ext_place_id, ext_source, title, address, lat, lng, verification_level) VALUES ('STB_4081', 'brand_starbucks', '01ARZ3NDEKTSV4RRFFQ69G5FAV', 'free', 'STB_OFFICIAL_4081', 'starbucks_official', 'スターバックス コーヒー 岡崎針崎店', '愛知県 岡崎市 針崎西1-9-4', 34.9192632642, 137.152041941, 1);
INSERT OR REPLACE INTO service_category_rel (service_id, category_id) VALUES ('STB_4081', 'cat_cafe');
INSERT OR REPLACE INTO service_cafe_details (service_id, has_wifi) VALUES ('STB_4081', 1);
INSERT OR REPLACE INTO services (service_id, brand_id, owner_id, plan_id, ext_place_id, ext_source, title, address, lat, lng, verification_level) VALUES ('STB_4091', 'brand_starbucks', '01ARZ3NDEKTSV4RRFFQ69G5FAV', 'free', 'STB_OFFICIAL_4091', 'starbucks_official', 'スターバックス コーヒー アピタタウン稲沢店', '愛知県 稲沢市 天池五反田町1 アピタタウン稲沢', 35.2521996205, 136.771690421, 1);
INSERT OR REPLACE INTO service_category_rel (service_id, category_id) VALUES ('STB_4091', 'cat_cafe');
INSERT OR REPLACE INTO service_cafe_details (service_id, has_wifi) VALUES ('STB_4091', 1);
INSERT OR REPLACE INTO services (service_id, brand_id, owner_id, plan_id, ext_place_id, ext_source, title, address, lat, lng, verification_level) VALUES ('STB_4095', 'brand_starbucks', '01ARZ3NDEKTSV4RRFFQ69G5FAV', 'free', 'STB_OFFICIAL_4095', 'starbucks_official', 'スターバックス コーヒー 愛知医科大学店', '愛知県 長久手市 岩作雁又1-1', 35.1912287455, 137.047963062, 1);
INSERT OR REPLACE INTO service_category_rel (service_id, category_id) VALUES ('STB_4095', 'cat_cafe');
INSERT OR REPLACE INTO service_cafe_details (service_id, has_wifi) VALUES ('STB_4095', 1);
INSERT OR REPLACE INTO services (service_id, brand_id, owner_id, plan_id, ext_place_id, ext_source, title, address, lat, lng, verification_level) VALUES ('STB_4099', 'brand_starbucks', '01ARZ3NDEKTSV4RRFFQ69G5FAV', 'free', 'STB_OFFICIAL_4099', 'starbucks_official', 'スターバックス コーヒー 刈谷松栄店', '愛知県 刈谷市 松栄町2-7-5', 34.9794319769, 137.033314586, 1);
INSERT OR REPLACE INTO service_category_rel (service_id, category_id) VALUES ('STB_4099', 'cat_cafe');
INSERT OR REPLACE INTO service_cafe_details (service_id, has_wifi) VALUES ('STB_4099', 1);
INSERT OR REPLACE INTO services (service_id, brand_id, owner_id, plan_id, ext_place_id, ext_source, title, address, lat, lng, verification_level) VALUES ('STB_4100', 'brand_starbucks', '01ARZ3NDEKTSV4RRFFQ69G5FAV', 'free', 'STB_OFFICIAL_4100', 'starbucks_official', 'スターバックス コーヒー 刈谷東境店', '愛知県 刈谷市 東境町松本15-2', 35.0368207205, 137.026557227, 1);
INSERT OR REPLACE INTO service_category_rel (service_id, category_id) VALUES ('STB_4100', 'cat_cafe');
INSERT OR REPLACE INTO service_cafe_details (service_id, has_wifi) VALUES ('STB_4100', 1);
INSERT OR REPLACE INTO services (service_id, brand_id, owner_id, plan_id, ext_place_id, ext_source, title, address, lat, lng, verification_level) VALUES ('STB_4105', 'brand_starbucks', '01ARZ3NDEKTSV4RRFFQ69G5FAV', 'free', 'STB_OFFICIAL_4105', 'starbucks_official', 'スターバックス コーヒー そよら上飯田店', '愛知県 名古屋市北区 織部町1-1 そよら上飯田', 35.2012780941, 136.929084138, 1);
INSERT OR REPLACE INTO service_category_rel (service_id, category_id) VALUES ('STB_4105', 'cat_cafe');
INSERT OR REPLACE INTO service_cafe_details (service_id, has_wifi) VALUES ('STB_4105', 1);
INSERT OR REPLACE INTO services (service_id, brand_id, owner_id, plan_id, ext_place_id, ext_source, title, address, lat, lng, verification_level) VALUES ('STB_4116', 'brand_starbucks', '01ARZ3NDEKTSV4RRFFQ69G5FAV', 'free', 'STB_OFFICIAL_4116', 'starbucks_official', 'スターバックス コーヒー 中京大学 名古屋キャンパス店', '愛知県 名古屋市昭和区 八事本町101-2 中京大学名古屋キャンパスセンタービルＧ階', 35.1380041119, 136.965659292, 1);
INSERT OR REPLACE INTO service_category_rel (service_id, category_id) VALUES ('STB_4116', 'cat_cafe');
INSERT OR REPLACE INTO service_cafe_details (service_id, has_wifi) VALUES ('STB_4116', 1);
INSERT OR REPLACE INTO services (service_id, brand_id, owner_id, plan_id, ext_place_id, ext_source, title, address, lat, lng, verification_level) VALUES ('STB_4119', 'brand_starbucks', '01ARZ3NDEKTSV4RRFFQ69G5FAV', 'free', 'STB_OFFICIAL_4119', 'starbucks_official', 'スターバックス コーヒー 豊田T-FACE店', '愛知県 豊田市 若宮町1-57-1 T-FACE A館2階', 35.0868926101, 137.155097302, 1);
INSERT OR REPLACE INTO service_category_rel (service_id, category_id) VALUES ('STB_4119', 'cat_cafe');
INSERT OR REPLACE INTO service_cafe_details (service_id, has_wifi) VALUES ('STB_4119', 1);
INSERT OR REPLACE INTO services (service_id, brand_id, owner_id, plan_id, ext_place_id, ext_source, title, address, lat, lng, verification_level) VALUES ('STB_4174', 'brand_starbucks', '01ARZ3NDEKTSV4RRFFQ69G5FAV', 'free', 'STB_OFFICIAL_4174', 'starbucks_official', 'スターバックス コーヒー 名古屋鳴海店', '愛知県 名古屋市緑区 鳴海町上ノ山12-24', 35.0967524618, 136.95254117, 1);
INSERT OR REPLACE INTO service_category_rel (service_id, category_id) VALUES ('STB_4174', 'cat_cafe');
INSERT OR REPLACE INTO service_cafe_details (service_id, has_wifi) VALUES ('STB_4174', 1);
INSERT OR REPLACE INTO services (service_id, brand_id, owner_id, plan_id, ext_place_id, ext_source, title, address, lat, lng, verification_level) VALUES ('STB_4179', 'brand_starbucks', '01ARZ3NDEKTSV4RRFFQ69G5FAV', 'free', 'STB_OFFICIAL_4179', 'starbucks_official', 'スターバックス コーヒー 豊田渡刈店', '愛知県 豊田市 渡刈町1-253-1 ハビット豊田豊栄町', 35.0433542022, 137.15457185, 1);
INSERT OR REPLACE INTO service_category_rel (service_id, category_id) VALUES ('STB_4179', 'cat_cafe');
INSERT OR REPLACE INTO service_cafe_details (service_id, has_wifi) VALUES ('STB_4179', 1);
INSERT OR REPLACE INTO services (service_id, brand_id, owner_id, plan_id, ext_place_id, ext_source, title, address, lat, lng, verification_level) VALUES ('STB_4194', 'brand_starbucks', '01ARZ3NDEKTSV4RRFFQ69G5FAV', 'free', 'STB_OFFICIAL_4194', 'starbucks_official', 'スターバックス コーヒー あま篠田店', '愛知県 あま市 篠田鹿造3', 35.1844503107, 136.793908084, 1);
INSERT OR REPLACE INTO service_category_rel (service_id, category_id) VALUES ('STB_4194', 'cat_cafe');
INSERT OR REPLACE INTO service_cafe_details (service_id, has_wifi) VALUES ('STB_4194', 1);
INSERT OR REPLACE INTO services (service_id, brand_id, owner_id, plan_id, ext_place_id, ext_source, title, address, lat, lng, verification_level) VALUES ('STB_4211', 'brand_starbucks', '01ARZ3NDEKTSV4RRFFQ69G5FAV', 'free', 'STB_OFFICIAL_4211', 'starbucks_official', 'スターバックス コーヒー 豊川大堀店', '愛知県 豊川市 大堀町335', 34.8356435163, 137.401860322, 1);
INSERT OR REPLACE INTO service_category_rel (service_id, category_id) VALUES ('STB_4211', 'cat_cafe');
INSERT OR REPLACE INTO service_cafe_details (service_id, has_wifi) VALUES ('STB_4211', 1);
INSERT OR REPLACE INTO services (service_id, brand_id, owner_id, plan_id, ext_place_id, ext_source, title, address, lat, lng, verification_level) VALUES ('STB_4223', 'brand_starbucks', '01ARZ3NDEKTSV4RRFFQ69G5FAV', 'free', 'STB_OFFICIAL_4223', 'starbucks_official', 'スターバックス コーヒー 天王川公園店', '愛知県 津島市 宮川町1-1 天王川公園', 35.1730977493, 136.720877727, 1);
INSERT OR REPLACE INTO service_category_rel (service_id, category_id) VALUES ('STB_4223', 'cat_cafe');
INSERT OR REPLACE INTO service_cafe_details (service_id, has_wifi) VALUES ('STB_4223', 1);
INSERT OR REPLACE INTO services (service_id, brand_id, owner_id, plan_id, ext_place_id, ext_source, title, address, lat, lng, verification_level) VALUES ('STB_4225', 'brand_starbucks', '01ARZ3NDEKTSV4RRFFQ69G5FAV', 'free', 'STB_OFFICIAL_4225', 'starbucks_official', 'スターバックス コーヒー 三河安城店', '愛知県 安城市 三河安城南町1-11-5', 34.9636544158, 137.060424728, 1);
INSERT OR REPLACE INTO service_category_rel (service_id, category_id) VALUES ('STB_4225', 'cat_cafe');
INSERT OR REPLACE INTO service_cafe_details (service_id, has_wifi) VALUES ('STB_4225', 1);
INSERT OR REPLACE INTO services (service_id, brand_id, owner_id, plan_id, ext_place_id, ext_source, title, address, lat, lng, verification_level) VALUES ('STB_4230', 'brand_starbucks', '01ARZ3NDEKTSV4RRFFQ69G5FAV', 'free', 'STB_OFFICIAL_4230', 'starbucks_official', 'スターバックス コーヒー イオンモール熱田3階店', '愛知県 名古屋市熱田区 六野1-201 イオンモール熱田 3階', 35.1361844386, 136.909608753, 1);
INSERT OR REPLACE INTO service_category_rel (service_id, category_id) VALUES ('STB_4230', 'cat_cafe');
INSERT OR REPLACE INTO service_cafe_details (service_id, has_wifi) VALUES ('STB_4230', 1);
INSERT OR REPLACE INTO services (service_id, brand_id, owner_id, plan_id, ext_place_id, ext_source, title, address, lat, lng, verification_level) VALUES ('STB_4234', 'brand_starbucks', '01ARZ3NDEKTSV4RRFFQ69G5FAV', 'free', 'STB_OFFICIAL_4234', 'starbucks_official', 'スターバックス コーヒー 名古屋港東通店', '愛知県 名古屋市南区 港東通1-32', 35.0919898655, 136.917863992, 1);
INSERT OR REPLACE INTO service_category_rel (service_id, category_id) VALUES ('STB_4234', 'cat_cafe');
INSERT OR REPLACE INTO service_cafe_details (service_id, has_wifi) VALUES ('STB_4234', 1);
INSERT OR REPLACE INTO services (service_id, brand_id, owner_id, plan_id, ext_place_id, ext_source, title, address, lat, lng, verification_level) VALUES ('STB_4237', 'brand_starbucks', '01ARZ3NDEKTSV4RRFFQ69G5FAV', 'free', 'STB_OFFICIAL_4237', 'starbucks_official', 'スターバックス コーヒー 西尾今川店', '愛知県 西尾市 今川町下落21-1', 34.8536933487, 137.057516144, 1);
INSERT OR REPLACE INTO service_category_rel (service_id, category_id) VALUES ('STB_4237', 'cat_cafe');
INSERT OR REPLACE INTO service_cafe_details (service_id, has_wifi) VALUES ('STB_4237', 1);
INSERT OR REPLACE INTO services (service_id, brand_id, owner_id, plan_id, ext_place_id, ext_source, title, address, lat, lng, verification_level) VALUES ('STB_4238', 'brand_starbucks', '01ARZ3NDEKTSV4RRFFQ69G5FAV', 'free', 'STB_OFFICIAL_4238', 'starbucks_official', 'スターバックス コーヒー イオンモール豊川店', '愛知県 豊川市 白鳥町兎足1-16 イオンモール豊川', 34.8255075993, 137.350904743, 1);
INSERT OR REPLACE INTO service_category_rel (service_id, category_id) VALUES ('STB_4238', 'cat_cafe');
INSERT OR REPLACE INTO service_cafe_details (service_id, has_wifi) VALUES ('STB_4238', 1);
INSERT OR REPLACE INTO services (service_id, brand_id, owner_id, plan_id, ext_place_id, ext_source, title, address, lat, lng, verification_level) VALUES ('STB_4258', 'brand_starbucks', '01ARZ3NDEKTSV4RRFFQ69G5FAV', 'free', 'STB_OFFICIAL_4258', 'starbucks_official', 'スターバックス コーヒー 瀬戸西長根店', '愛知県 瀬戸市 西長根町68-1', 35.2137428569, 137.071346194, 1);
INSERT OR REPLACE INTO service_category_rel (service_id, category_id) VALUES ('STB_4258', 'cat_cafe');
INSERT OR REPLACE INTO service_cafe_details (service_id, has_wifi) VALUES ('STB_4258', 1);
INSERT OR REPLACE INTO services (service_id, brand_id, owner_id, plan_id, ext_place_id, ext_source, title, address, lat, lng, verification_level) VALUES ('STB_4265', 'brand_starbucks', '01ARZ3NDEKTSV4RRFFQ69G5FAV', 'free', 'STB_OFFICIAL_4265', 'starbucks_official', 'スターバックス コーヒー ジェイアール名古屋タカシマヤ店', '愛知県 名古屋市中村区 名駅1-1-4 ジェイアール名古屋タカシマヤ7階', 35.1713949186, 136.882353284, 1);
INSERT OR REPLACE INTO service_category_rel (service_id, category_id) VALUES ('STB_4265', 'cat_cafe');
INSERT OR REPLACE INTO service_cafe_details (service_id, has_wifi) VALUES ('STB_4265', 1);
INSERT OR REPLACE INTO services (service_id, brand_id, owner_id, plan_id, ext_place_id, ext_source, title, address, lat, lng, verification_level) VALUES ('STB_4272', 'brand_starbucks', '01ARZ3NDEKTSV4RRFFQ69G5FAV', 'free', 'STB_OFFICIAL_4272', 'starbucks_official', 'スターバックス コーヒー 名古屋猪子石店', '愛知県 名古屋市名東区 猪子石2-804', 35.1886885895, 137.007573755, 1);
INSERT OR REPLACE INTO service_category_rel (service_id, category_id) VALUES ('STB_4272', 'cat_cafe');
INSERT OR REPLACE INTO service_cafe_details (service_id, has_wifi) VALUES ('STB_4272', 1);
INSERT OR REPLACE INTO services (service_id, brand_id, owner_id, plan_id, ext_place_id, ext_source, title, address, lat, lng, verification_level) VALUES ('STB_4297', 'brand_starbucks', '01ARZ3NDEKTSV4RRFFQ69G5FAV', 'free', 'STB_OFFICIAL_4297', 'starbucks_official', 'スターバックス コーヒー ヒルズウォーク徳重ガーデンズ店', '愛知県 名古屋市緑区 元徳重1-505 ヒルズウォーク徳重ガーデンズ', 35.0944240775, 136.998977699, 1);
INSERT OR REPLACE INTO service_category_rel (service_id, category_id) VALUES ('STB_4297', 'cat_cafe');
INSERT OR REPLACE INTO service_cafe_details (service_id, has_wifi) VALUES ('STB_4297', 1);
INSERT OR REPLACE INTO services (service_id, brand_id, owner_id, plan_id, ext_place_id, ext_source, title, address, lat, lng, verification_level) VALUES ('STB_4308', 'brand_starbucks', '01ARZ3NDEKTSV4RRFFQ69G5FAV', 'free', 'STB_OFFICIAL_4308', 'starbucks_official', 'スターバックス コーヒー 西尾道光寺店', '愛知県 西尾市 道光寺町西縄16-1', 34.8718153346, 137.059542086, 1);
INSERT OR REPLACE INTO service_category_rel (service_id, category_id) VALUES ('STB_4308', 'cat_cafe');
INSERT OR REPLACE INTO service_cafe_details (service_id, has_wifi) VALUES ('STB_4308', 1);
INSERT OR REPLACE INTO services (service_id, brand_id, owner_id, plan_id, ext_place_id, ext_source, title, address, lat, lng, verification_level) VALUES ('STB_4313', 'brand_starbucks', '01ARZ3NDEKTSV4RRFFQ69G5FAV', 'free', 'STB_OFFICIAL_4313', 'starbucks_official', 'スターバックス コーヒー 名古屋高辻店', '愛知県 名古屋市昭和区 白金3-11-11', 35.1419000805, 136.917742537, 1);
INSERT OR REPLACE INTO service_category_rel (service_id, category_id) VALUES ('STB_4313', 'cat_cafe');
INSERT OR REPLACE INTO service_cafe_details (service_id, has_wifi) VALUES ('STB_4313', 1);
INSERT OR REPLACE INTO services (service_id, brand_id, owner_id, plan_id, ext_place_id, ext_source, title, address, lat, lng, verification_level) VALUES ('STB_4369', 'brand_starbucks', '01ARZ3NDEKTSV4RRFFQ69G5FAV', 'free', 'STB_OFFICIAL_4369', 'starbucks_official', 'スターバックス コーヒー 半田山代店', '愛知県 半田市 山代町2-104-1', 34.8937628389, 136.907932555, 1);
INSERT OR REPLACE INTO service_category_rel (service_id, category_id) VALUES ('STB_4369', 'cat_cafe');
INSERT OR REPLACE INTO service_cafe_details (service_id, has_wifi) VALUES ('STB_4369', 1);
INSERT OR REPLACE INTO services (service_id, brand_id, owner_id, plan_id, ext_place_id, ext_source, title, address, lat, lng, verification_level) VALUES ('STB_4382', 'brand_starbucks', '01ARZ3NDEKTSV4RRFFQ69G5FAV', 'free', 'STB_OFFICIAL_4382', 'starbucks_official', 'スターバックス コーヒー 知多信濃川店', '愛知県 知多市 八幡竹後20', 34.9944721004, 136.878039567, 1);
INSERT OR REPLACE INTO service_category_rel (service_id, category_id) VALUES ('STB_4382', 'cat_cafe');
INSERT OR REPLACE INTO service_cafe_details (service_id, has_wifi) VALUES ('STB_4382', 1);
INSERT OR REPLACE INTO services (service_id, brand_id, owner_id, plan_id, ext_place_id, ext_source, title, address, lat, lng, verification_level) VALUES ('STB_4458', 'brand_starbucks', '01ARZ3NDEKTSV4RRFFQ69G5FAV', 'free', 'STB_OFFICIAL_4458', 'starbucks_official', 'スターバックス コーヒー ららぽーと安城店', '愛知県 安城市 大東町9-30 ららぽーと安城1階', 34.9653187467, 137.080018024, 1);
INSERT OR REPLACE INTO service_category_rel (service_id, category_id) VALUES ('STB_4458', 'cat_cafe');
INSERT OR REPLACE INTO service_cafe_details (service_id, has_wifi) VALUES ('STB_4458', 1);
INSERT OR REPLACE INTO services (service_id, brand_id, owner_id, plan_id, ext_place_id, ext_source, title, address, lat, lng, verification_level) VALUES ('STB_4491', 'brand_starbucks', '01ARZ3NDEKTSV4RRFFQ69G5FAV', 'free', 'STB_OFFICIAL_4491', 'starbucks_official', 'スターバックス コーヒー 三井アウトレットパーク 岡崎店', '愛知県 岡崎市 舞木町字金森200 三井アウトレットパーク 岡崎1階', 34.8989982861, 137.251842642, 1);
INSERT OR REPLACE INTO service_category_rel (service_id, category_id) VALUES ('STB_4491', 'cat_cafe');
INSERT OR REPLACE INTO service_cafe_details (service_id, has_wifi) VALUES ('STB_4491', 1);
INSERT OR REPLACE INTO services (service_id, brand_id, owner_id, plan_id, ext_place_id, ext_source, title, address, lat, lng, verification_level) VALUES ('STB_4494', 'brand_starbucks', '01ARZ3NDEKTSV4RRFFQ69G5FAV', 'free', 'STB_OFFICIAL_4494', 'starbucks_official', 'スターバックス コーヒー 長久手南けやき通り店', '愛知県 長久手市 片平2-1702', 35.1571201197, 137.029090922, 1);
INSERT OR REPLACE INTO service_category_rel (service_id, category_id) VALUES ('STB_4494', 'cat_cafe');
INSERT OR REPLACE INTO service_cafe_details (service_id, has_wifi) VALUES ('STB_4494', 1);
INSERT OR REPLACE INTO services (service_id, brand_id, owner_id, plan_id, ext_place_id, ext_source, title, address, lat, lng, verification_level) VALUES ('STB_4543', 'brand_starbucks', '01ARZ3NDEKTSV4RRFFQ69G5FAV', 'free', 'STB_OFFICIAL_4543', 'starbucks_official', 'スターバックス コーヒー カインズ蒲郡店', '愛知県 蒲郡市 鹿島町浅井新田1-7', 34.8114330767, 137.196632925, 1);
INSERT OR REPLACE INTO service_category_rel (service_id, category_id) VALUES ('STB_4543', 'cat_cafe');
INSERT OR REPLACE INTO service_cafe_details (service_id, has_wifi) VALUES ('STB_4543', 1);
INSERT OR REPLACE INTO services (service_id, brand_id, owner_id, plan_id, ext_place_id, ext_source, title, address, lat, lng, verification_level) VALUES ('STB_4582', 'brand_starbucks', '01ARZ3NDEKTSV4RRFFQ69G5FAV', 'free', 'STB_OFFICIAL_4582', 'starbucks_official', 'スターバックス コーヒー フォレストモール東海太田川店', '愛知県 東海市 大田町後浜新田111', 35.0242443898, 136.889264208, 1);
INSERT OR REPLACE INTO service_category_rel (service_id, category_id) VALUES ('STB_4582', 'cat_cafe');
INSERT OR REPLACE INTO service_cafe_details (service_id, has_wifi) VALUES ('STB_4582', 1);
INSERT OR REPLACE INTO services (service_id, brand_id, owner_id, plan_id, ext_place_id, ext_source, title, address, lat, lng, verification_level) VALUES ('STB_193', 'brand_starbucks', '01ARZ3NDEKTSV4RRFFQ69G5FAV', 'free', 'STB_OFFICIAL_193', 'starbucks_official', 'スターバックス コーヒー イオンモール桑名店', '三重県 桑名市 新西方1-22 イオンモール桑名', 35.0722183533, 136.662512498, 1);
INSERT OR REPLACE INTO service_category_rel (service_id, category_id) VALUES ('STB_193', 'cat_cafe');
INSERT OR REPLACE INTO service_cafe_details (service_id, has_wifi) VALUES ('STB_193', 1);
INSERT OR REPLACE INTO services (service_id, brand_id, owner_id, plan_id, ext_place_id, ext_source, title, address, lat, lng, verification_level) VALUES ('STB_440', 'brand_starbucks', '01ARZ3NDEKTSV4RRFFQ69G5FAV', 'free', 'STB_OFFICIAL_440', 'starbucks_official', 'スターバックス コーヒー イオンモール鈴鹿店', '三重県 鈴鹿市 庄野羽山4-1-2', 34.8719502682, 136.531776743, 1);
INSERT OR REPLACE INTO service_category_rel (service_id, category_id) VALUES ('STB_440', 'cat_cafe');
INSERT OR REPLACE INTO service_cafe_details (service_id, has_wifi) VALUES ('STB_440', 1);
INSERT OR REPLACE INTO services (service_id, brand_id, owner_id, plan_id, ext_place_id, ext_source, title, address, lat, lng, verification_level) VALUES ('STB_594', 'brand_starbucks', '01ARZ3NDEKTSV4RRFFQ69G5FAV', 'free', 'STB_OFFICIAL_594', 'starbucks_official', 'スターバックス コーヒー 久居インターガーデン店', '三重県 津市 久居明神町風早2533 久居インターガーデン', 34.6833487204, 136.46506569, 1);
INSERT OR REPLACE INTO service_category_rel (service_id, category_id) VALUES ('STB_594', 'cat_cafe');
INSERT OR REPLACE INTO service_cafe_details (service_id, has_wifi) VALUES ('STB_594', 1);
INSERT OR REPLACE INTO services (service_id, brand_id, owner_id, plan_id, ext_place_id, ext_source, title, address, lat, lng, verification_level) VALUES ('STB_599', 'brand_starbucks', '01ARZ3NDEKTSV4RRFFQ69G5FAV', 'free', 'STB_OFFICIAL_599', 'starbucks_official', 'スターバックス コーヒー アピタ四日市店', '三重県 四日市市 安島1-3-31 トナリエ四日市', 34.9681175844, 136.617146059, 1);
INSERT OR REPLACE INTO service_category_rel (service_id, category_id) VALUES ('STB_599', 'cat_cafe');
INSERT OR REPLACE INTO service_cafe_details (service_id, has_wifi) VALUES ('STB_599', 1);
INSERT OR REPLACE INTO services (service_id, brand_id, owner_id, plan_id, ext_place_id, ext_source, title, address, lat, lng, verification_level) VALUES ('STB_691', 'brand_starbucks', '01ARZ3NDEKTSV4RRFFQ69G5FAV', 'free', 'STB_OFFICIAL_691', 'starbucks_official', 'スターバックス コーヒー 桑名サンシパーク店', '三重県 桑名市 大仲新田111-1 桑名サンシパーク', 35.0804073341, 136.606605097, 1);
INSERT OR REPLACE INTO service_category_rel (service_id, category_id) VALUES ('STB_691', 'cat_cafe');
INSERT OR REPLACE INTO service_cafe_details (service_id, has_wifi) VALUES ('STB_691', 1);
INSERT OR REPLACE INTO services (service_id, brand_id, owner_id, plan_id, ext_place_id, ext_source, title, address, lat, lng, verification_level) VALUES ('STB_703', 'brand_starbucks', '01ARZ3NDEKTSV4RRFFQ69G5FAV', 'free', 'STB_OFFICIAL_703', 'starbucks_official', 'スターバックス コーヒー ベイスクエア津店', '三重県 津市 藤方716 BAY SQUARE Tsu', 34.6834454688, 136.518050175, 1);
INSERT OR REPLACE INTO service_category_rel (service_id, category_id) VALUES ('STB_703', 'cat_cafe');
INSERT OR REPLACE INTO service_cafe_details (service_id, has_wifi) VALUES ('STB_703', 1);
INSERT OR REPLACE INTO services (service_id, brand_id, owner_id, plan_id, ext_place_id, ext_source, title, address, lat, lng, verification_level) VALUES ('STB_981', 'brand_starbucks', '01ARZ3NDEKTSV4RRFFQ69G5FAV', 'free', 'STB_OFFICIAL_981', 'starbucks_official', 'スターバックス コーヒー EXPASA御在所サービスエリア（下り線）店', '三重県 四日市市 山之一色町乱取口1491-2  東名阪自動車道 EXPASA御在所(下り線）', 35.0186323444, 136.594677821, 1);
INSERT OR REPLACE INTO service_category_rel (service_id, category_id) VALUES ('STB_981', 'cat_cafe');
INSERT OR REPLACE INTO service_cafe_details (service_id, has_wifi) VALUES ('STB_981', 1);
INSERT OR REPLACE INTO services (service_id, brand_id, owner_id, plan_id, ext_place_id, ext_source, title, address, lat, lng, verification_level) VALUES ('STB_1032', 'brand_starbucks', '01ARZ3NDEKTSV4RRFFQ69G5FAV', 'free', 'STB_OFFICIAL_1032', 'starbucks_official', 'スターバックス コーヒー イオンタウン伊勢ララパーク店', '三重県 伊勢市 小木町538 イオンタウンイセララパーク', 34.5065115721, 136.722272195, 1);
INSERT OR REPLACE INTO service_category_rel (service_id, category_id) VALUES ('STB_1032', 'cat_cafe');
INSERT OR REPLACE INTO service_cafe_details (service_id, has_wifi) VALUES ('STB_1032', 1);
INSERT OR REPLACE INTO services (service_id, brand_id, owner_id, plan_id, ext_place_id, ext_source, title, address, lat, lng, verification_level) VALUES ('STB_1063', 'brand_starbucks', '01ARZ3NDEKTSV4RRFFQ69G5FAV', 'free', 'STB_OFFICIAL_1063', 'starbucks_official', 'スターバックス コーヒー 四日市尾平店', '三重県 四日市市 尾平町天王川原1863-1', 34.9764150972, 136.589176611, 1);
INSERT OR REPLACE INTO service_category_rel (service_id, category_id) VALUES ('STB_1063', 'cat_cafe');
INSERT OR REPLACE INTO service_cafe_details (service_id, has_wifi) VALUES ('STB_1063', 1);
INSERT OR REPLACE INTO services (service_id, brand_id, owner_id, plan_id, ext_place_id, ext_source, title, address, lat, lng, verification_level) VALUES ('STB_1069', 'brand_starbucks', '01ARZ3NDEKTSV4RRFFQ69G5FAV', 'free', 'STB_OFFICIAL_1069', 'starbucks_official', 'スターバックス コーヒー イオンモール明和店', '三重県 多気郡 明和町中村1223 イオンモール明和', 34.5809828296, 136.614175243, 1);
INSERT OR REPLACE INTO service_category_rel (service_id, category_id) VALUES ('STB_1069', 'cat_cafe');
INSERT OR REPLACE INTO service_cafe_details (service_id, has_wifi) VALUES ('STB_1069', 1);
INSERT OR REPLACE INTO services (service_id, brand_id, owner_id, plan_id, ext_place_id, ext_source, title, address, lat, lng, verification_level) VALUES ('STB_1100', 'brand_starbucks', '01ARZ3NDEKTSV4RRFFQ69G5FAV', 'free', 'STB_OFFICIAL_1100', 'starbucks_official', 'スターバックス コーヒー イオンモール四日市北店', '三重県 四日市市 富州原町2-40 イオンモール四日市北', 35.0074235249, 136.657236197, 1);
INSERT OR REPLACE INTO service_category_rel (service_id, category_id) VALUES ('STB_1100', 'cat_cafe');
INSERT OR REPLACE INTO service_cafe_details (service_id, has_wifi) VALUES ('STB_1100', 1);
INSERT OR REPLACE INTO services (service_id, brand_id, owner_id, plan_id, ext_place_id, ext_source, title, address, lat, lng, verification_level) VALUES ('STB_1178', 'brand_starbucks', '01ARZ3NDEKTSV4RRFFQ69G5FAV', 'free', 'STB_OFFICIAL_1178', 'starbucks_official', 'スターバックス コーヒー イオンモール東員店', '三重県 員弁郡 東員町長深510-1 イオンモール東員', 35.0631131514, 136.579298994, 1);
INSERT OR REPLACE INTO service_category_rel (service_id, category_id) VALUES ('STB_1178', 'cat_cafe');
INSERT OR REPLACE INTO service_cafe_details (service_id, has_wifi) VALUES ('STB_1178', 1);
INSERT OR REPLACE INTO services (service_id, brand_id, owner_id, plan_id, ext_place_id, ext_source, title, address, lat, lng, verification_level) VALUES ('STB_1402', 'brand_starbucks', '01ARZ3NDEKTSV4RRFFQ69G5FAV', 'free', 'STB_OFFICIAL_1402', 'starbucks_official', 'スターバックス コーヒー EXPASA御在所サービスエリア(上り線)店', '三重県 四日市市 山之一色町池の谷口1569-2 東名阪自動車道 EXPASA御在所(上り線)', 35.0189855665, 136.590471765, 1);
INSERT OR REPLACE INTO service_category_rel (service_id, category_id) VALUES ('STB_1402', 'cat_cafe');
INSERT OR REPLACE INTO service_cafe_details (service_id, has_wifi) VALUES ('STB_1402', 1);
INSERT OR REPLACE INTO services (service_id, brand_id, owner_id, plan_id, ext_place_id, ext_source, title, address, lat, lng, verification_level) VALUES ('STB_1498', 'brand_starbucks', '01ARZ3NDEKTSV4RRFFQ69G5FAV', 'free', 'STB_OFFICIAL_1498', 'starbucks_official', 'スターバックス コーヒー 松阪川井店', '三重県 松阪市 川井町772-31', 34.579146083, 136.518838523, 1);
INSERT OR REPLACE INTO service_category_rel (service_id, category_id) VALUES ('STB_1498', 'cat_cafe');
INSERT OR REPLACE INTO service_cafe_details (service_id, has_wifi) VALUES ('STB_1498', 1);
INSERT OR REPLACE INTO services (service_id, brand_id, owner_id, plan_id, ext_place_id, ext_source, title, address, lat, lng, verification_level) VALUES ('STB_1619', 'brand_starbucks', '01ARZ3NDEKTSV4RRFFQ69G5FAV', 'free', 'STB_OFFICIAL_1619', 'starbucks_official', 'スターバックス コーヒー イオンモール津南店', '三重県 津市 高茶屋小森町145 イオンモール津南', 34.6710851188, 136.517740492, 1);
INSERT OR REPLACE INTO service_category_rel (service_id, category_id) VALUES ('STB_1619', 'cat_cafe');
INSERT OR REPLACE INTO service_cafe_details (service_id, has_wifi) VALUES ('STB_1619', 1);
INSERT OR REPLACE INTO services (service_id, brand_id, owner_id, plan_id, ext_place_id, ext_source, title, address, lat, lng, verification_level) VALUES ('STB_1764', 'brand_starbucks', '01ARZ3NDEKTSV4RRFFQ69G5FAV', 'free', 'STB_OFFICIAL_1764', 'starbucks_official', 'スターバックス コーヒー イオンタウン四日市泊店', '三重県 四日市市 泊小柳町4-5 イオンタウン四日市泊', 34.9381649551, 136.601256813, 1);
INSERT OR REPLACE INTO service_category_rel (service_id, category_id) VALUES ('STB_1764', 'cat_cafe');
INSERT OR REPLACE INTO service_cafe_details (service_id, has_wifi) VALUES ('STB_1764', 1);
INSERT OR REPLACE INTO services (service_id, brand_id, owner_id, plan_id, ext_place_id, ext_source, title, address, lat, lng, verification_level) VALUES ('STB_1881', 'brand_starbucks', '01ARZ3NDEKTSV4RRFFQ69G5FAV', 'free', 'STB_OFFICIAL_1881', 'starbucks_official', 'スターバックス コーヒー ジャズドリーム長島店', '三重県 桑名市 長島町浦安368 三井アウトレットパーク ジャズドリーム長島', 35.030463093, 136.725882491, 1);
INSERT OR REPLACE INTO service_category_rel (service_id, category_id) VALUES ('STB_1881', 'cat_cafe');
INSERT OR REPLACE INTO service_cafe_details (service_id, has_wifi) VALUES ('STB_1881', 0);
INSERT OR REPLACE INTO services (service_id, brand_id, owner_id, plan_id, ext_place_id, ext_source, title, address, lat, lng, verification_level) VALUES ('STB_1889', 'brand_starbucks', '01ARZ3NDEKTSV4RRFFQ69G5FAV', 'free', 'STB_OFFICIAL_1889', 'starbucks_official', 'スターバックス コーヒー 伊勢 内宮前店', '三重県 伊勢市 宇治今在家町中賀集楽37-4', 34.46100368, 136.723305871, 1);
INSERT OR REPLACE INTO service_category_rel (service_id, category_id) VALUES ('STB_1889', 'cat_cafe');
INSERT OR REPLACE INTO service_cafe_details (service_id, has_wifi) VALUES ('STB_1889', 1);
INSERT OR REPLACE INTO services (service_id, brand_id, owner_id, plan_id, ext_place_id, ext_source, title, address, lat, lng, verification_level) VALUES ('STB_2089', 'brand_starbucks', '01ARZ3NDEKTSV4RRFFQ69G5FAV', 'free', 'STB_OFFICIAL_2089', 'starbucks_official', 'スターバックス コーヒー TSUTAYA 鈴鹿中央通店', '三重県 鈴鹿市 算所町417-1', 34.8744100839, 136.552187435, 1);
INSERT OR REPLACE INTO service_category_rel (service_id, category_id) VALUES ('STB_2089', 'cat_cafe');
INSERT OR REPLACE INTO service_cafe_details (service_id, has_wifi) VALUES ('STB_2089', 1);
INSERT OR REPLACE INTO services (service_id, brand_id, owner_id, plan_id, ext_place_id, ext_source, title, address, lat, lng, verification_level) VALUES ('STB_4039', 'brand_starbucks', '01ARZ3NDEKTSV4RRFFQ69G5FAV', 'free', 'STB_OFFICIAL_4039', 'starbucks_official', 'スターバックス コーヒー 四日市中央緑地店', '三重県 四日市市 日永東1-3-21 中央緑地', 34.952301962, 136.61188639, 1);
INSERT OR REPLACE INTO service_category_rel (service_id, category_id) VALUES ('STB_4039', 'cat_cafe');
INSERT OR REPLACE INTO service_cafe_details (service_id, has_wifi) VALUES ('STB_4039', 1);
INSERT OR REPLACE INTO services (service_id, brand_id, owner_id, plan_id, ext_place_id, ext_source, title, address, lat, lng, verification_level) VALUES ('STB_4067', 'brand_starbucks', '01ARZ3NDEKTSV4RRFFQ69G5FAV', 'free', 'STB_OFFICIAL_4067', 'starbucks_official', 'スターバックス コーヒー イオンタウン伊賀上野店', '三重県 伊賀市 四十九町1850 イオンタウン伊賀上野', 34.747852721, 136.134926249, 1);
INSERT OR REPLACE INTO service_category_rel (service_id, category_id) VALUES ('STB_4067', 'cat_cafe');
INSERT OR REPLACE INTO service_cafe_details (service_id, has_wifi) VALUES ('STB_4067', 1);
INSERT OR REPLACE INTO services (service_id, brand_id, owner_id, plan_id, ext_place_id, ext_source, title, address, lat, lng, verification_level) VALUES ('STB_4288', 'brand_starbucks', '01ARZ3NDEKTSV4RRFFQ69G5FAV', 'free', 'STB_OFFICIAL_4288', 'starbucks_official', 'スターバックス コーヒー 鈴鹿玉垣店', '三重県 鈴鹿市 北玉垣町細田1681-1', 34.8670542494, 136.58659075, 1);
INSERT OR REPLACE INTO service_category_rel (service_id, category_id) VALUES ('STB_4288', 'cat_cafe');
INSERT OR REPLACE INTO service_cafe_details (service_id, has_wifi) VALUES ('STB_4288', 1);
INSERT OR REPLACE INTO services (service_id, brand_id, owner_id, plan_id, ext_place_id, ext_source, title, address, lat, lng, verification_level) VALUES ('STB_4321', 'brand_starbucks', '01ARZ3NDEKTSV4RRFFQ69G5FAV', 'free', 'STB_OFFICIAL_4321', 'starbucks_official', 'スターバックス コーヒー 菰野町店', '三重県 三重郡 菰野町宿野神明田325-2', 35.0066560902, 136.529054656, 1);
INSERT OR REPLACE INTO service_category_rel (service_id, category_id) VALUES ('STB_4321', 'cat_cafe');
INSERT OR REPLACE INTO service_cafe_details (service_id, has_wifi) VALUES ('STB_4321', 1);
INSERT OR REPLACE INTO services (service_id, brand_id, owner_id, plan_id, ext_place_id, ext_source, title, address, lat, lng, verification_level) VALUES ('STB_4326', 'brand_starbucks', '01ARZ3NDEKTSV4RRFFQ69G5FAV', 'free', 'STB_OFFICIAL_4326', 'starbucks_official', 'スターバックス コーヒー 津高茶屋店', '三重県 津市 高茶屋小森町981-6', 34.6663267869, 136.504587636, 1);
INSERT OR REPLACE INTO service_category_rel (service_id, category_id) VALUES ('STB_4326', 'cat_cafe');
INSERT OR REPLACE INTO service_cafe_details (service_id, has_wifi) VALUES ('STB_4326', 1);
INSERT OR REPLACE INTO services (service_id, brand_id, owner_id, plan_id, ext_place_id, ext_source, title, address, lat, lng, verification_level) VALUES ('STB_4339', 'brand_starbucks', '01ARZ3NDEKTSV4RRFFQ69G5FAV', 'free', 'STB_OFFICIAL_4339', 'starbucks_official', 'スターバックス コーヒー 鈴鹿平田店', '三重県 鈴鹿市 算所1-3-8', 34.8740969112, 136.543566777, 1);
INSERT OR REPLACE INTO service_category_rel (service_id, category_id) VALUES ('STB_4339', 'cat_cafe');
INSERT OR REPLACE INTO service_cafe_details (service_id, has_wifi) VALUES ('STB_4339', 1);
INSERT OR REPLACE INTO services (service_id, brand_id, owner_id, plan_id, ext_place_id, ext_source, title, address, lat, lng, verification_level) VALUES ('STB_4363', 'brand_starbucks', '01ARZ3NDEKTSV4RRFFQ69G5FAV', 'free', 'STB_OFFICIAL_4363', 'starbucks_official', 'スターバックス コーヒー 伊勢御薗店', '三重県 伊勢市 御薗町長屋2223', 34.507481263, 136.710514793, 1);
INSERT OR REPLACE INTO service_category_rel (service_id, category_id) VALUES ('STB_4363', 'cat_cafe');
INSERT OR REPLACE INTO service_cafe_details (service_id, has_wifi) VALUES ('STB_4363', 1);
INSERT OR REPLACE INTO services (service_id, brand_id, owner_id, plan_id, ext_place_id, ext_source, title, address, lat, lng, verification_level) VALUES ('STB_4429', 'brand_starbucks', '01ARZ3NDEKTSV4RRFFQ69G5FAV', 'free', 'STB_OFFICIAL_4429', 'starbucks_official', 'スターバックス コーヒー 松阪塚本店', '三重県 松阪市 塚本町28-1', 34.5943459047, 136.522193933, 1);
INSERT OR REPLACE INTO service_category_rel (service_id, category_id) VALUES ('STB_4429', 'cat_cafe');
INSERT OR REPLACE INTO service_cafe_details (service_id, has_wifi) VALUES ('STB_4429', 1);
INSERT OR REPLACE INTO services (service_id, brand_id, owner_id, plan_id, ext_place_id, ext_source, title, address, lat, lng, verification_level) VALUES ('STB_4527', 'brand_starbucks', '01ARZ3NDEKTSV4RRFFQ69G5FAV', 'free', 'STB_OFFICIAL_4527', 'starbucks_official', 'スターバックス コーヒー 名張店', '三重県 名張市 希央台3番町88', 34.6220470391, 136.10475427, 1);
INSERT OR REPLACE INTO service_category_rel (service_id, category_id) VALUES ('STB_4527', 'cat_cafe');
INSERT OR REPLACE INTO service_cafe_details (service_id, has_wifi) VALUES ('STB_4527', 1);
INSERT OR REPLACE INTO services (service_id, brand_id, owner_id, plan_id, ext_place_id, ext_source, title, address, lat, lng, verification_level) VALUES ('STB_693', 'brand_starbucks', '01ARZ3NDEKTSV4RRFFQ69G5FAV', 'free', 'STB_OFFICIAL_693', 'starbucks_official', 'スターバックス コーヒー カインズモール彦根店', '滋賀県 彦根市 馬場2-1-1', 35.280611808, 136.243963773, 1);
INSERT OR REPLACE INTO service_category_rel (service_id, category_id) VALUES ('STB_693', 'cat_cafe');
INSERT OR REPLACE INTO service_cafe_details (service_id, has_wifi) VALUES ('STB_693', 1);
INSERT OR REPLACE INTO services (service_id, brand_id, owner_id, plan_id, ext_place_id, ext_source, title, address, lat, lng, verification_level) VALUES ('STB_728', 'brand_starbucks', '01ARZ3NDEKTSV4RRFFQ69G5FAV', 'free', 'STB_OFFICIAL_728', 'starbucks_official', 'スターバックス コーヒー 近江八幡店', '滋賀県 近江八幡市 鷹飼町北2-3-11', 35.1276154769, 136.105538425, 1);
INSERT OR REPLACE INTO service_category_rel (service_id, category_id) VALUES ('STB_728', 'cat_cafe');
INSERT OR REPLACE INTO service_cafe_details (service_id, has_wifi) VALUES ('STB_728', 1);
INSERT OR REPLACE INTO services (service_id, brand_id, owner_id, plan_id, ext_place_id, ext_source, title, address, lat, lng, verification_level) VALUES ('STB_890', 'brand_starbucks', '01ARZ3NDEKTSV4RRFFQ69G5FAV', 'free', 'STB_OFFICIAL_890', 'starbucks_official', 'スターバックス コーヒー イオンモール草津店', '滋賀県 草津市 新浜町300 イオンモール草津', 34.9975999228, 135.913779504, 1);
INSERT OR REPLACE INTO service_category_rel (service_id, category_id) VALUES ('STB_890', 'cat_cafe');
INSERT OR REPLACE INTO service_cafe_details (service_id, has_wifi) VALUES ('STB_890', 1);
INSERT OR REPLACE INTO services (service_id, brand_id, owner_id, plan_id, ext_place_id, ext_source, title, address, lat, lng, verification_level) VALUES ('STB_932', 'brand_starbucks', '01ARZ3NDEKTSV4RRFFQ69G5FAV', 'free', 'STB_OFFICIAL_932', 'starbucks_official', 'スターバックス コーヒー 多賀サービスエリア（上り線）店', '滋賀県 犬上郡 多賀町敏満寺62-2 多賀サービスエリア（上り線）', 35.2183838714, 136.283192269, 1);
INSERT OR REPLACE INTO service_category_rel (service_id, category_id) VALUES ('STB_932', 'cat_cafe');
INSERT OR REPLACE INTO service_cafe_details (service_id, has_wifi) VALUES ('STB_932', 1);
INSERT OR REPLACE INTO services (service_id, brand_id, owner_id, plan_id, ext_place_id, ext_source, title, address, lat, lng, verification_level) VALUES ('STB_980', 'brand_starbucks', '01ARZ3NDEKTSV4RRFFQ69G5FAV', 'free', 'STB_OFFICIAL_980', 'starbucks_official', 'スターバックス コーヒー EXPASA多賀サービスエリア（下り線）店', '滋賀県 犬上郡 多賀町敏満寺66-11 名神高速道路 EXPASA多賀（下り線）', 35.219620165, 136.285309537, 1);
INSERT OR REPLACE INTO service_category_rel (service_id, category_id) VALUES ('STB_980', 'cat_cafe');
INSERT OR REPLACE INTO service_cafe_details (service_id, has_wifi) VALUES ('STB_980', 1);
INSERT OR REPLACE INTO services (service_id, brand_id, owner_id, plan_id, ext_place_id, ext_source, title, address, lat, lng, verification_level) VALUES ('STB_1145', 'brand_starbucks', '01ARZ3NDEKTSV4RRFFQ69G5FAV', 'free', 'STB_OFFICIAL_1145', 'starbucks_official', 'スターバックス コーヒー 三井アウトレットパーク滋賀竜王店', '滋賀県 蒲生郡 竜王町薬師砂山1178-694 三井アウトレットパーク滋賀竜王', 35.0613797022, 136.100868252, 1);
INSERT OR REPLACE INTO service_category_rel (service_id, category_id) VALUES ('STB_1145', 'cat_cafe');
INSERT OR REPLACE INTO service_cafe_details (service_id, has_wifi) VALUES ('STB_1145', 1);
INSERT OR REPLACE INTO services (service_id, brand_id, owner_id, plan_id, ext_place_id, ext_source, title, address, lat, lng, verification_level) VALUES ('STB_1294', 'brand_starbucks', '01ARZ3NDEKTSV4RRFFQ69G5FAV', 'free', 'STB_OFFICIAL_1294', 'starbucks_official', 'スターバックス コーヒー 滋賀長浜店', '滋賀県 長浜市 川崎町265', 35.3934892931, 136.282303447, 1);
INSERT OR REPLACE INTO service_category_rel (service_id, category_id) VALUES ('STB_1294', 'cat_cafe');
INSERT OR REPLACE INTO service_cafe_details (service_id, has_wifi) VALUES ('STB_1294', 1);
INSERT OR REPLACE INTO services (service_id, brand_id, owner_id, plan_id, ext_place_id, ext_source, title, address, lat, lng, verification_level) VALUES ('STB_1299', 'brand_starbucks', '01ARZ3NDEKTSV4RRFFQ69G5FAV', 'free', 'STB_OFFICIAL_1299', 'starbucks_official', 'スターバックス コーヒー ビエラ大津店', '滋賀県 大津市 春日町1-3', 35.003421495, 135.864506661, 1);
INSERT OR REPLACE INTO service_category_rel (service_id, category_id) VALUES ('STB_1299', 'cat_cafe');
INSERT OR REPLACE INTO service_cafe_details (service_id, has_wifi) VALUES ('STB_1299', 1);
INSERT OR REPLACE INTO services (service_id, brand_id, owner_id, plan_id, ext_place_id, ext_source, title, address, lat, lng, verification_level) VALUES ('STB_1390', 'brand_starbucks', '01ARZ3NDEKTSV4RRFFQ69G5FAV', 'free', 'STB_OFFICIAL_1390', 'starbucks_official', 'スターバックス コーヒー 甲賀水口店', '滋賀県 甲賀市 水口町水口6004-1', 34.9663148743, 136.164704828, 1);
INSERT OR REPLACE INTO service_category_rel (service_id, category_id) VALUES ('STB_1390', 'cat_cafe');
INSERT OR REPLACE INTO service_cafe_details (service_id, has_wifi) VALUES ('STB_1390', 1);
INSERT OR REPLACE INTO services (service_id, brand_id, owner_id, plan_id, ext_place_id, ext_source, title, address, lat, lng, verification_level) VALUES ('STB_1433', 'brand_starbucks', '01ARZ3NDEKTSV4RRFFQ69G5FAV', 'free', 'STB_OFFICIAL_1433', 'starbucks_official', 'スターバックス コーヒー 草津A・SQUARE店', '滋賀県 草津市 西渋川1-23-23', 35.0254494066, 135.959344715, 1);
INSERT OR REPLACE INTO service_category_rel (service_id, category_id) VALUES ('STB_1433', 'cat_cafe');
INSERT OR REPLACE INTO service_cafe_details (service_id, has_wifi) VALUES ('STB_1433', 1);
INSERT OR REPLACE INTO services (service_id, brand_id, owner_id, plan_id, ext_place_id, ext_source, title, address, lat, lng, verification_level) VALUES ('STB_1440', 'brand_starbucks', '01ARZ3NDEKTSV4RRFFQ69G5FAV', 'free', 'STB_OFFICIAL_1440', 'starbucks_official', 'スターバックス コーヒー 東近江八日市店', '滋賀県 東近江市 八日市上之町7-40', 35.1133603767, 136.203345125, 1);
INSERT OR REPLACE INTO service_category_rel (service_id, category_id) VALUES ('STB_1440', 'cat_cafe');
INSERT OR REPLACE INTO service_cafe_details (service_id, has_wifi) VALUES ('STB_1440', 1);
INSERT OR REPLACE INTO services (service_id, brand_id, owner_id, plan_id, ext_place_id, ext_source, title, address, lat, lng, verification_level) VALUES ('STB_1473', 'brand_starbucks', '01ARZ3NDEKTSV4RRFFQ69G5FAV', 'free', 'STB_OFFICIAL_1473', 'starbucks_official', 'スターバックス コーヒー 草津駒井沢店', '滋賀県 草津市 駒井沢町18', 35.0396871001, 135.962189101, 1);
INSERT OR REPLACE INTO service_category_rel (service_id, category_id) VALUES ('STB_1473', 'cat_cafe');
INSERT OR REPLACE INTO service_cafe_details (service_id, has_wifi) VALUES ('STB_1473', 1);
INSERT OR REPLACE INTO services (service_id, brand_id, owner_id, plan_id, ext_place_id, ext_source, title, address, lat, lng, verification_level) VALUES ('STB_1614', 'brand_starbucks', '01ARZ3NDEKTSV4RRFFQ69G5FAV', 'free', 'STB_OFFICIAL_1614', 'starbucks_official', 'スターバックス コーヒー 近鉄草津店', '滋賀県 草津市 渋川1-1-50 近鉄百貨店草津店2階', 35.0223972897, 135.962590142, 1);
INSERT OR REPLACE INTO service_category_rel (service_id, category_id) VALUES ('STB_1614', 'cat_cafe');
INSERT OR REPLACE INTO service_cafe_details (service_id, has_wifi) VALUES ('STB_1614', 1);
INSERT OR REPLACE INTO services (service_id, brand_id, owner_id, plan_id, ext_place_id, ext_source, title, address, lat, lng, verification_level) VALUES ('STB_1735', 'brand_starbucks', '01ARZ3NDEKTSV4RRFFQ69G5FAV', 'free', 'STB_OFFICIAL_1735', 'starbucks_official', 'スターバックス コーヒー ブランチ大津京店', '滋賀県 大津市 二本松1-1 ブランチ大津京', 35.0294589794, 135.864026613, 1);
INSERT OR REPLACE INTO service_category_rel (service_id, category_id) VALUES ('STB_1735', 'cat_cafe');
INSERT OR REPLACE INTO service_cafe_details (service_id, has_wifi) VALUES ('STB_1735', 1);
INSERT OR REPLACE INTO services (service_id, brand_id, owner_id, plan_id, ext_place_id, ext_source, title, address, lat, lng, verification_level) VALUES ('STB_4043', 'brand_starbucks', '01ARZ3NDEKTSV4RRFFQ69G5FAV', 'free', 'STB_OFFICIAL_4043', 'starbucks_official', 'スターバックス コーヒー ビバシティ彦根店', '滋賀県 彦根市 高宮町1330-2 ビバシティ彦根', 35.243264296, 136.253123621, 1);
INSERT OR REPLACE INTO service_category_rel (service_id, category_id) VALUES ('STB_4043', 'cat_cafe');
INSERT OR REPLACE INTO service_cafe_details (service_id, has_wifi) VALUES ('STB_4043', 1);
INSERT OR REPLACE INTO services (service_id, brand_id, owner_id, plan_id, ext_place_id, ext_source, title, address, lat, lng, verification_level) VALUES ('STB_4303', 'brand_starbucks', '01ARZ3NDEKTSV4RRFFQ69G5FAV', 'free', 'STB_OFFICIAL_4303', 'starbucks_official', 'スターバックス コーヒー 南草津駅西口店', '滋賀県 草津市 南草津2-1-25', 35.0053976704, 135.943899421, 1);
INSERT OR REPLACE INTO service_category_rel (service_id, category_id) VALUES ('STB_4303', 'cat_cafe');
INSERT OR REPLACE INTO service_cafe_details (service_id, has_wifi) VALUES ('STB_4303', 1);
INSERT OR REPLACE INTO services (service_id, brand_id, owner_id, plan_id, ext_place_id, ext_source, title, address, lat, lng, verification_level) VALUES ('STB_4349', 'brand_starbucks', '01ARZ3NDEKTSV4RRFFQ69G5FAV', 'free', 'STB_OFFICIAL_4349', 'starbucks_official', 'スターバックス コーヒー 南草津かがやき通り店', '滋賀県 草津市 野路6-6-5', 35.0026934056, 135.953527913, 1);
INSERT OR REPLACE INTO service_category_rel (service_id, category_id) VALUES ('STB_4349', 'cat_cafe');
INSERT OR REPLACE INTO service_cafe_details (service_id, has_wifi) VALUES ('STB_4349', 1);
INSERT OR REPLACE INTO services (service_id, brand_id, owner_id, plan_id, ext_place_id, ext_source, title, address, lat, lng, verification_level) VALUES ('STB_4361', 'brand_starbucks', '01ARZ3NDEKTSV4RRFFQ69G5FAV', 'free', 'STB_OFFICIAL_4361', 'starbucks_official', 'スターバックス コーヒー ビバシティ彦根1階 ビバマルシェ店', '滋賀県 彦根市 竹ヶ鼻町43-1 ビバシティ彦根1階', 35.2442955132, 136.249606921, 1);
INSERT OR REPLACE INTO service_category_rel (service_id, category_id) VALUES ('STB_4361', 'cat_cafe');
INSERT OR REPLACE INTO service_cafe_details (service_id, has_wifi) VALUES ('STB_4361', 1);
INSERT OR REPLACE INTO services (service_id, brand_id, owner_id, plan_id, ext_place_id, ext_source, title, address, lat, lng, verification_level) VALUES ('STB_4466', 'brand_starbucks', '01ARZ3NDEKTSV4RRFFQ69G5FAV', 'free', 'STB_OFFICIAL_4466', 'starbucks_official', 'スターバックス コーヒー フォレオ大津一里山店', '滋賀県 大津市 一里山7-1-1 フォレオ大津一里山1階', 34.9746643888, 135.933596414, 1);
INSERT OR REPLACE INTO service_category_rel (service_id, category_id) VALUES ('STB_4466', 'cat_cafe');
INSERT OR REPLACE INTO service_cafe_details (service_id, has_wifi) VALUES ('STB_4466', 1);
INSERT OR REPLACE INTO services (service_id, brand_id, owner_id, plan_id, ext_place_id, ext_source, title, address, lat, lng, verification_level) VALUES ('STB_4559', 'brand_starbucks', '01ARZ3NDEKTSV4RRFFQ69G5FAV', 'free', 'STB_OFFICIAL_4559', 'starbucks_official', 'スターバックス コーヒー 大津堅田店', '滋賀県 大津市 今堅田3-11-1 レイクウェル堅田', 35.1258988481, 135.922266503, 1);
INSERT OR REPLACE INTO service_category_rel (service_id, category_id) VALUES ('STB_4559', 'cat_cafe');
INSERT OR REPLACE INTO service_cafe_details (service_id, has_wifi) VALUES ('STB_4559', 1);
INSERT OR REPLACE INTO services (service_id, brand_id, owner_id, plan_id, ext_place_id, ext_source, title, address, lat, lng, verification_level) VALUES ('STB_68', 'brand_starbucks', '01ARZ3NDEKTSV4RRFFQ69G5FAV', 'free', 'STB_OFFICIAL_68', 'starbucks_official', 'スターバックス コーヒー 京都三条大橋店', '京都府 京都市中京区 三条通河原町東入ル中島町113 近江屋ビル 1F', 35.0091242561, 135.771249699, 1);
INSERT OR REPLACE INTO service_category_rel (service_id, category_id) VALUES ('STB_68', 'cat_cafe');
INSERT OR REPLACE INTO service_cafe_details (service_id, has_wifi) VALUES ('STB_68', 1);
INSERT OR REPLACE INTO services (service_id, brand_id, owner_id, plan_id, ext_place_id, ext_source, title, address, lat, lng, verification_level) VALUES ('STB_76', 'brand_starbucks', '01ARZ3NDEKTSV4RRFFQ69G5FAV', 'free', 'STB_OFFICIAL_76', 'starbucks_official', 'スターバックス コーヒー 京都四条通ヤサカビル店', '京都府 京都市下京区 四条通柳馬場西入ル 立売中之町106  ヤサカ四条ビル', 35.0038383044, 135.763911663, 1);
INSERT OR REPLACE INTO service_category_rel (service_id, category_id) VALUES ('STB_76', 'cat_cafe');
INSERT OR REPLACE INTO service_cafe_details (service_id, has_wifi) VALUES ('STB_76', 1);
INSERT OR REPLACE INTO services (service_id, brand_id, owner_id, plan_id, ext_place_id, ext_source, title, address, lat, lng, verification_level) VALUES ('STB_116', 'brand_starbucks', '01ARZ3NDEKTSV4RRFFQ69G5FAV', 'free', 'STB_OFFICIAL_116', 'starbucks_official', 'スターバックス コーヒー 京都三条烏丸ビル店', '京都府 京都市中京区 三条通烏丸西入ル 御倉町85-1  ＫＤＸ京都烏丸ビル 1F', 35.0087357567, 135.759362371, 1);
INSERT OR REPLACE INTO service_category_rel (service_id, category_id) VALUES ('STB_116', 'cat_cafe');
INSERT OR REPLACE INTO service_cafe_details (service_id, has_wifi) VALUES ('STB_116', 1);
INSERT OR REPLACE INTO services (service_id, brand_id, owner_id, plan_id, ext_place_id, ext_source, title, address, lat, lng, verification_level) VALUES ('STB_201', 'brand_starbucks', '01ARZ3NDEKTSV4RRFFQ69G5FAV', 'free', 'STB_OFFICIAL_201', 'starbucks_official', 'スターバックス コーヒー 洛北阪急スクエア店', '京都府 京都市左京区 高野西開町36 洛北阪急スクエア 1F', 35.0413845529, 135.779048677, 1);
INSERT OR REPLACE INTO service_category_rel (service_id, category_id) VALUES ('STB_201', 'cat_cafe');
INSERT OR REPLACE INTO service_cafe_details (service_id, has_wifi) VALUES ('STB_201', 1);
INSERT OR REPLACE INTO services (service_id, brand_id, owner_id, plan_id, ext_place_id, ext_source, title, address, lat, lng, verification_level) VALUES ('STB_225', 'brand_starbucks', '01ARZ3NDEKTSV4RRFFQ69G5FAV', 'free', 'STB_OFFICIAL_225', 'starbucks_official', 'スターバックス コーヒー 京都Porta店', '京都府 京都市下京区 烏丸通塩小路下ル 東塩小路町902  京都ポルタ駅前地下街', 34.9865303538, 135.759352839, 1);
INSERT OR REPLACE INTO service_category_rel (service_id, category_id) VALUES ('STB_225', 'cat_cafe');
INSERT OR REPLACE INTO service_cafe_details (service_id, has_wifi) VALUES ('STB_225', 1);
INSERT OR REPLACE INTO services (service_id, brand_id, owner_id, plan_id, ext_place_id, ext_source, title, address, lat, lng, verification_level) VALUES ('STB_269', 'brand_starbucks', '01ARZ3NDEKTSV4RRFFQ69G5FAV', 'free', 'STB_OFFICIAL_269', 'starbucks_official', 'スターバックス コーヒー 京都祇園ホテル店', '京都府 京都市東山区 祇園町南側555 祇園ホテル 1F', 35.0036102091, 135.776142047, 1);
INSERT OR REPLACE INTO service_category_rel (service_id, category_id) VALUES ('STB_269', 'cat_cafe');
INSERT OR REPLACE INTO service_cafe_details (service_id, has_wifi) VALUES ('STB_269', 1);
INSERT OR REPLACE INTO services (service_id, brand_id, owner_id, plan_id, ext_place_id, ext_source, title, address, lat, lng, verification_level) VALUES ('STB_283', 'brand_starbucks', '01ARZ3NDEKTSV4RRFFQ69G5FAV', 'free', 'STB_OFFICIAL_283', 'starbucks_official', 'スターバックス コーヒー からすま京都ホテル店', '京都府 京都市下京区 烏丸通綾小路下ル 二帖半敷町652  からすま京都ホテル', 35.0018962105, 135.759365741, 1);
INSERT OR REPLACE INTO service_category_rel (service_id, category_id) VALUES ('STB_283', 'cat_cafe');
INSERT OR REPLACE INTO service_cafe_details (service_id, has_wifi) VALUES ('STB_283', 1);
INSERT OR REPLACE INTO services (service_id, brand_id, owner_id, plan_id, ext_place_id, ext_source, title, address, lat, lng, verification_level) VALUES ('STB_386', 'brand_starbucks', '01ARZ3NDEKTSV4RRFFQ69G5FAV', 'free', 'STB_OFFICIAL_386', 'starbucks_official', 'スターバックス コーヒー 山科駅前店', '京都府 京都市山科区 安朱中小路町5 山科駅NKビル', 34.9923371295, 135.817055835, 1);
INSERT OR REPLACE INTO service_category_rel (service_id, category_id) VALUES ('STB_386', 'cat_cafe');
INSERT OR REPLACE INTO service_cafe_details (service_id, has_wifi) VALUES ('STB_386', 1);
INSERT OR REPLACE INTO services (service_id, brand_id, owner_id, plan_id, ext_place_id, ext_source, title, address, lat, lng, verification_level) VALUES ('STB_430', 'brand_starbucks', '01ARZ3NDEKTSV4RRFFQ69G5FAV', 'free', 'STB_OFFICIAL_430', 'starbucks_official', 'スターバックス コーヒー 京都新京極店', '京都府 京都市中京区 新京極通三条下ル 桜之町421 小町ビル', 35.0076407358, 135.76736509, 1);
INSERT OR REPLACE INTO service_category_rel (service_id, category_id) VALUES ('STB_430', 'cat_cafe');
INSERT OR REPLACE INTO service_cafe_details (service_id, has_wifi) VALUES ('STB_430', 1);
INSERT OR REPLACE INTO services (service_id, brand_id, owner_id, plan_id, ext_place_id, ext_source, title, address, lat, lng, verification_level) VALUES ('STB_539', 'brand_starbucks', '01ARZ3NDEKTSV4RRFFQ69G5FAV', 'free', 'STB_OFFICIAL_539', 'starbucks_official', 'スターバックス コーヒー イオンモール京都五条店', '京都府 京都市右京区 西院追分町25-1-043', 34.9975555548, 135.727053069, 1);
INSERT OR REPLACE INTO service_category_rel (service_id, category_id) VALUES ('STB_539', 'cat_cafe');
INSERT OR REPLACE INTO service_cafe_details (service_id, has_wifi) VALUES ('STB_539', 1);
INSERT OR REPLACE INTO services (service_id, brand_id, owner_id, plan_id, ext_place_id, ext_source, title, address, lat, lng, verification_level) VALUES ('STB_547', 'brand_starbucks', '01ARZ3NDEKTSV4RRFFQ69G5FAV', 'free', 'STB_OFFICIAL_547', 'starbucks_official', 'スターバックス コーヒー 京都タワー サンド店', '京都府 京都市下京区 烏丸通七条下ル 東塩小路町721-1 京都タワービル', 34.9874038742, 135.759505286, 1);
INSERT OR REPLACE INTO service_category_rel (service_id, category_id) VALUES ('STB_547', 'cat_cafe');
INSERT OR REPLACE INTO service_cafe_details (service_id, has_wifi) VALUES ('STB_547', 1);
INSERT OR REPLACE INTO services (service_id, brand_id, owner_id, plan_id, ext_place_id, ext_source, title, address, lat, lng, verification_level) VALUES ('STB_742', 'brand_starbucks', '01ARZ3NDEKTSV4RRFFQ69G5FAV', 'free', 'STB_OFFICIAL_742', 'starbucks_official', 'スターバックス コーヒー 松井山手店', '京都府 京田辺市 松井ケ丘3-2-1', 34.8321610573, 135.729000801, 1);
INSERT OR REPLACE INTO service_category_rel (service_id, category_id) VALUES ('STB_742', 'cat_cafe');
INSERT OR REPLACE INTO service_cafe_details (service_id, has_wifi) VALUES ('STB_742', 1);
INSERT OR REPLACE INTO services (service_id, brand_id, owner_id, plan_id, ext_place_id, ext_source, title, address, lat, lng, verification_level) VALUES ('STB_764', 'brand_starbucks', '01ARZ3NDEKTSV4RRFFQ69G5FAV', 'free', 'STB_OFFICIAL_764', 'starbucks_official', 'スターバックス コーヒー イオンモール高の原店', '京都府 木津川市 相楽台1-1-1 イオンモール高の原', 34.7258365566, 135.790326437, 1);
INSERT OR REPLACE INTO service_category_rel (service_id, category_id) VALUES ('STB_764', 'cat_cafe');
INSERT OR REPLACE INTO service_cafe_details (service_id, has_wifi) VALUES ('STB_764', 1);
INSERT OR REPLACE INTO services (service_id, brand_id, owner_id, plan_id, ext_place_id, ext_source, title, address, lat, lng, verification_level) VALUES ('STB_863', 'brand_starbucks', '01ARZ3NDEKTSV4RRFFQ69G5FAV', 'free', 'STB_OFFICIAL_863', 'starbucks_official', 'スターバックス コーヒー 京都錦小路店', '京都府 京都市中京区 東洞院通蛸薬師下ル 元竹田町651', 35.0050645153, 135.761229052, 1);
INSERT OR REPLACE INTO service_category_rel (service_id, category_id) VALUES ('STB_863', 'cat_cafe');
INSERT OR REPLACE INTO service_cafe_details (service_id, has_wifi) VALUES ('STB_863', 1);
INSERT OR REPLACE INTO services (service_id, brand_id, owner_id, plan_id, ext_place_id, ext_source, title, address, lat, lng, verification_level) VALUES ('STB_880', 'brand_starbucks', '01ARZ3NDEKTSV4RRFFQ69G5FAV', 'free', 'STB_OFFICIAL_880', 'starbucks_official', 'スターバックス コーヒー 京都烏丸六角店', '京都府 京都市中京区 六角通東洞院西入 堂之前町254', 35.0076547699, 135.759859602, 1);
INSERT OR REPLACE INTO service_category_rel (service_id, category_id) VALUES ('STB_880', 'cat_cafe');
INSERT OR REPLACE INTO service_cafe_details (service_id, has_wifi) VALUES ('STB_880', 1);
INSERT OR REPLACE INTO services (service_id, brand_id, owner_id, plan_id, ext_place_id, ext_source, title, address, lat, lng, verification_level) VALUES ('STB_993', 'brand_starbucks', '01ARZ3NDEKTSV4RRFFQ69G5FAV', 'free', 'STB_OFFICIAL_993', 'starbucks_official', 'スターバックス コーヒー TSUTAYA 京都リサーチパーク店', '京都府 京都市下京区 中堂寺粟田町91  京都リサーチパーク 9号館', 34.9958400873, 135.737488948, 1);
INSERT OR REPLACE INTO service_category_rel (service_id, category_id) VALUES ('STB_993', 'cat_cafe');
INSERT OR REPLACE INTO service_cafe_details (service_id, has_wifi) VALUES ('STB_993', 1);
INSERT OR REPLACE INTO services (service_id, brand_id, owner_id, plan_id, ext_place_id, ext_source, title, address, lat, lng, verification_level) VALUES ('STB_1072', 'brand_starbucks', '01ARZ3NDEKTSV4RRFFQ69G5FAV', 'free', 'STB_OFFICIAL_1072', 'starbucks_official', 'スターバックス コーヒー イオンモール久御山店', '京都府 久世郡 久御山町森南大内156-1', 34.8928679179, 135.746077421, 1);
INSERT OR REPLACE INTO service_category_rel (service_id, category_id) VALUES ('STB_1072', 'cat_cafe');
INSERT OR REPLACE INTO service_cafe_details (service_id, has_wifi) VALUES ('STB_1072', 1);
INSERT OR REPLACE INTO services (service_id, brand_id, owner_id, plan_id, ext_place_id, ext_source, title, address, lat, lng, verification_level) VALUES ('STB_1153', 'brand_starbucks', '01ARZ3NDEKTSV4RRFFQ69G5FAV', 'free', 'STB_OFFICIAL_1153', 'starbucks_official', 'スターバックス コーヒー 京都四条葛野大路店', '京都府 京都市右京区 山ノ内池尻町8-2', 35.0042916549, 135.719960848, 1);
INSERT OR REPLACE INTO service_category_rel (service_id, category_id) VALUES ('STB_1153', 'cat_cafe');
INSERT OR REPLACE INTO service_cafe_details (service_id, has_wifi) VALUES ('STB_1153', 1);
INSERT OR REPLACE INTO services (service_id, brand_id, owner_id, plan_id, ext_place_id, ext_source, title, address, lat, lng, verification_level) VALUES ('STB_1232', 'brand_starbucks', '01ARZ3NDEKTSV4RRFFQ69G5FAV', 'free', 'STB_OFFICIAL_1232', 'starbucks_official', 'スターバックス コーヒー イオンモール京都桂川1階店', '京都府 京都市南区 久世高田町376-1 イオンモール京都桂川 1階', 34.9637371728, 135.708011485, 1);
INSERT OR REPLACE INTO service_category_rel (service_id, category_id) VALUES ('STB_1232', 'cat_cafe');
INSERT OR REPLACE INTO service_cafe_details (service_id, has_wifi) VALUES ('STB_1232', 1);
INSERT OR REPLACE INTO services (service_id, brand_id, owner_id, plan_id, ext_place_id, ext_source, title, address, lat, lng, verification_level) VALUES ('STB_1283', 'brand_starbucks', '01ARZ3NDEKTSV4RRFFQ69G5FAV', 'free', 'STB_OFFICIAL_1283', 'starbucks_official', 'スターバックス コーヒー コトチカ烏丸御池店', '京都府 京都市中京区 虎屋町地先', 35.0108769211, 135.759622529, 1);
INSERT OR REPLACE INTO service_category_rel (service_id, category_id) VALUES ('STB_1283', 'cat_cafe');
INSERT OR REPLACE INTO service_cafe_details (service_id, has_wifi) VALUES ('STB_1283', 1);
INSERT OR REPLACE INTO services (service_id, brand_id, owner_id, plan_id, ext_place_id, ext_source, title, address, lat, lng, verification_level) VALUES ('STB_1318', 'brand_starbucks', '01ARZ3NDEKTSV4RRFFQ69G5FAV', 'free', 'STB_OFFICIAL_1318', 'starbucks_official', 'スターバックス コーヒー ＬＡＱＵＥ四条烏丸店', '京都府 京都市下京区 四条通室町東入函谷鉾町101 アーバンネット四条烏丸ビル', 35.0039365467, 135.759300097, 1);
INSERT OR REPLACE INTO service_category_rel (service_id, category_id) VALUES ('STB_1318', 'cat_cafe');
INSERT OR REPLACE INTO service_cafe_details (service_id, has_wifi) VALUES ('STB_1318', 1);
INSERT OR REPLACE INTO services (service_id, brand_id, owner_id, plan_id, ext_place_id, ext_source, title, address, lat, lng, verification_level) VALUES ('STB_1418', 'brand_starbucks', '01ARZ3NDEKTSV4RRFFQ69G5FAV', 'free', 'STB_OFFICIAL_1418', 'starbucks_official', 'スターバックス コーヒー 京阪祇園四条駅店', '京都府 京都市東山区 四条大橋東詰 「京阪祇園四条駅」構内 103区画', 35.0038034522, 135.772159035, 1);
INSERT OR REPLACE INTO service_category_rel (service_id, category_id) VALUES ('STB_1418', 'cat_cafe');
INSERT OR REPLACE INTO service_cafe_details (service_id, has_wifi) VALUES ('STB_1418', 1);
INSERT OR REPLACE INTO services (service_id, brand_id, owner_id, plan_id, ext_place_id, ext_source, title, address, lat, lng, verification_level) VALUES ('STB_1439', 'brand_starbucks', '01ARZ3NDEKTSV4RRFFQ69G5FAV', 'free', 'STB_OFFICIAL_1439', 'starbucks_official', 'スターバックス コーヒー イオンモールKYOTO店', '京都府 京都市南区 西九条鳥居口町1', 34.9829525992, 135.754672281, 1);
INSERT OR REPLACE INTO service_category_rel (service_id, category_id) VALUES ('STB_1439', 'cat_cafe');
INSERT OR REPLACE INTO service_cafe_details (service_id, has_wifi) VALUES ('STB_1439', 1);
INSERT OR REPLACE INTO services (service_id, brand_id, owner_id, plan_id, ext_place_id, ext_source, title, address, lat, lng, verification_level) VALUES ('STB_1443', 'brand_starbucks', '01ARZ3NDEKTSV4RRFFQ69G5FAV', 'free', 'STB_OFFICIAL_1443', 'starbucks_official', 'スターバックス コーヒー 京都宇治平等院表参道店', '京都府 宇治市 宇治蓮華21-18', 34.8906739402, 135.807069123, 1);
INSERT OR REPLACE INTO service_category_rel (service_id, category_id) VALUES ('STB_1443', 'cat_cafe');
INSERT OR REPLACE INTO service_cafe_details (service_id, has_wifi) VALUES ('STB_1443', 1);
INSERT OR REPLACE INTO services (service_id, brand_id, owner_id, plan_id, ext_place_id, ext_source, title, address, lat, lng, verification_level) VALUES ('STB_1476', 'brand_starbucks', '01ARZ3NDEKTSV4RRFFQ69G5FAV', 'free', 'STB_OFFICIAL_1476', 'starbucks_official', 'スターバックス コーヒー 京都二寧坂ヤサカ茶屋店', '京都府 京都市東山区 高台寺南門通下河原東入桝屋町349', 34.9983080801, 135.780814403, 1);
INSERT OR REPLACE INTO service_category_rel (service_id, category_id) VALUES ('STB_1476', 'cat_cafe');
INSERT OR REPLACE INTO service_cafe_details (service_id, has_wifi) VALUES ('STB_1476', 1);
INSERT OR REPLACE INTO services (service_id, brand_id, owner_id, plan_id, ext_place_id, ext_source, title, address, lat, lng, verification_level) VALUES ('STB_1668', 'brand_starbucks', '01ARZ3NDEKTSV4RRFFQ69G5FAV', 'free', 'STB_OFFICIAL_1668', 'starbucks_official', 'スターバックス コーヒー 松井山手欽明台店', '京都府 八幡市 欽明台西21-1', 34.8346681137, 135.718957353, 1);
INSERT OR REPLACE INTO service_category_rel (service_id, category_id) VALUES ('STB_1668', 'cat_cafe');
INSERT OR REPLACE INTO service_cafe_details (service_id, has_wifi) VALUES ('STB_1668', 1);
INSERT OR REPLACE INTO services (service_id, brand_id, owner_id, plan_id, ext_place_id, ext_source, title, address, lat, lng, verification_level) VALUES ('STB_1716', 'brand_starbucks', '01ARZ3NDEKTSV4RRFFQ69G5FAV', 'free', 'STB_OFFICIAL_1716', 'starbucks_official', 'スターバックス コーヒー スターバックス カフェ & アートギャラリー 京都BAL', '京都府 京都市中京区 河原町通三条下ル山崎町251 京都BAL 3F', 35.0069714022, 135.76961299, 1);
INSERT OR REPLACE INTO service_category_rel (service_id, category_id) VALUES ('STB_1716', 'cat_cafe');
INSERT OR REPLACE INTO service_cafe_details (service_id, has_wifi) VALUES ('STB_1716', 1);
INSERT OR REPLACE INTO services (service_id, brand_id, owner_id, plan_id, ext_place_id, ext_source, title, address, lat, lng, verification_level) VALUES ('STB_1827', 'brand_starbucks', '01ARZ3NDEKTSV4RRFFQ69G5FAV', 'free', 'STB_OFFICIAL_1827', 'starbucks_official', 'スターバックス コーヒー ビバスクエア京都 梅小路公園店', '京都府 京都市下京区 観喜寺町 梅小路公園内 JR梅小路京都西駅前', 34.9880113158, 135.74397877, 1);
INSERT OR REPLACE INTO service_category_rel (service_id, category_id) VALUES ('STB_1827', 'cat_cafe');
INSERT OR REPLACE INTO service_cafe_details (service_id, has_wifi) VALUES ('STB_1827', 1);
INSERT OR REPLACE INTO services (service_id, brand_id, owner_id, plan_id, ext_place_id, ext_source, title, address, lat, lng, verification_level) VALUES ('STB_1830', 'brand_starbucks', '01ARZ3NDEKTSV4RRFFQ69G5FAV', 'free', 'STB_OFFICIAL_1830', 'starbucks_official', 'スターバックス コーヒー イオンモール北大路店', '京都府 京都市北区 小山北上総町49-1 イオンモール北大路', 35.0445513524, 135.758339418, 1);
INSERT OR REPLACE INTO service_category_rel (service_id, category_id) VALUES ('STB_1830', 'cat_cafe');
INSERT OR REPLACE INTO service_cafe_details (service_id, has_wifi) VALUES ('STB_1830', 1);
INSERT OR REPLACE INTO services (service_id, brand_id, owner_id, plan_id, ext_place_id, ext_source, title, address, lat, lng, verification_level) VALUES ('STB_1854', 'brand_starbucks', '01ARZ3NDEKTSV4RRFFQ69G5FAV', 'free', 'STB_OFFICIAL_1854', 'starbucks_official', 'スターバックス コーヒー 京都信用金庫本店ビル店', '京都府 京都市下京区 四条通柳馬場東入立売東町7 京都信用金庫本店ビル', 35.0035794514, 135.764377747, 1);
INSERT OR REPLACE INTO service_category_rel (service_id, category_id) VALUES ('STB_1854', 'cat_cafe');
INSERT OR REPLACE INTO service_cafe_details (service_id, has_wifi) VALUES ('STB_1854', 1);
INSERT OR REPLACE INTO services (service_id, brand_id, owner_id, plan_id, ext_place_id, ext_source, title, address, lat, lng, verification_level) VALUES ('STB_2059', 'brand_starbucks', '01ARZ3NDEKTSV4RRFFQ69G5FAV', 'free', 'STB_OFFICIAL_2059', 'starbucks_official', 'スターバックス コーヒー 龍谷大学店', '京都府 京都市伏見区 深草塚本町67', 34.9645234155, 135.768070073, 1);
INSERT OR REPLACE INTO service_category_rel (service_id, category_id) VALUES ('STB_2059', 'cat_cafe');
INSERT OR REPLACE INTO service_cafe_details (service_id, has_wifi) VALUES ('STB_2059', 1);
INSERT OR REPLACE INTO services (service_id, brand_id, owner_id, plan_id, ext_place_id, ext_source, title, address, lat, lng, verification_level) VALUES ('STB_2075', 'brand_starbucks', '01ARZ3NDEKTSV4RRFFQ69G5FAV', 'free', 'STB_OFFICIAL_2075', 'starbucks_official', 'スターバックス コーヒー 京都岡崎 蔦屋書店', '京都府 京都市左京区 岡崎最勝寺町13 ロームシアター京都', 35.0139833513, 135.781011443, 1);
INSERT OR REPLACE INTO service_category_rel (service_id, category_id) VALUES ('STB_2075', 'cat_cafe');
INSERT OR REPLACE INTO service_cafe_details (service_id, has_wifi) VALUES ('STB_2075', 1);
INSERT OR REPLACE INTO services (service_id, brand_id, owner_id, plan_id, ext_place_id, ext_source, title, address, lat, lng, verification_level) VALUES ('STB_2096', 'brand_starbucks', '01ARZ3NDEKTSV4RRFFQ69G5FAV', 'free', 'STB_OFFICIAL_2096', 'starbucks_official', 'スターバックス コーヒー TSUTAYA 福知山店', '京都府 福知山市 東羽合町149 アビタウン福知山', 35.2943514401, 135.114331955, 1);
INSERT OR REPLACE INTO service_category_rel (service_id, category_id) VALUES ('STB_2096', 'cat_cafe');
INSERT OR REPLACE INTO service_cafe_details (service_id, has_wifi) VALUES ('STB_2096', 1);
INSERT OR REPLACE INTO services (service_id, brand_id, owner_id, plan_id, ext_place_id, ext_source, title, address, lat, lng, verification_level) VALUES ('STB_2152', 'brand_starbucks', '01ARZ3NDEKTSV4RRFFQ69G5FAV', 'free', 'STB_OFFICIAL_2152', 'starbucks_official', 'スターバックス コーヒー JR京都駅 新幹線改札内店', '京都府 京都市下京区 東塩小路町680-6 JR-PLUS京都支店', 34.9845116793, 135.75926405, 1);
INSERT OR REPLACE INTO service_category_rel (service_id, category_id) VALUES ('STB_2152', 'cat_cafe');
INSERT OR REPLACE INTO service_cafe_details (service_id, has_wifi) VALUES ('STB_2152', 1);
INSERT OR REPLACE INTO services (service_id, brand_id, owner_id, plan_id, ext_place_id, ext_source, title, address, lat, lng, verification_level) VALUES ('STB_2161', 'brand_starbucks', '01ARZ3NDEKTSV4RRFFQ69G5FAV', 'free', 'STB_OFFICIAL_2161', 'starbucks_official', 'スターバックス コーヒー JR京都駅 新幹線中央口店', '京都府 京都市下京区 東塩小路高倉町8-3 JR東海京都駅構内 ASTY京都 2階', 34.9848030181, 135.758179127, 1);
INSERT OR REPLACE INTO service_category_rel (service_id, category_id) VALUES ('STB_2161', 'cat_cafe');
INSERT OR REPLACE INTO service_cafe_details (service_id, has_wifi) VALUES ('STB_2161', 1);
INSERT OR REPLACE INTO services (service_id, brand_id, owner_id, plan_id, ext_place_id, ext_source, title, address, lat, lng, verification_level) VALUES ('STB_2287', 'brand_starbucks', '01ARZ3NDEKTSV4RRFFQ69G5FAV', 'free', 'STB_OFFICIAL_2287', 'starbucks_official', 'スターバックス コーヒー JR京都駅 西口店', '京都府 京都市下京区 烏丸通塩小路下ル 東塩小路町 JR京都駅2階 橋上南北自由通路', 34.9849338441, 135.758558534, 1);
INSERT OR REPLACE INTO service_category_rel (service_id, category_id) VALUES ('STB_2287', 'cat_cafe');
INSERT OR REPLACE INTO service_cafe_details (service_id, has_wifi) VALUES ('STB_2287', 1);
INSERT OR REPLACE INTO services (service_id, brand_id, owner_id, plan_id, ext_place_id, ext_source, title, address, lat, lng, verification_level) VALUES ('STB_4018', 'brand_starbucks', '01ARZ3NDEKTSV4RRFFQ69G5FAV', 'free', 'STB_OFFICIAL_4018', 'starbucks_official', 'スターバックス コーヒー イオンモール京都桂川2階店', '京都府 京都市南区 久世高田町376-1 イオンモール京都桂川 2階', 34.9640888208, 135.709094713, 1);
INSERT OR REPLACE INTO service_category_rel (service_id, category_id) VALUES ('STB_4018', 'cat_cafe');
INSERT OR REPLACE INTO service_cafe_details (service_id, has_wifi) VALUES ('STB_4018', 1);
INSERT OR REPLACE INTO services (service_id, brand_id, owner_id, plan_id, ext_place_id, ext_source, title, address, lat, lng, verification_level) VALUES ('STB_4020', 'brand_starbucks', '01ARZ3NDEKTSV4RRFFQ69G5FAV', 'free', 'STB_OFFICIAL_4020', 'starbucks_official', 'スターバックス コーヒー 京都亀岡店', '京都府 亀岡市 亀岡駅北1-9-1', 35.0181750433, 135.585491098, 1);
INSERT OR REPLACE INTO service_category_rel (service_id, category_id) VALUES ('STB_4020', 'cat_cafe');
INSERT OR REPLACE INTO service_cafe_details (service_id, has_wifi) VALUES ('STB_4020', 1);
INSERT OR REPLACE INTO services (service_id, brand_id, owner_id, plan_id, ext_place_id, ext_source, title, address, lat, lng, verification_level) VALUES ('STB_4207', 'brand_starbucks', '01ARZ3NDEKTSV4RRFFQ69G5FAV', 'free', 'STB_OFFICIAL_4207', 'starbucks_official', 'スターバックス コーヒー A PIT京都四条店', '京都府 京都市右京区 西院安塚町1 A PIT AUTOBACS KYOTO SHIJO2階', 35.0032487133, 135.72010144, 1);
INSERT OR REPLACE INTO service_category_rel (service_id, category_id) VALUES ('STB_4207', 'cat_cafe');
INSERT OR REPLACE INTO service_cafe_details (service_id, has_wifi) VALUES ('STB_4207', 1);
INSERT OR REPLACE INTO services (service_id, brand_id, owner_id, plan_id, ext_place_id, ext_source, title, address, lat, lng, verification_level) VALUES ('STB_4216', 'brand_starbucks', '01ARZ3NDEKTSV4RRFFQ69G5FAV', 'free', 'STB_OFFICIAL_4216', 'starbucks_official', 'スターバックス コーヒー 京都西大路店', '京都府 京都市右京区 西院中水町21', 34.9939324175, 135.731990604, 1);
INSERT OR REPLACE INTO service_category_rel (service_id, category_id) VALUES ('STB_4216', 'cat_cafe');
INSERT OR REPLACE INTO service_cafe_details (service_id, has_wifi) VALUES ('STB_4216', 1);
INSERT OR REPLACE INTO services (service_id, brand_id, owner_id, plan_id, ext_place_id, ext_source, title, address, lat, lng, verification_level) VALUES ('STB_4280', 'brand_starbucks', '01ARZ3NDEKTSV4RRFFQ69G5FAV', 'free', 'STB_OFFICIAL_4280', 'starbucks_official', 'スターバックス コーヒー 京都久世店', '京都府 京都市南区 久世殿城町453-2', 34.9565081049, 135.717106619, 1);
INSERT OR REPLACE INTO service_category_rel (service_id, category_id) VALUES ('STB_4280', 'cat_cafe');
INSERT OR REPLACE INTO service_cafe_details (service_id, has_wifi) VALUES ('STB_4280', 1);
INSERT OR REPLACE INTO services (service_id, brand_id, owner_id, plan_id, ext_place_id, ext_source, title, address, lat, lng, verification_level) VALUES ('STB_4359', 'brand_starbucks', '01ARZ3NDEKTSV4RRFFQ69G5FAV', 'free', 'STB_OFFICIAL_4359', 'starbucks_official', 'スターバックス コーヒー 京都精華台店', '京都府 相楽郡 精華町精華台3-12-5', 34.7476946107, 135.780964541, 1);
INSERT OR REPLACE INTO service_category_rel (service_id, category_id) VALUES ('STB_4359', 'cat_cafe');
INSERT OR REPLACE INTO service_cafe_details (service_id, has_wifi) VALUES ('STB_4359', 1);
INSERT OR REPLACE INTO services (service_id, brand_id, owner_id, plan_id, ext_place_id, ext_source, title, address, lat, lng, verification_level) VALUES ('STB_4424', 'brand_starbucks', '01ARZ3NDEKTSV4RRFFQ69G5FAV', 'free', 'STB_OFFICIAL_4424', 'starbucks_official', 'スターバックス コーヒー スターバックス ティー＆カフェ 京都Porta イースト店', '京都府 京都市下京区 烏丸通塩小路下ル 東塩小路町902 京都ポルタ駅前地下街', 34.9864498267, 135.760487193, 1);
INSERT OR REPLACE INTO service_category_rel (service_id, category_id) VALUES ('STB_4424', 'cat_cafe');
INSERT OR REPLACE INTO service_cafe_details (service_id, has_wifi) VALUES ('STB_4424', 1);
INSERT OR REPLACE INTO services (service_id, brand_id, owner_id, plan_id, ext_place_id, ext_source, title, address, lat, lng, verification_level) VALUES ('STB_4451', 'brand_starbucks', '01ARZ3NDEKTSV4RRFFQ69G5FAV', 'free', 'STB_OFFICIAL_4451', 'starbucks_official', 'スターバックス コーヒー 河原町オーパ店', '京都府 京都市中京区 河原町通四条上ル米屋町385 河原町オーパ地下1階', 35.0045005432, 135.768916217, 1);
INSERT OR REPLACE INTO service_category_rel (service_id, category_id) VALUES ('STB_4451', 'cat_cafe');
INSERT OR REPLACE INTO service_cafe_details (service_id, has_wifi) VALUES ('STB_4451', 1);
INSERT OR REPLACE INTO services (service_id, brand_id, owner_id, plan_id, ext_place_id, ext_source, title, address, lat, lng, verification_level) VALUES ('STB_4501', 'brand_starbucks', '01ARZ3NDEKTSV4RRFFQ69G5FAV', 'free', 'STB_OFFICIAL_4501', 'starbucks_official', 'スターバックス コーヒー 伏見桃山店', '京都府 京都市伏見区 京町4-155-1 京阪桃山ビル1階', 34.9330633946, 135.765056771, 1);
INSERT OR REPLACE INTO service_category_rel (service_id, category_id) VALUES ('STB_4501', 'cat_cafe');
INSERT OR REPLACE INTO service_cafe_details (service_id, has_wifi) VALUES ('STB_4501', 1);
INSERT OR REPLACE INTO services (service_id, brand_id, owner_id, plan_id, ext_place_id, ext_source, title, address, lat, lng, verification_level) VALUES ('STB_4516', 'brand_starbucks', '01ARZ3NDEKTSV4RRFFQ69G5FAV', 'free', 'STB_OFFICIAL_4516', 'starbucks_official', 'スターバックス コーヒー BiVi二条店', '京都府 京都市中京区 西ノ京栂尾町107 BiVi二条1階', 35.0104377579, 135.741226854, 1);
INSERT OR REPLACE INTO service_category_rel (service_id, category_id) VALUES ('STB_4516', 'cat_cafe');
INSERT OR REPLACE INTO service_cafe_details (service_id, has_wifi) VALUES ('STB_4516', 1);
INSERT OR REPLACE INTO services (service_id, brand_id, owner_id, plan_id, ext_place_id, ext_source, title, address, lat, lng, verification_level) VALUES ('STB_4547', 'brand_starbucks', '01ARZ3NDEKTSV4RRFFQ69G5FAV', 'free', 'STB_OFFICIAL_4547', 'starbucks_official', 'スターバックス コーヒー 京都伏見国道1号店', '京都府 京都市伏見区 中島前山町35', 34.9477750849, 135.745178856, 1);
INSERT OR REPLACE INTO service_category_rel (service_id, category_id) VALUES ('STB_4547', 'cat_cafe');
INSERT OR REPLACE INTO service_cafe_details (service_id, has_wifi) VALUES ('STB_4547', 1);
INSERT OR REPLACE INTO services (service_id, brand_id, owner_id, plan_id, ext_place_id, ext_source, title, address, lat, lng, verification_level) VALUES ('STB_4569', 'brand_starbucks', '01ARZ3NDEKTSV4RRFFQ69G5FAV', 'free', 'STB_OFFICIAL_4569', 'starbucks_official', 'スターバックス コーヒー 京都円山公園 菊の渓店', '京都府 京都市東山区 八坂鳥居前東入円山町620-1', 35.0039316555, 135.781401595, 1);
INSERT OR REPLACE INTO service_category_rel (service_id, category_id) VALUES ('STB_4569', 'cat_cafe');
INSERT OR REPLACE INTO service_cafe_details (service_id, has_wifi) VALUES ('STB_4569', 0);
INSERT OR REPLACE INTO services (service_id, brand_id, owner_id, plan_id, ext_place_id, ext_source, title, address, lat, lng, verification_level) VALUES ('STB_4622', 'brand_starbucks', '01ARZ3NDEKTSV4RRFFQ69G5FAV', 'free', 'STB_OFFICIAL_4622', 'starbucks_official', 'スターバックス コーヒー 京都市役所店', '京都府 京都市中京区 寺町通御池上ル上本能寺前町488 西庁舎1階', 35.0117366869, 135.767384344, 1);
INSERT OR REPLACE INTO service_category_rel (service_id, category_id) VALUES ('STB_4622', 'cat_cafe');
INSERT OR REPLACE INTO service_cafe_details (service_id, has_wifi) VALUES ('STB_4622', 1);
INSERT OR REPLACE INTO services (service_id, brand_id, owner_id, plan_id, ext_place_id, ext_source, title, address, lat, lng, verification_level) VALUES ('STB_28', 'brand_starbucks', '01ARZ3NDEKTSV4RRFFQ69G5FAV', 'free', 'STB_OFFICIAL_28', 'starbucks_official', 'スターバックス コーヒー 梅田HEP FIVE7階店', '大阪府 大阪市北区 角田町5-15 HEP FIVE 7F', 34.7037916179, 135.499816579, 1);
INSERT OR REPLACE INTO service_category_rel (service_id, category_id) VALUES ('STB_28', 'cat_cafe');
INSERT OR REPLACE INTO service_cafe_details (service_id, has_wifi) VALUES ('STB_28', 1);
INSERT OR REPLACE INTO services (service_id, brand_id, owner_id, plan_id, ext_place_id, ext_source, title, address, lat, lng, verification_level) VALUES ('STB_88', 'brand_starbucks', '01ARZ3NDEKTSV4RRFFQ69G5FAV', 'free', 'STB_OFFICIAL_88', 'starbucks_official', 'スターバックス コーヒー 御堂筋本町店', '大阪府 大阪市中央区 本町4-2-12 野村不動産御堂筋本町ビル', 34.683449636, 135.500329695, 1);
INSERT OR REPLACE INTO service_category_rel (service_id, category_id) VALUES ('STB_88', 'cat_cafe');
INSERT OR REPLACE INTO service_cafe_details (service_id, has_wifi) VALUES ('STB_88', 1);
INSERT OR REPLACE INTO services (service_id, brand_id, owner_id, plan_id, ext_place_id, ext_source, title, address, lat, lng, verification_level) VALUES ('STB_92', 'brand_starbucks', '01ARZ3NDEKTSV4RRFFQ69G5FAV', 'free', 'STB_OFFICIAL_92', 'starbucks_official', 'スターバックス コーヒー 堺筋本町店', '大阪府 大阪市中央区 本町1-8-12 オーク堺筋本町ビル1F', 34.6838191556, 135.506896077, 1);
INSERT OR REPLACE INTO service_category_rel (service_id, category_id) VALUES ('STB_92', 'cat_cafe');
INSERT OR REPLACE INTO service_cafe_details (service_id, has_wifi) VALUES ('STB_92', 1);
INSERT OR REPLACE INTO services (service_id, brand_id, owner_id, plan_id, ext_place_id, ext_source, title, address, lat, lng, verification_level) VALUES ('STB_106', 'brand_starbucks', '01ARZ3NDEKTSV4RRFFQ69G5FAV', 'free', 'STB_OFFICIAL_106', 'starbucks_official', 'スターバックス コーヒー 肥後橋南店', '大阪府 大阪市西区 江戸堀1-2-16 肥後橋南山下ビル', 34.6915998062, 135.496368538, 1);
INSERT OR REPLACE INTO service_category_rel (service_id, category_id) VALUES ('STB_106', 'cat_cafe');
INSERT OR REPLACE INTO service_cafe_details (service_id, has_wifi) VALUES ('STB_106', 1);
INSERT OR REPLACE INTO services (service_id, brand_id, owner_id, plan_id, ext_place_id, ext_source, title, address, lat, lng, verification_level) VALUES ('STB_117', 'brand_starbucks', '01ARZ3NDEKTSV4RRFFQ69G5FAV', 'free', 'STB_OFFICIAL_117', 'starbucks_official', 'スターバックス コーヒー 谷町筋ＮＳビル店', '大阪府 大阪市中央区 谷町2-2-22 ＮＳビル 1F', 34.686353516, 135.517603127, 1);
INSERT OR REPLACE INTO service_category_rel (service_id, category_id) VALUES ('STB_117', 'cat_cafe');
INSERT OR REPLACE INTO service_cafe_details (service_id, has_wifi) VALUES ('STB_117', 1);
INSERT OR REPLACE INTO services (service_id, brand_id, owner_id, plan_id, ext_place_id, ext_source, title, address, lat, lng, verification_level) VALUES ('STB_129', 'brand_starbucks', '01ARZ3NDEKTSV4RRFFQ69G5FAV', 'free', 'STB_OFFICIAL_129', 'starbucks_official', 'スターバックス コーヒー 大阪ガーデンシティ店', '大阪府 大阪市北区 梅田3-3-20 明治安田生命大阪ビル', 34.6989728212, 135.491488048, 1);
INSERT OR REPLACE INTO service_category_rel (service_id, category_id) VALUES ('STB_129', 'cat_cafe');
INSERT OR REPLACE INTO service_cafe_details (service_id, has_wifi) VALUES ('STB_129', 1);
INSERT OR REPLACE INTO services (service_id, brand_id, owner_id, plan_id, ext_place_id, ext_source, title, address, lat, lng, verification_level) VALUES ('STB_181', 'brand_starbucks', '01ARZ3NDEKTSV4RRFFQ69G5FAV', 'free', 'STB_OFFICIAL_181', 'starbucks_official', 'スターバックス コーヒー ちゃやまちアプローズタワー店', '大阪府 大阪市北区 茶屋町19-19 アプローズタワー 1F', 34.7082080738, 135.498893397, 1);
INSERT OR REPLACE INTO service_category_rel (service_id, category_id) VALUES ('STB_181', 'cat_cafe');
INSERT OR REPLACE INTO service_cafe_details (service_id, has_wifi) VALUES ('STB_181', 1);
INSERT OR REPLACE INTO services (service_id, brand_id, owner_id, plan_id, ext_place_id, ext_source, title, address, lat, lng, verification_level) VALUES ('STB_187', 'brand_starbucks', '01ARZ3NDEKTSV4RRFFQ69G5FAV', 'free', 'STB_OFFICIAL_187', 'starbucks_official', 'スターバックス コーヒー りんくうプレミアム・アウトレット店', '大阪府 泉佐野市 りんくう往来南3‐28 りんくうプレミアム・アウトレット 1F', 34.4059929311, 135.293997385, 1);
INSERT OR REPLACE INTO service_category_rel (service_id, category_id) VALUES ('STB_187', 'cat_cafe');
INSERT OR REPLACE INTO service_cafe_details (service_id, has_wifi) VALUES ('STB_187', 1);
INSERT OR REPLACE INTO services (service_id, brand_id, owner_id, plan_id, ext_place_id, ext_source, title, address, lat, lng, verification_level) VALUES ('STB_248', 'brand_starbucks', '01ARZ3NDEKTSV4RRFFQ69G5FAV', 'free', 'STB_OFFICIAL_248', 'starbucks_official', 'スターバックス コーヒー 四ツ橋店', '大阪府 大阪市西区 北堀江1-1-18 四ツ橋イーストビル', 34.6736767328, 135.496913762, 1);
INSERT OR REPLACE INTO service_category_rel (service_id, category_id) VALUES ('STB_248', 'cat_cafe');
INSERT OR REPLACE INTO service_cafe_details (service_id, has_wifi) VALUES ('STB_248', 1);
INSERT OR REPLACE INTO services (service_id, brand_id, owner_id, plan_id, ext_place_id, ext_source, title, address, lat, lng, verification_level) VALUES ('STB_278', 'brand_starbucks', '01ARZ3NDEKTSV4RRFFQ69G5FAV', 'free', 'STB_OFFICIAL_278', 'starbucks_official', 'スターバックス コーヒー なんば 御堂筋グランドビル店', '大阪府 大阪市中央区 難波2-2-3 御堂筋グランドビル B1F', 34.6676190994, 135.499891572, 1);
INSERT OR REPLACE INTO service_category_rel (service_id, category_id) VALUES ('STB_278', 'cat_cafe');
INSERT OR REPLACE INTO service_cafe_details (service_id, has_wifi) VALUES ('STB_278', 1);
INSERT OR REPLACE INTO services (service_id, brand_id, owner_id, plan_id, ext_place_id, ext_source, title, address, lat, lng, verification_level) VALUES ('STB_297', 'brand_starbucks', '01ARZ3NDEKTSV4RRFFQ69G5FAV', 'free', 'STB_OFFICIAL_297', 'starbucks_official', 'スターバックス コーヒー 新大阪ニッセイビル店', '大阪府 大阪市淀川区 宮原3-4-30 ニッセイ新大阪ビル', 34.7341805322, 135.496522398, 1);
INSERT OR REPLACE INTO service_category_rel (service_id, category_id) VALUES ('STB_297', 'cat_cafe');
INSERT OR REPLACE INTO service_cafe_details (service_id, has_wifi) VALUES ('STB_297', 1);
INSERT OR REPLACE INTO services (service_id, brand_id, owner_id, plan_id, ext_place_id, ext_source, title, address, lat, lng, verification_level) VALUES ('STB_332', 'brand_starbucks', '01ARZ3NDEKTSV4RRFFQ69G5FAV', 'free', 'STB_OFFICIAL_332', 'starbucks_official', 'スターバックス コーヒー ホテル京阪　ユニバーサル・タワー店', '大阪府 大阪市此花区 島屋6-2-45 ホテル京阪 ユニバーサル・タワー', 34.668174909, 135.43833027, 1);
INSERT OR REPLACE INTO service_category_rel (service_id, category_id) VALUES ('STB_332', 'cat_cafe');
INSERT OR REPLACE INTO service_cafe_details (service_id, has_wifi) VALUES ('STB_332', 1);
INSERT OR REPLACE INTO services (service_id, brand_id, owner_id, plan_id, ext_place_id, ext_source, title, address, lat, lng, verification_level) VALUES ('STB_376', 'brand_starbucks', '01ARZ3NDEKTSV4RRFFQ69G5FAV', 'free', 'STB_OFFICIAL_376', 'starbucks_official', 'スターバックス コーヒー 阪急池田駅店', '大阪府 池田市 栄町1-1 阪急池田ブランマルシェ２番館', 34.8217013207, 135.425585092, 1);
INSERT OR REPLACE INTO service_category_rel (service_id, category_id) VALUES ('STB_376', 'cat_cafe');
INSERT OR REPLACE INTO service_cafe_details (service_id, has_wifi) VALUES ('STB_376', 1);
INSERT OR REPLACE INTO services (service_id, brand_id, owner_id, plan_id, ext_place_id, ext_source, title, address, lat, lng, verification_level) VALUES ('STB_382', 'brand_starbucks', '01ARZ3NDEKTSV4RRFFQ69G5FAV', 'free', 'STB_OFFICIAL_382', 'starbucks_official', 'スターバックス コーヒー 中之島三井ビル店', '大阪府 大阪市北区 中之島3-3-3 中之島三井ビルディング', 34.6935803882, 135.494111967, 1);
INSERT OR REPLACE INTO service_category_rel (service_id, category_id) VALUES ('STB_382', 'cat_cafe');
INSERT OR REPLACE INTO service_cafe_details (service_id, has_wifi) VALUES ('STB_382', 1);
INSERT OR REPLACE INTO services (service_id, brand_id, owner_id, plan_id, ext_place_id, ext_source, title, address, lat, lng, verification_level) VALUES ('STB_388', 'brand_starbucks', '01ARZ3NDEKTSV4RRFFQ69G5FAV', 'free', 'STB_OFFICIAL_388', 'starbucks_official', 'スターバックス コーヒー 桜橋プラザビル店', '大阪府 大阪市北区 曽根崎新地1-4-12 桜橋プラザビル', 34.6980685504, 135.495890502, 1);
INSERT OR REPLACE INTO service_category_rel (service_id, category_id) VALUES ('STB_388', 'cat_cafe');
INSERT OR REPLACE INTO service_cafe_details (service_id, has_wifi) VALUES ('STB_388', 1);
INSERT OR REPLACE INTO services (service_id, brand_id, owner_id, plan_id, ext_place_id, ext_source, title, address, lat, lng, verification_level) VALUES ('STB_467', 'brand_starbucks', '01ARZ3NDEKTSV4RRFFQ69G5FAV', 'free', 'STB_OFFICIAL_467', 'starbucks_official', 'スターバックス コーヒー ＯＢＰ松下ＩＭＰビル店', '大阪府 大阪市中央区 城見1-3-7 松下IMPビル', 34.691844541, 135.530396256, 1);
INSERT OR REPLACE INTO service_category_rel (service_id, category_id) VALUES ('STB_467', 'cat_cafe');
INSERT OR REPLACE INTO service_cafe_details (service_id, has_wifi) VALUES ('STB_467', 1);
INSERT OR REPLACE INTO services (service_id, brand_id, owner_id, plan_id, ext_place_id, ext_source, title, address, lat, lng, verification_level) VALUES ('STB_472', 'brand_starbucks', '01ARZ3NDEKTSV4RRFFQ69G5FAV', 'free', 'STB_OFFICIAL_472', 'starbucks_official', 'スターバックス コーヒー 蛍池ルシオーレ店', '大阪府 豊中市 蛍池中町3-2-1 ルシオーレ（310)', 34.7940202438, 135.448869433, 1);
INSERT OR REPLACE INTO service_category_rel (service_id, category_id) VALUES ('STB_472', 'cat_cafe');
INSERT OR REPLACE INTO service_cafe_details (service_id, has_wifi) VALUES ('STB_472', 1);
INSERT OR REPLACE INTO services (service_id, brand_id, owner_id, plan_id, ext_place_id, ext_source, title, address, lat, lng, verification_level) VALUES ('STB_473', 'brand_starbucks', '01ARZ3NDEKTSV4RRFFQ69G5FAV', 'free', 'STB_OFFICIAL_473', 'starbucks_official', 'スターバックス コーヒー 西本町店', '大阪府 大阪市西区 阿波座1-3-18 エッグビル本町', 34.681203986, 135.497076458, 1);
INSERT OR REPLACE INTO service_category_rel (service_id, category_id) VALUES ('STB_473', 'cat_cafe');
INSERT OR REPLACE INTO service_cafe_details (service_id, has_wifi) VALUES ('STB_473', 1);
INSERT OR REPLACE INTO services (service_id, brand_id, owner_id, plan_id, ext_place_id, ext_source, title, address, lat, lng, verification_level) VALUES ('STB_499', 'brand_starbucks', '01ARZ3NDEKTSV4RRFFQ69G5FAV', 'free', 'STB_OFFICIAL_499', 'starbucks_official', 'スターバックス コーヒー イオン北千里店', '大阪府 吹田市 古江台4-2-50 ディオス北千里7番館', 34.8196405049, 135.509387949, 1);
INSERT OR REPLACE INTO service_category_rel (service_id, category_id) VALUES ('STB_499', 'cat_cafe');
INSERT OR REPLACE INTO service_cafe_details (service_id, has_wifi) VALUES ('STB_499', 1);
INSERT OR REPLACE INTO services (service_id, brand_id, owner_id, plan_id, ext_place_id, ext_source, title, address, lat, lng, verification_level) VALUES ('STB_503', 'brand_starbucks', '01ARZ3NDEKTSV4RRFFQ69G5FAV', 'free', 'STB_OFFICIAL_503', 'starbucks_official', 'スターバックス コーヒー みのおキューズモール店', '大阪府 箕面市 西宿1-17-22 みのおキューズモール', 34.8326690424, 135.489536498, 1);
INSERT OR REPLACE INTO service_category_rel (service_id, category_id) VALUES ('STB_503', 'cat_cafe');
INSERT OR REPLACE INTO service_cafe_details (service_id, has_wifi) VALUES ('STB_503', 1);
INSERT OR REPLACE INTO services (service_id, brand_id, owner_id, plan_id, ext_place_id, ext_source, title, address, lat, lng, verification_level) VALUES ('STB_542', 'brand_starbucks', '01ARZ3NDEKTSV4RRFFQ69G5FAV', 'free', 'STB_OFFICIAL_542', 'starbucks_official', 'スターバックス コーヒー ＪＲ高槻駅北店', '大阪府 高槻市 芥川町1-2  B-0202号 アクトアモーレ', 34.8517033963, 135.616808941, 1);
INSERT OR REPLACE INTO service_category_rel (service_id, category_id) VALUES ('STB_542', 'cat_cafe');
INSERT OR REPLACE INTO service_cafe_details (service_id, has_wifi) VALUES ('STB_542', 1);
INSERT OR REPLACE INTO services (service_id, brand_id, owner_id, plan_id, ext_place_id, ext_source, title, address, lat, lng, verification_level) VALUES ('STB_566', 'brand_starbucks', '01ARZ3NDEKTSV4RRFFQ69G5FAV', 'free', 'STB_OFFICIAL_566', 'starbucks_official', 'スターバックス コーヒー 近鉄東大阪店', '大阪府 東大阪市 長堂1-1-1 近鉄東大阪店', 34.6643461157, 135.56348033, 1);
INSERT OR REPLACE INTO service_category_rel (service_id, category_id) VALUES ('STB_566', 'cat_cafe');
INSERT OR REPLACE INTO service_cafe_details (service_id, has_wifi) VALUES ('STB_566', 1);
INSERT OR REPLACE INTO services (service_id, brand_id, owner_id, plan_id, ext_place_id, ext_source, title, address, lat, lng, verification_level) VALUES ('STB_578', 'brand_starbucks', '01ARZ3NDEKTSV4RRFFQ69G5FAV', 'free', 'STB_OFFICIAL_578', 'starbucks_official', 'スターバックス コーヒー イオンモール堺北花田店', '大阪府 堺市北区 東浅香山町4丁1-12', 34.5843932757, 135.515606599, 1);
INSERT OR REPLACE INTO service_category_rel (service_id, category_id) VALUES ('STB_578', 'cat_cafe');
INSERT OR REPLACE INTO service_cafe_details (service_id, has_wifi) VALUES ('STB_578', 1);
INSERT OR REPLACE INTO services (service_id, brand_id, owner_id, plan_id, ext_place_id, ext_source, title, address, lat, lng, verification_level) VALUES ('STB_582', 'brand_starbucks', '01ARZ3NDEKTSV4RRFFQ69G5FAV', 'free', 'STB_OFFICIAL_582', 'starbucks_official', 'スターバックス コーヒー イオンモールりんくう泉南店', '大阪府 泉南市 りんくう南浜3-12', 34.3807473921, 135.267579074, 1);
INSERT OR REPLACE INTO service_category_rel (service_id, category_id) VALUES ('STB_582', 'cat_cafe');
INSERT OR REPLACE INTO service_cafe_details (service_id, has_wifi) VALUES ('STB_582', 1);
INSERT OR REPLACE INTO services (service_id, brand_id, owner_id, plan_id, ext_place_id, ext_source, title, address, lat, lng, verification_level) VALUES ('STB_609', 'brand_starbucks', '01ARZ3NDEKTSV4RRFFQ69G5FAV', 'free', 'STB_OFFICIAL_609', 'starbucks_official', 'スターバックス コーヒー くずはモール ダイニングストリート店', '大阪府 枚方市 楠葉花園町15-1-112 くずはモール1階 ダイニングストリート', 34.8610456749, 135.677244047, 1);
INSERT OR REPLACE INTO service_category_rel (service_id, category_id) VALUES ('STB_609', 'cat_cafe');
INSERT OR REPLACE INTO service_cafe_details (service_id, has_wifi) VALUES ('STB_609', 1);
INSERT OR REPLACE INTO services (service_id, brand_id, owner_id, plan_id, ext_place_id, ext_source, title, address, lat, lng, verification_level) VALUES ('STB_616', 'brand_starbucks', '01ARZ3NDEKTSV4RRFFQ69G5FAV', 'free', 'STB_OFFICIAL_616', 'starbucks_official', 'スターバックス コーヒー 天満橋京阪シティモール店', '大阪府 大阪市中央区 天満橋京町1-1 京阪シティモール', 34.6899520091, 135.516978846, 1);
INSERT OR REPLACE INTO service_category_rel (service_id, category_id) VALUES ('STB_616', 'cat_cafe');
INSERT OR REPLACE INTO service_cafe_details (service_id, has_wifi) VALUES ('STB_616', 1);
INSERT OR REPLACE INTO services (service_id, brand_id, owner_id, plan_id, ext_place_id, ext_source, title, address, lat, lng, verification_level) VALUES ('STB_646', 'brand_starbucks', '01ARZ3NDEKTSV4RRFFQ69G5FAV', 'free', 'STB_OFFICIAL_646', 'starbucks_official', 'スターバックス コーヒー 江坂オッツ店', '大阪府 吹田市 豊津町14-8 江坂オッツ', 34.7580579623, 135.495609707, 1);
INSERT OR REPLACE INTO service_category_rel (service_id, category_id) VALUES ('STB_646', 'cat_cafe');
INSERT OR REPLACE INTO service_cafe_details (service_id, has_wifi) VALUES ('STB_646', 1);
INSERT OR REPLACE INTO services (service_id, brand_id, owner_id, plan_id, ext_place_id, ext_source, title, address, lat, lng, verification_level) VALUES ('STB_677', 'brand_starbucks', '01ARZ3NDEKTSV4RRFFQ69G5FAV', 'free', 'STB_OFFICIAL_677', 'starbucks_official', 'スターバックス コーヒー 関西国際空港1階サウスゲート店', '大阪府 泉南郡 田尻町泉州空港中1 関西国際空港旅客ターミナルビル1階', 34.434473999, 135.243286951, 1);
INSERT OR REPLACE INTO service_category_rel (service_id, category_id) VALUES ('STB_677', 'cat_cafe');
INSERT OR REPLACE INTO service_cafe_details (service_id, has_wifi) VALUES ('STB_677', 0);
INSERT OR REPLACE INTO services (service_id, brand_id, owner_id, plan_id, ext_place_id, ext_source, title, address, lat, lng, verification_level) VALUES ('STB_711', 'brand_starbucks', '01ARZ3NDEKTSV4RRFFQ69G5FAV', 'free', 'STB_OFFICIAL_711', 'starbucks_official', 'スターバックス コーヒー イオンモール大日1階店', '大阪府 守口市 大日東町1-18 イオンモール大日1階', 34.7490867792, 135.579681194, 1);
INSERT OR REPLACE INTO service_category_rel (service_id, category_id) VALUES ('STB_711', 'cat_cafe');
INSERT OR REPLACE INTO service_cafe_details (service_id, has_wifi) VALUES ('STB_711', 1);
INSERT OR REPLACE INTO services (service_id, brand_id, owner_id, plan_id, ext_place_id, ext_source, title, address, lat, lng, verification_level) VALUES ('STB_727', 'brand_starbucks', '01ARZ3NDEKTSV4RRFFQ69G5FAV', 'free', 'STB_OFFICIAL_727', 'starbucks_official', 'スターバックス コーヒー アリオ八尾店', '大阪府 八尾市 光町2-3 アリオ八尾', 34.6324330469, 135.605844392, 1);
INSERT OR REPLACE INTO service_category_rel (service_id, category_id) VALUES ('STB_727', 'cat_cafe');
INSERT OR REPLACE INTO service_cafe_details (service_id, has_wifi) VALUES ('STB_727', 1);
INSERT OR REPLACE INTO services (service_id, brand_id, owner_id, plan_id, ext_place_id, ext_source, title, address, lat, lng, verification_level) VALUES ('STB_748', 'brand_starbucks', '01ARZ3NDEKTSV4RRFFQ69G5FAV', 'free', 'STB_OFFICIAL_748', 'starbucks_official', 'スターバックス コーヒー 大阪大学医学部附属病院店', '大阪府 吹田市 山田丘2-15 大阪大学医学部附属病院内', 34.8192928182, 135.528373333, 1);
INSERT OR REPLACE INTO service_category_rel (service_id, category_id) VALUES ('STB_748', 'cat_cafe');
INSERT OR REPLACE INTO service_cafe_details (service_id, has_wifi) VALUES ('STB_748', 0);
INSERT OR REPLACE INTO services (service_id, brand_id, owner_id, plan_id, ext_place_id, ext_source, title, address, lat, lng, verification_level) VALUES ('STB_828', 'brand_starbucks', '01ARZ3NDEKTSV4RRFFQ69G5FAV', 'free', 'STB_OFFICIAL_828', 'starbucks_official', 'スターバックス コーヒー 淀屋橋odona店', '大阪府 大阪市中央区 今橋4-1-1 淀屋橋odona B1F', 34.6909268974, 135.500651824, 1);
INSERT OR REPLACE INTO service_category_rel (service_id, category_id) VALUES ('STB_828', 'cat_cafe');
INSERT OR REPLACE INTO service_cafe_details (service_id, has_wifi) VALUES ('STB_828', 1);
INSERT OR REPLACE INTO services (service_id, brand_id, owner_id, plan_id, ext_place_id, ext_source, title, address, lat, lng, verification_level) VALUES ('STB_845', 'brand_starbucks', '01ARZ3NDEKTSV4RRFFQ69G5FAV', 'free', 'STB_OFFICIAL_845', 'starbucks_official', 'スターバックス コーヒー アリオ鳳店', '大阪府 堺市西区 鳳南町3-199-12 アリオ鳳', 34.5248594893, 135.459068758, 1);
INSERT OR REPLACE INTO service_category_rel (service_id, category_id) VALUES ('STB_845', 'cat_cafe');
INSERT OR REPLACE INTO service_cafe_details (service_id, has_wifi) VALUES ('STB_845', 1);
INSERT OR REPLACE INTO services (service_id, brand_id, owner_id, plan_id, ext_place_id, ext_source, title, address, lat, lng, verification_level) VALUES ('STB_889', 'brand_starbucks', '01ARZ3NDEKTSV4RRFFQ69G5FAV', 'free', 'STB_OFFICIAL_889', 'starbucks_official', 'スターバックス コーヒー クリスタ長堀店', '大阪府 大阪市中央区 南船場3丁目 長堀地下街4号 CRYSTA', 34.6752374995, 135.502656547, 1);
INSERT OR REPLACE INTO service_category_rel (service_id, category_id) VALUES ('STB_889', 'cat_cafe');
INSERT OR REPLACE INTO service_cafe_details (service_id, has_wifi) VALUES ('STB_889', 1);
INSERT OR REPLACE INTO services (service_id, brand_id, owner_id, plan_id, ext_place_id, ext_source, title, address, lat, lng, verification_level) VALUES ('STB_904', 'brand_starbucks', '01ARZ3NDEKTSV4RRFFQ69G5FAV', 'free', 'STB_OFFICIAL_904', 'starbucks_official', 'スターバックス コーヒー 箕面小野原店', '大阪府 箕面市 小野原西5-5-19', 34.8304816209, 135.512441363, 1);
INSERT OR REPLACE INTO service_category_rel (service_id, category_id) VALUES ('STB_904', 'cat_cafe');
INSERT OR REPLACE INTO service_cafe_details (service_id, has_wifi) VALUES ('STB_904', 1);
INSERT OR REPLACE INTO services (service_id, brand_id, owner_id, plan_id, ext_place_id, ext_source, title, address, lat, lng, verification_level) VALUES ('STB_960', 'brand_starbucks', '01ARZ3NDEKTSV4RRFFQ69G5FAV', 'free', 'STB_OFFICIAL_960', 'starbucks_official', 'スターバックス コーヒー 大丸梅田店', '大阪府 大阪市北区 梅田3-1-1 大丸大阪梅田店', 34.7018628741, 135.496311681, 1);
INSERT OR REPLACE INTO service_category_rel (service_id, category_id) VALUES ('STB_960', 'cat_cafe');
INSERT OR REPLACE INTO service_cafe_details (service_id, has_wifi) VALUES ('STB_960', 1);
INSERT OR REPLACE INTO services (service_id, brand_id, owner_id, plan_id, ext_place_id, ext_source, title, address, lat, lng, verification_level) VALUES ('STB_977', 'brand_starbucks', '01ARZ3NDEKTSV4RRFFQ69G5FAV', 'free', 'STB_OFFICIAL_977', 'starbucks_official', 'スターバックス コーヒー LUCUA 9階店', '大阪府 大阪市北区 梅田3-1-3 LUCUA 9階', 34.7029574831, 135.496533557, 1);
INSERT OR REPLACE INTO service_category_rel (service_id, category_id) VALUES ('STB_977', 'cat_cafe');
INSERT OR REPLACE INTO service_cafe_details (service_id, has_wifi) VALUES ('STB_977', 1);
INSERT OR REPLACE INTO services (service_id, brand_id, owner_id, plan_id, ext_place_id, ext_source, title, address, lat, lng, verification_level) VALUES ('STB_1018', 'brand_starbucks', '01ARZ3NDEKTSV4RRFFQ69G5FAV', 'free', 'STB_OFFICIAL_1018', 'starbucks_official', 'スターバックス コーヒー なんばCITY店', '大阪府 大阪市中央区 難波5-1-60 なんばCITY', 34.6646322194, 135.50119299, 1);
INSERT OR REPLACE INTO service_category_rel (service_id, category_id) VALUES ('STB_1018', 'cat_cafe');
INSERT OR REPLACE INTO service_cafe_details (service_id, has_wifi) VALUES ('STB_1018', 1);
INSERT OR REPLACE INTO services (service_id, brand_id, owner_id, plan_id, ext_place_id, ext_source, title, address, lat, lng, verification_level) VALUES ('STB_1019', 'brand_starbucks', '01ARZ3NDEKTSV4RRFFQ69G5FAV', 'free', 'STB_OFFICIAL_1019', 'starbucks_official', 'スターバックス コーヒー NU茶屋町プラス店', '大阪府 大阪市北区 茶屋町8-26 NU茶屋町プラス 区画番号109', 34.7075142728, 135.499671697, 1);
INSERT OR REPLACE INTO service_category_rel (service_id, category_id) VALUES ('STB_1019', 'cat_cafe');
INSERT OR REPLACE INTO service_cafe_details (service_id, has_wifi) VALUES ('STB_1019', 1);
INSERT OR REPLACE INTO services (service_id, brand_id, owner_id, plan_id, ext_place_id, ext_source, title, address, lat, lng, verification_level) VALUES ('STB_1047', 'brand_starbucks', '01ARZ3NDEKTSV4RRFFQ69G5FAV', 'free', 'STB_OFFICIAL_1047', 'starbucks_official', 'スターバックス コーヒー 茨木真砂店', '大阪府 茨木市 真砂玉島台1-5', 34.7996897557, 135.58286471, 1);
INSERT OR REPLACE INTO service_category_rel (service_id, category_id) VALUES ('STB_1047', 'cat_cafe');
INSERT OR REPLACE INTO service_cafe_details (service_id, has_wifi) VALUES ('STB_1047', 1);
INSERT OR REPLACE INTO services (service_id, brand_id, owner_id, plan_id, ext_place_id, ext_source, title, address, lat, lng, verification_level) VALUES ('STB_1064', 'brand_starbucks', '01ARZ3NDEKTSV4RRFFQ69G5FAV', 'free', 'STB_OFFICIAL_1064', 'starbucks_official', 'スターバックス コーヒー 心斎橋BIG STEP店', '大阪府 大阪市中央区 西心斎橋1-6-14 BIG STEP', 34.6721166533, 135.498712851, 1);
INSERT OR REPLACE INTO service_category_rel (service_id, category_id) VALUES ('STB_1064', 'cat_cafe');
INSERT OR REPLACE INTO service_cafe_details (service_id, has_wifi) VALUES ('STB_1064', 1);
INSERT OR REPLACE INTO services (service_id, brand_id, owner_id, plan_id, ext_place_id, ext_source, title, address, lat, lng, verification_level) VALUES ('STB_1067', 'brand_starbucks', '01ARZ3NDEKTSV4RRFFQ69G5FAV', 'free', 'STB_OFFICIAL_1067', 'starbucks_official', 'スターバックス コーヒー 豊中緑地公園店', '大阪府 豊中市 東寺内町12-38', 34.7756022, 135.49578944, 1);
INSERT OR REPLACE INTO service_category_rel (service_id, category_id) VALUES ('STB_1067', 'cat_cafe');
INSERT OR REPLACE INTO service_cafe_details (service_id, has_wifi) VALUES ('STB_1067', 1);
INSERT OR REPLACE INTO services (service_id, brand_id, owner_id, plan_id, ext_place_id, ext_source, title, address, lat, lng, verification_level) VALUES ('STB_1068', 'brand_starbucks', '01ARZ3NDEKTSV4RRFFQ69G5FAV', 'free', 'STB_OFFICIAL_1068', 'starbucks_official', 'スターバックス コーヒー 豊中ロマンチック街道店', '大阪府 豊中市 向丘2-10-22', 34.8093173587, 135.472788131, 1);
INSERT OR REPLACE INTO service_category_rel (service_id, category_id) VALUES ('STB_1068', 'cat_cafe');
INSERT OR REPLACE INTO service_cafe_details (service_id, has_wifi) VALUES ('STB_1068', 1);
INSERT OR REPLACE INTO services (service_id, brand_id, owner_id, plan_id, ext_place_id, ext_source, title, address, lat, lng, verification_level) VALUES ('STB_1075', 'brand_starbucks', '01ARZ3NDEKTSV4RRFFQ69G5FAV', 'free', 'STB_OFFICIAL_1075', 'starbucks_official', 'スターバックス コーヒー 天王寺ミオ 本館8階店', '大阪府 大阪市天王寺区 悲田院町10-39 天王寺ミオ本館', 34.6467960263, 135.51450215, 1);
INSERT OR REPLACE INTO service_category_rel (service_id, category_id) VALUES ('STB_1075', 'cat_cafe');
INSERT OR REPLACE INTO service_cafe_details (service_id, has_wifi) VALUES ('STB_1075', 1);
INSERT OR REPLACE INTO services (service_id, brand_id, owner_id, plan_id, ext_place_id, ext_source, title, address, lat, lng, verification_level) VALUES ('STB_1093', 'brand_starbucks', '01ARZ3NDEKTSV4RRFFQ69G5FAV', 'free', 'STB_OFFICIAL_1093', 'starbucks_official', 'スターバックス コーヒー 近鉄あべのハルカス店', '大阪府 大阪市阿倍野区 阿倍野筋1-1-43 あべのハルカス近鉄本店ウィング館3F', 34.6456055991, 135.514563311, 1);
INSERT OR REPLACE INTO service_category_rel (service_id, category_id) VALUES ('STB_1093', 'cat_cafe');
INSERT OR REPLACE INTO service_cafe_details (service_id, has_wifi) VALUES ('STB_1093', 1);
INSERT OR REPLACE INTO services (service_id, brand_id, owner_id, plan_id, ext_place_id, ext_source, title, address, lat, lng, verification_level) VALUES ('STB_1094', 'brand_starbucks', '01ARZ3NDEKTSV4RRFFQ69G5FAV', 'free', 'STB_OFFICIAL_1094', 'starbucks_official', 'スターバックス コーヒー 吹田山田店', '大阪府 吹田市 山田東2-17-5', 34.79846945, 135.526086426, 1);
INSERT OR REPLACE INTO service_category_rel (service_id, category_id) VALUES ('STB_1094', 'cat_cafe');
INSERT OR REPLACE INTO service_cafe_details (service_id, has_wifi) VALUES ('STB_1094', 1);
INSERT OR REPLACE INTO services (service_id, brand_id, owner_id, plan_id, ext_place_id, ext_source, title, address, lat, lng, verification_level) VALUES ('STB_1113', 'brand_starbucks', '01ARZ3NDEKTSV4RRFFQ69G5FAV', 'free', 'STB_OFFICIAL_1113', 'starbucks_official', 'スターバックス コーヒー グランフロント大阪南館6階店', '大阪府 大阪市北区 大深町4-20 グランフロント大阪南館 6階', 34.7046367214, 135.495013605, 1);
INSERT OR REPLACE INTO service_category_rel (service_id, category_id) VALUES ('STB_1113', 'cat_cafe');
INSERT OR REPLACE INTO service_cafe_details (service_id, has_wifi) VALUES ('STB_1113', 1);
INSERT OR REPLACE INTO services (service_id, brand_id, owner_id, plan_id, ext_place_id, ext_source, title, address, lat, lng, verification_level) VALUES ('STB_1154', 'brand_starbucks', '01ARZ3NDEKTSV4RRFFQ69G5FAV', 'free', 'STB_OFFICIAL_1154', 'starbucks_official', 'スターバックス コーヒー 堺フェニックス通り 利晶の杜店', '大阪府 堺市堺区 宿院町西2丁1-41', 34.5764111165, 135.47033156, 1);
INSERT OR REPLACE INTO service_category_rel (service_id, category_id) VALUES ('STB_1154', 'cat_cafe');
INSERT OR REPLACE INTO service_cafe_details (service_id, has_wifi) VALUES ('STB_1154', 1);
INSERT OR REPLACE INTO services (service_id, brand_id, owner_id, plan_id, ext_place_id, ext_source, title, address, lat, lng, verification_level) VALUES ('STB_1213', 'brand_starbucks', '01ARZ3NDEKTSV4RRFFQ69G5FAV', 'free', 'STB_OFFICIAL_1213', 'starbucks_official', 'スターバックス コーヒー エキマルシェ新大阪店', '大阪府 大阪市淀川区 西中島5-16-1', 34.7343197752, 135.501748068, 1);
INSERT OR REPLACE INTO service_category_rel (service_id, category_id) VALUES ('STB_1213', 'cat_cafe');
INSERT OR REPLACE INTO service_cafe_details (service_id, has_wifi) VALUES ('STB_1213', 0);
INSERT OR REPLACE INTO services (service_id, brand_id, owner_id, plan_id, ext_place_id, ext_source, title, address, lat, lng, verification_level) VALUES ('STB_1216', 'brand_starbucks', '01ARZ3NDEKTSV4RRFFQ69G5FAV', 'free', 'STB_OFFICIAL_1216', 'starbucks_official', 'スターバックス コーヒー ららぽーと和泉店', '大阪府 和泉市 あゆみ野4-4-7', 34.4372161716, 135.448070651, 1);
INSERT OR REPLACE INTO service_category_rel (service_id, category_id) VALUES ('STB_1216', 'cat_cafe');
INSERT OR REPLACE INTO service_cafe_details (service_id, has_wifi) VALUES ('STB_1216', 1);
INSERT OR REPLACE INTO services (service_id, brand_id, owner_id, plan_id, ext_place_id, ext_source, title, address, lat, lng, verification_level) VALUES ('STB_1224', 'brand_starbucks', '01ARZ3NDEKTSV4RRFFQ69G5FAV', 'free', 'STB_OFFICIAL_1224', 'starbucks_official', 'スターバックス コーヒー JR新大阪アルデ店', '大阪府 大阪市淀川区 西中島5-16-1 アルデ新大阪 （arde）', 34.7331112641, 135.500070208, 1);
INSERT OR REPLACE INTO service_category_rel (service_id, category_id) VALUES ('STB_1224', 'cat_cafe');
INSERT OR REPLACE INTO service_cafe_details (service_id, has_wifi) VALUES ('STB_1224', 1);
INSERT OR REPLACE INTO services (service_id, brand_id, owner_id, plan_id, ext_place_id, ext_source, title, address, lat, lng, verification_level) VALUES ('STB_1256', 'brand_starbucks', '01ARZ3NDEKTSV4RRFFQ69G5FAV', 'free', 'STB_OFFICIAL_1256', 'starbucks_official', 'スターバックス コーヒー アルビ住道店', '大阪府 大東市 住道 2-3-1 アルビ住道内', 34.7062143022, 135.620618657, 1);
INSERT OR REPLACE INTO service_category_rel (service_id, category_id) VALUES ('STB_1256', 'cat_cafe');
INSERT OR REPLACE INTO service_cafe_details (service_id, has_wifi) VALUES ('STB_1256', 1);
INSERT OR REPLACE INTO services (service_id, brand_id, owner_id, plan_id, ext_place_id, ext_source, title, address, lat, lng, verification_level) VALUES ('STB_1257', 'brand_starbucks', '01ARZ3NDEKTSV4RRFFQ69G5FAV', 'free', 'STB_OFFICIAL_1257', 'starbucks_official', 'スターバックス コーヒー LUCUA 1100 2階 グランマルシェ店', '大阪府 大阪市北区 梅田3-1-3', 34.7026124827, 135.494396528, 1);
INSERT OR REPLACE INTO service_category_rel (service_id, category_id) VALUES ('STB_1257', 'cat_cafe');
INSERT OR REPLACE INTO service_cafe_details (service_id, has_wifi) VALUES ('STB_1257', 1);
INSERT OR REPLACE INTO services (service_id, brand_id, owner_id, plan_id, ext_place_id, ext_source, title, address, lat, lng, verification_level) VALUES ('STB_1258', 'brand_starbucks', '01ARZ3NDEKTSV4RRFFQ69G5FAV', 'free', 'STB_OFFICIAL_1258', 'starbucks_official', 'スターバックス コーヒー LUCUA 1100 2階 アトリウムガーデン店', '大阪府 大阪市北区 梅田3-1-3', 34.7029924591, 135.495371985, 1);
INSERT OR REPLACE INTO service_category_rel (service_id, category_id) VALUES ('STB_1258', 'cat_cafe');
INSERT OR REPLACE INTO service_cafe_details (service_id, has_wifi) VALUES ('STB_1258', 1);
INSERT OR REPLACE INTO services (service_id, brand_id, owner_id, plan_id, ext_place_id, ext_source, title, address, lat, lng, verification_level) VALUES ('STB_1265', 'brand_starbucks', '01ARZ3NDEKTSV4RRFFQ69G5FAV', 'free', 'STB_OFFICIAL_1265', 'starbucks_official', 'スターバックス コーヒー 北心斎橋店', '大阪府 大阪市中央区 南船場3-11-10', 34.6761084917, 135.501184962, 1);
INSERT OR REPLACE INTO service_category_rel (service_id, category_id) VALUES ('STB_1265', 'cat_cafe');
INSERT OR REPLACE INTO service_cafe_details (service_id, has_wifi) VALUES ('STB_1265', 1);
INSERT OR REPLACE INTO services (service_id, brand_id, owner_id, plan_id, ext_place_id, ext_source, title, address, lat, lng, verification_level) VALUES ('STB_1271', 'brand_starbucks', '01ARZ3NDEKTSV4RRFFQ69G5FAV', 'free', 'STB_OFFICIAL_1271', 'starbucks_official', 'スターバックス コーヒー 泉北槇塚台店', '大阪府 堺市南区 釜室1000-1', 34.4841675973, 135.515047094, 1);
INSERT OR REPLACE INTO service_category_rel (service_id, category_id) VALUES ('STB_1271', 'cat_cafe');
INSERT OR REPLACE INTO service_cafe_details (service_id, has_wifi) VALUES ('STB_1271', 1);
INSERT OR REPLACE INTO services (service_id, brand_id, owner_id, plan_id, ext_place_id, ext_source, title, address, lat, lng, verification_level) VALUES ('STB_1289', 'brand_starbucks', '01ARZ3NDEKTSV4RRFFQ69G5FAV', 'free', 'STB_OFFICIAL_1289', 'starbucks_official', 'スターバックス コーヒー 千里中央店', '大阪府 豊中市 新千里東町1-1-3 SENRITOよみうり', 34.8081300866, 135.494466108, 1);
INSERT OR REPLACE INTO service_category_rel (service_id, category_id) VALUES ('STB_1289', 'cat_cafe');
INSERT OR REPLACE INTO service_cafe_details (service_id, has_wifi) VALUES ('STB_1289', 1);
INSERT OR REPLACE INTO services (service_id, brand_id, owner_id, plan_id, ext_place_id, ext_source, title, address, lat, lng, verification_level) VALUES ('STB_1291', 'brand_starbucks', '01ARZ3NDEKTSV4RRFFQ69G5FAV', 'free', 'STB_OFFICIAL_1291', 'starbucks_official', 'スターバックス コーヒー イオンモール茨木店', '大阪府 茨木市 松ケ本町8-30', 34.8114166826, 135.558258436, 1);
INSERT OR REPLACE INTO service_category_rel (service_id, category_id) VALUES ('STB_1291', 'cat_cafe');
INSERT OR REPLACE INTO service_cafe_details (service_id, has_wifi) VALUES ('STB_1291', 1);
INSERT OR REPLACE INTO services (service_id, brand_id, owner_id, plan_id, ext_place_id, ext_source, title, address, lat, lng, verification_level) VALUES ('STB_1306', 'brand_starbucks', '01ARZ3NDEKTSV4RRFFQ69G5FAV', 'free', 'STB_OFFICIAL_1306', 'starbucks_official', 'スターバックス コーヒー イオンモール大阪ドームシティ店', '大阪府 大阪市西区 千代崎3-13-1', 34.670094014, 135.478354635, 1);
INSERT OR REPLACE INTO service_category_rel (service_id, category_id) VALUES ('STB_1306', 'cat_cafe');
INSERT OR REPLACE INTO service_cafe_details (service_id, has_wifi) VALUES ('STB_1306', 1);
INSERT OR REPLACE INTO services (service_id, brand_id, owner_id, plan_id, ext_place_id, ext_source, title, address, lat, lng, verification_level) VALUES ('STB_1316', 'brand_starbucks', '01ARZ3NDEKTSV4RRFFQ69G5FAV', 'free', 'STB_OFFICIAL_1316', 'starbucks_official', 'スターバックス コーヒー 天王寺ミオ プラザ館4階店', '大阪府 大阪市天王寺区 悲田院町10-48 天王寺ミオ プラザ館', 34.6477314699, 135.513824941, 1);
INSERT OR REPLACE INTO service_category_rel (service_id, category_id) VALUES ('STB_1316', 'cat_cafe');
INSERT OR REPLACE INTO service_cafe_details (service_id, has_wifi) VALUES ('STB_1316', 1);
INSERT OR REPLACE INTO services (service_id, brand_id, owner_id, plan_id, ext_place_id, ext_source, title, address, lat, lng, verification_level) VALUES ('STB_1322', 'brand_starbucks', '01ARZ3NDEKTSV4RRFFQ69G5FAV', 'free', 'STB_OFFICIAL_1322', 'starbucks_official', 'スターバックス コーヒー イオンモール四條畷店', '大阪府 四條畷市 砂4-3-2', 34.7462360056, 135.629252764, 1);
INSERT OR REPLACE INTO service_category_rel (service_id, category_id) VALUES ('STB_1322', 'cat_cafe');
INSERT OR REPLACE INTO service_cafe_details (service_id, has_wifi) VALUES ('STB_1322', 1);
INSERT OR REPLACE INTO services (service_id, brand_id, owner_id, plan_id, ext_place_id, ext_source, title, address, lat, lng, verification_level) VALUES ('STB_1323', 'brand_starbucks', '01ARZ3NDEKTSV4RRFFQ69G5FAV', 'free', 'STB_OFFICIAL_1323', 'starbucks_official', 'スターバックス コーヒー ららぽーとEXPOCITY 2階店', '大阪府 吹田市 千里万博公園2-1  ららぽーとEXPOCITY 2階 20340(店舗番号)', 34.8064026615, 135.535884692, 1);
INSERT OR REPLACE INTO service_category_rel (service_id, category_id) VALUES ('STB_1323', 'cat_cafe');
INSERT OR REPLACE INTO service_cafe_details (service_id, has_wifi) VALUES ('STB_1323', 1);
INSERT OR REPLACE INTO services (service_id, brand_id, owner_id, plan_id, ext_place_id, ext_source, title, address, lat, lng, verification_level) VALUES ('STB_1342', 'brand_starbucks', '01ARZ3NDEKTSV4RRFFQ69G5FAV', 'free', 'STB_OFFICIAL_1342', 'starbucks_official', 'スターバックス コーヒー なんばウォーク店', '大阪府 大阪市中央区 千日前1 なんばウォーク5-1', 34.6671050461, 135.503238262, 1);
INSERT OR REPLACE INTO service_category_rel (service_id, category_id) VALUES ('STB_1342', 'cat_cafe');
INSERT OR REPLACE INTO service_cafe_details (service_id, has_wifi) VALUES ('STB_1342', 1);
INSERT OR REPLACE INTO services (service_id, brand_id, owner_id, plan_id, ext_place_id, ext_source, title, address, lat, lng, verification_level) VALUES ('STB_1344', 'brand_starbucks', '01ARZ3NDEKTSV4RRFFQ69G5FAV', 'free', 'STB_OFFICIAL_1344', 'starbucks_official', 'スターバックス コーヒー 堺プラットプラット店', '大阪府 堺市堺区 戎島町3-22-1', 34.5818988557, 135.469925785, 1);
INSERT OR REPLACE INTO service_category_rel (service_id, category_id) VALUES ('STB_1344', 'cat_cafe');
INSERT OR REPLACE INTO service_cafe_details (service_id, has_wifi) VALUES ('STB_1344', 1);
INSERT OR REPLACE INTO services (service_id, brand_id, owner_id, plan_id, ext_place_id, ext_source, title, address, lat, lng, verification_level) VALUES ('STB_1346', 'brand_starbucks', '01ARZ3NDEKTSV4RRFFQ69G5FAV', 'free', 'STB_OFFICIAL_1346', 'starbucks_official', 'スターバックス コーヒー くずは美咲店', '大阪府 枚方市 楠葉朝日2-20', 34.8597929369, 135.687756843, 1);
INSERT OR REPLACE INTO service_category_rel (service_id, category_id) VALUES ('STB_1346', 'cat_cafe');
INSERT OR REPLACE INTO service_cafe_details (service_id, has_wifi) VALUES ('STB_1346', 1);
INSERT OR REPLACE INTO services (service_id, brand_id, owner_id, plan_id, ext_place_id, ext_source, title, address, lat, lng, verification_level) VALUES ('STB_1350', 'brand_starbucks', '01ARZ3NDEKTSV4RRFFQ69G5FAV', 'free', 'STB_OFFICIAL_1350', 'starbucks_official', 'スターバックス コーヒー 東大阪宝持店', '大阪府 東大阪市 宝持4-2-18', 34.6558474946, 135.590380154, 1);
INSERT OR REPLACE INTO service_category_rel (service_id, category_id) VALUES ('STB_1350', 'cat_cafe');
INSERT OR REPLACE INTO service_cafe_details (service_id, has_wifi) VALUES ('STB_1350', 1);
INSERT OR REPLACE INTO services (service_id, brand_id, owner_id, plan_id, ext_place_id, ext_source, title, address, lat, lng, verification_level) VALUES ('STB_1370', 'brand_starbucks', '01ARZ3NDEKTSV4RRFFQ69G5FAV', 'free', 'STB_OFFICIAL_1370', 'starbucks_official', 'スターバックス コーヒー 阪急南千里店', '大阪府 吹田市 津雲台1-1-2', 34.7932794399, 135.509634143, 1);
INSERT OR REPLACE INTO service_category_rel (service_id, category_id) VALUES ('STB_1370', 'cat_cafe');
INSERT OR REPLACE INTO service_cafe_details (service_id, has_wifi) VALUES ('STB_1370', 1);
INSERT OR REPLACE INTO services (service_id, brand_id, owner_id, plan_id, ext_place_id, ext_source, title, address, lat, lng, verification_level) VALUES ('STB_1379', 'brand_starbucks', '01ARZ3NDEKTSV4RRFFQ69G5FAV', 'free', 'STB_OFFICIAL_1379', 'starbucks_official', 'スターバックス コーヒー 東香里店', '大阪府 枚方市 高田1-15-10', 34.7769671399, 135.659735206, 1);
INSERT OR REPLACE INTO service_category_rel (service_id, category_id) VALUES ('STB_1379', 'cat_cafe');
INSERT OR REPLACE INTO service_cafe_details (service_id, has_wifi) VALUES ('STB_1379', 1);
INSERT OR REPLACE INTO services (service_id, brand_id, owner_id, plan_id, ext_place_id, ext_source, title, address, lat, lng, verification_level) VALUES ('STB_1383', 'brand_starbucks', '01ARZ3NDEKTSV4RRFFQ69G5FAV', 'free', 'STB_OFFICIAL_1383', 'starbucks_official', 'スターバックス コーヒー 堺 泉ヶ丘駅前店', '大阪府 堺市南区 茶山台1-2-3 泉ヶ丘ひろば専門店街', 34.496781496, 135.513334711, 1);
INSERT OR REPLACE INTO service_category_rel (service_id, category_id) VALUES ('STB_1383', 'cat_cafe');
INSERT OR REPLACE INTO service_cafe_details (service_id, has_wifi) VALUES ('STB_1383', 1);
INSERT OR REPLACE INTO services (service_id, brand_id, owner_id, plan_id, ext_place_id, ext_source, title, address, lat, lng, verification_level) VALUES ('STB_1405', 'brand_starbucks', '01ARZ3NDEKTSV4RRFFQ69G5FAV', 'free', 'STB_OFFICIAL_1405', 'starbucks_official', 'スターバックス コーヒー エキマルシェ大阪店', '大阪府 大阪市北区 梅田3-1-1', 34.701420119, 135.494898763, 1);
INSERT OR REPLACE INTO service_category_rel (service_id, category_id) VALUES ('STB_1405', 'cat_cafe');
INSERT OR REPLACE INTO service_cafe_details (service_id, has_wifi) VALUES ('STB_1405', 1);
INSERT OR REPLACE INTO services (service_id, brand_id, owner_id, plan_id, ext_place_id, ext_source, title, address, lat, lng, verification_level) VALUES ('STB_1406', 'brand_starbucks', '01ARZ3NDEKTSV4RRFFQ69G5FAV', 'free', 'STB_OFFICIAL_1406', 'starbucks_official', 'スターバックス コーヒー JR桃谷駅店', '大阪府 大阪市天王寺区 堂ケ芝1-8-27', 34.6585633367, 135.527999932, 1);
INSERT OR REPLACE INTO service_category_rel (service_id, category_id) VALUES ('STB_1406', 'cat_cafe');
INSERT OR REPLACE INTO service_cafe_details (service_id, has_wifi) VALUES ('STB_1406', 1);
INSERT OR REPLACE INTO services (service_id, brand_id, owner_id, plan_id, ext_place_id, ext_source, title, address, lat, lng, verification_level) VALUES ('STB_1442', 'brand_starbucks', '01ARZ3NDEKTSV4RRFFQ69G5FAV', 'free', 'STB_OFFICIAL_1442', 'starbucks_official', 'スターバックス コーヒー クロスモール富田林店', '大阪府 富田林市 彼方1014-1 クロスモール富田林', 34.4877261952, 135.599691567, 1);
INSERT OR REPLACE INTO service_category_rel (service_id, category_id) VALUES ('STB_1442', 'cat_cafe');
INSERT OR REPLACE INTO service_cafe_details (service_id, has_wifi) VALUES ('STB_1442', 1);
INSERT OR REPLACE INTO services (service_id, brand_id, owner_id, plan_id, ext_place_id, ext_source, title, address, lat, lng, verification_level) VALUES ('STB_1454', 'brand_starbucks', '01ARZ3NDEKTSV4RRFFQ69G5FAV', 'free', 'STB_OFFICIAL_1454', 'starbucks_official', 'スターバックス コーヒー なんばスカイオ 3階店', '大阪府 大阪市中央区 難波5-1-60 なんばスカイオ', 34.6632784763, 135.501251658, 1);
INSERT OR REPLACE INTO service_category_rel (service_id, category_id) VALUES ('STB_1454', 'cat_cafe');
INSERT OR REPLACE INTO service_cafe_details (service_id, has_wifi) VALUES ('STB_1454', 1);
INSERT OR REPLACE INTO services (service_id, brand_id, owner_id, plan_id, ext_place_id, ext_source, title, address, lat, lng, verification_level) VALUES ('STB_1491', 'brand_starbucks', '01ARZ3NDEKTSV4RRFFQ69G5FAV', 'free', 'STB_OFFICIAL_1491', 'starbucks_official', 'スターバックス コーヒー 京橋 京阪モール店', '大阪府 大阪市都島区 東野田町2-1-38', 34.697411489, 135.532884404, 1);
INSERT OR REPLACE INTO service_category_rel (service_id, category_id) VALUES ('STB_1491', 'cat_cafe');
INSERT OR REPLACE INTO service_cafe_details (service_id, has_wifi) VALUES ('STB_1491', 1);
INSERT OR REPLACE INTO services (service_id, brand_id, owner_id, plan_id, ext_place_id, ext_source, title, address, lat, lng, verification_level) VALUES ('STB_1511', 'brand_starbucks', '01ARZ3NDEKTSV4RRFFQ69G5FAV', 'free', 'STB_OFFICIAL_1511', 'starbucks_official', 'スターバックス コーヒー 海遊館店', '大阪府 大阪市港区 海岸通1-1-10 海遊館', 34.6548594968, 135.428611412, 1);
INSERT OR REPLACE INTO service_category_rel (service_id, category_id) VALUES ('STB_1511', 'cat_cafe');
INSERT OR REPLACE INTO service_cafe_details (service_id, has_wifi) VALUES ('STB_1511', 1);
INSERT OR REPLACE INTO services (service_id, brand_id, owner_id, plan_id, ext_place_id, ext_source, title, address, lat, lng, verification_level) VALUES ('STB_1513', 'brand_starbucks', '01ARZ3NDEKTSV4RRFFQ69G5FAV', 'free', 'STB_OFFICIAL_1513', 'starbucks_official', 'スターバックス コーヒー 大阪城公園店', '大阪府 大阪市中央区 大阪城3-1 JO-TERRACE OSAKA', 34.6897064658, 135.532081492, 1);
INSERT OR REPLACE INTO service_category_rel (service_id, category_id) VALUES ('STB_1513', 'cat_cafe');
INSERT OR REPLACE INTO service_cafe_details (service_id, has_wifi) VALUES ('STB_1513', 1);
INSERT OR REPLACE INTO services (service_id, brand_id, owner_id, plan_id, ext_place_id, ext_source, title, address, lat, lng, verification_level) VALUES ('STB_1536', 'brand_starbucks', '01ARZ3NDEKTSV4RRFFQ69G5FAV', 'free', 'STB_OFFICIAL_1536', 'starbucks_official', 'スターバックス コーヒー LUCUA osaka 地下2階店', '大阪府 大阪市北区 梅田3-1-3 LUCUA osaka', 34.7027819148, 135.494730381, 1);
INSERT OR REPLACE INTO service_category_rel (service_id, category_id) VALUES ('STB_1536', 'cat_cafe');
INSERT OR REPLACE INTO service_cafe_details (service_id, has_wifi) VALUES ('STB_1536', 1);
INSERT OR REPLACE INTO services (service_id, brand_id, owner_id, plan_id, ext_place_id, ext_source, title, address, lat, lng, verification_level) VALUES ('STB_1571', 'brand_starbucks', '01ARZ3NDEKTSV4RRFFQ69G5FAV', 'free', 'STB_OFFICIAL_1571', 'starbucks_official', 'スターバックス コーヒー イオンモール鶴見緑地店', '大阪府 大阪市鶴見区 鶴見4-17-1 イオンモール鶴見緑地 1階', 34.7034517012, 135.566111922, 1);
INSERT OR REPLACE INTO service_category_rel (service_id, category_id) VALUES ('STB_1571', 'cat_cafe');
INSERT OR REPLACE INTO service_cafe_details (service_id, has_wifi) VALUES ('STB_1571', 1);
INSERT OR REPLACE INTO services (service_id, brand_id, owner_id, plan_id, ext_place_id, ext_source, title, address, lat, lng, verification_level) VALUES ('STB_1592', 'brand_starbucks', '01ARZ3NDEKTSV4RRFFQ69G5FAV', 'free', 'STB_OFFICIAL_1592', 'starbucks_official', 'スターバックス コーヒー 大阪城公園森ノ宮店', '大阪府 大阪市中央区 大阪城3-9', 34.6830693951, 135.531920978, 1);
INSERT OR REPLACE INTO service_category_rel (service_id, category_id) VALUES ('STB_1592', 'cat_cafe');
INSERT OR REPLACE INTO service_cafe_details (service_id, has_wifi) VALUES ('STB_1592', 1);
INSERT OR REPLACE INTO services (service_id, brand_id, owner_id, plan_id, ext_place_id, ext_source, title, address, lat, lng, verification_level) VALUES ('STB_1607', 'brand_starbucks', '01ARZ3NDEKTSV4RRFFQ69G5FAV', 'free', 'STB_OFFICIAL_1607', 'starbucks_official', 'スターバックス コーヒー あべのHoop店', '大阪府 大阪市阿倍野区 阿倍野筋1-2-30 あべのHoop', 34.6453325541, 135.513497857, 1);
INSERT OR REPLACE INTO service_category_rel (service_id, category_id) VALUES ('STB_1607', 'cat_cafe');
INSERT OR REPLACE INTO service_cafe_details (service_id, has_wifi) VALUES ('STB_1607', 1);
INSERT OR REPLACE INTO services (service_id, brand_id, owner_id, plan_id, ext_place_id, ext_source, title, address, lat, lng, verification_level) VALUES ('STB_1623', 'brand_starbucks', '01ARZ3NDEKTSV4RRFFQ69G5FAV', 'free', 'STB_OFFICIAL_1623', 'starbucks_official', 'スターバックス コーヒー 京阪枚方市駅店', '大阪府 枚方市 岡東町19-19 京阪百貨店ひらかた店1階', 34.8162307992, 135.648479333, 1);
INSERT OR REPLACE INTO service_category_rel (service_id, category_id) VALUES ('STB_1623', 'cat_cafe');
INSERT OR REPLACE INTO service_cafe_details (service_id, has_wifi) VALUES ('STB_1623', 1);
INSERT OR REPLACE INTO services (service_id, brand_id, owner_id, plan_id, ext_place_id, ext_source, title, address, lat, lng, verification_level) VALUES ('STB_1642', 'brand_starbucks', '01ARZ3NDEKTSV4RRFFQ69G5FAV', 'free', 'STB_OFFICIAL_1642', 'starbucks_official', 'スターバックス コーヒー 大阪高島屋 地階西ゾーン店', '大阪府 大阪市中央区 難波5-1-5 大阪高島屋', 34.6642991879, 135.500536393, 1);
INSERT OR REPLACE INTO service_category_rel (service_id, category_id) VALUES ('STB_1642', 'cat_cafe');
INSERT OR REPLACE INTO service_cafe_details (service_id, has_wifi) VALUES ('STB_1642', 1);
INSERT OR REPLACE INTO services (service_id, brand_id, owner_id, plan_id, ext_place_id, ext_source, title, address, lat, lng, verification_level) VALUES ('STB_1643', 'brand_starbucks', '01ARZ3NDEKTSV4RRFFQ69G5FAV', 'free', 'STB_OFFICIAL_1643', 'starbucks_official', 'スターバックス コーヒー エディオンなんば店', '大阪府 大阪市中央区 難波3-2-18 エディオンなんば本店', 34.666181784, 135.501661491, 1);
INSERT OR REPLACE INTO service_category_rel (service_id, category_id) VALUES ('STB_1643', 'cat_cafe');
INSERT OR REPLACE INTO service_cafe_details (service_id, has_wifi) VALUES ('STB_1643', 1);
INSERT OR REPLACE INTO services (service_id, brand_id, owner_id, plan_id, ext_place_id, ext_source, title, address, lat, lng, verification_level) VALUES ('STB_1667', 'brand_starbucks', '01ARZ3NDEKTSV4RRFFQ69G5FAV', 'free', 'STB_OFFICIAL_1667', 'starbucks_official', 'スターバックス コーヒー 京阪守口市駅店', '大阪府 守口市 河原町1-1 エル守口', 34.7360062775, 135.566275687, 1);
INSERT OR REPLACE INTO service_category_rel (service_id, category_id) VALUES ('STB_1667', 'cat_cafe');
INSERT OR REPLACE INTO service_cafe_details (service_id, has_wifi) VALUES ('STB_1667', 1);
INSERT OR REPLACE INTO services (service_id, brand_id, owner_id, plan_id, ext_place_id, ext_source, title, address, lat, lng, verification_level) VALUES ('STB_1703', 'brand_starbucks', '01ARZ3NDEKTSV4RRFFQ69G5FAV', 'free', 'STB_OFFICIAL_1703', 'starbucks_official', 'スターバックス コーヒー 京阪京橋駅片町口店', '大阪府 大阪市都島区 東野田町1-6-1 Kぶらっと', 34.6962221324, 135.530626591, 1);
INSERT OR REPLACE INTO service_category_rel (service_id, category_id) VALUES ('STB_1703', 'cat_cafe');
INSERT OR REPLACE INTO service_cafe_details (service_id, has_wifi) VALUES ('STB_1703', 1);
INSERT OR REPLACE INTO services (service_id, brand_id, owner_id, plan_id, ext_place_id, ext_source, title, address, lat, lng, verification_level) VALUES ('STB_1729', 'brand_starbucks', '01ARZ3NDEKTSV4RRFFQ69G5FAV', 'free', 'STB_OFFICIAL_1729', 'starbucks_official', 'スターバックス コーヒー 南御堂ビルディング店', '大阪府 大阪市中央区 久太郎町4-1-15 南御堂ビルディング', 34.6806166045, 135.500262887, 1);
INSERT OR REPLACE INTO service_category_rel (service_id, category_id) VALUES ('STB_1729', 'cat_cafe');
INSERT OR REPLACE INTO service_cafe_details (service_id, has_wifi) VALUES ('STB_1729', 1);
INSERT OR REPLACE INTO services (service_id, brand_id, owner_id, plan_id, ext_place_id, ext_source, title, address, lat, lng, verification_level) VALUES ('STB_1736', 'brand_starbucks', '01ARZ3NDEKTSV4RRFFQ69G5FAV', 'free', 'STB_OFFICIAL_1736', 'starbucks_official', 'スターバックス コーヒー クリスタ長堀 ウエスト店', '大阪府 大阪市中央区 南船場4丁目 長堀地下街7号 クリスタ長堀', 34.675330747, 135.498318014, 1);
INSERT OR REPLACE INTO service_category_rel (service_id, category_id) VALUES ('STB_1736', 'cat_cafe');
INSERT OR REPLACE INTO service_cafe_details (service_id, has_wifi) VALUES ('STB_1736', 1);
INSERT OR REPLACE INTO services (service_id, brand_id, owner_id, plan_id, ext_place_id, ext_source, title, address, lat, lng, verification_level) VALUES ('STB_1748', 'brand_starbucks', '01ARZ3NDEKTSV4RRFFQ69G5FAV', 'free', 'STB_OFFICIAL_1748', 'starbucks_official', 'スターバックス コーヒー イオン藤井寺ショッピングセンター店', '大阪府 藤井寺市 岡2-10-11 イオン藤井寺ショッピングセンター', 34.5739574152, 135.593269796, 1);
INSERT OR REPLACE INTO service_category_rel (service_id, category_id) VALUES ('STB_1748', 'cat_cafe');
INSERT OR REPLACE INTO service_cafe_details (service_id, has_wifi) VALUES ('STB_1748', 1);
INSERT OR REPLACE INTO services (service_id, brand_id, owner_id, plan_id, ext_place_id, ext_source, title, address, lat, lng, verification_level) VALUES ('STB_1749', 'brand_starbucks', '01ARZ3NDEKTSV4RRFFQ69G5FAV', 'free', 'STB_OFFICIAL_1749', 'starbucks_official', 'スターバックス コーヒー 天王寺ミオ 本館3階店', '大阪府 大阪市天王寺区 悲田院町10-39 天王寺ミオ本館', 34.646815463, 135.514181065, 1);
INSERT OR REPLACE INTO service_category_rel (service_id, category_id) VALUES ('STB_1749', 'cat_cafe');
INSERT OR REPLACE INTO service_cafe_details (service_id, has_wifi) VALUES ('STB_1749', 1);
INSERT OR REPLACE INTO services (service_id, brand_id, owner_id, plan_id, ext_place_id, ext_source, title, address, lat, lng, verification_level) VALUES ('STB_1761', 'brand_starbucks', '01ARZ3NDEKTSV4RRFFQ69G5FAV', 'free', 'STB_OFFICIAL_1761', 'starbucks_official', 'スターバックス コーヒー JR難波駅前店', '大阪府 大阪市浪速区 湊町1-2-3 マルイト難波ビル B1階', 34.6667438464, 135.495953606, 1);
INSERT OR REPLACE INTO service_category_rel (service_id, category_id) VALUES ('STB_1761', 'cat_cafe');
INSERT OR REPLACE INTO service_cafe_details (service_id, has_wifi) VALUES ('STB_1761', 1);
INSERT OR REPLACE INTO services (service_id, brand_id, owner_id, plan_id, ext_place_id, ext_source, title, address, lat, lng, verification_level) VALUES ('STB_1762', 'brand_starbucks', '01ARZ3NDEKTSV4RRFFQ69G5FAV', 'free', 'STB_OFFICIAL_1762', 'starbucks_official', 'スターバックス コーヒー 梅田エスト店', '大阪府 大阪市北区 角田町3-25 EST', 34.704797084, 135.50085228, 1);
INSERT OR REPLACE INTO service_category_rel (service_id, category_id) VALUES ('STB_1762', 'cat_cafe');
INSERT OR REPLACE INTO service_cafe_details (service_id, has_wifi) VALUES ('STB_1762', 1);
INSERT OR REPLACE INTO services (service_id, brand_id, owner_id, plan_id, ext_place_id, ext_source, title, address, lat, lng, verification_level) VALUES ('STB_1767', 'brand_starbucks', '01ARZ3NDEKTSV4RRFFQ69G5FAV', 'free', 'STB_OFFICIAL_1767', 'starbucks_official', 'スターバックス コーヒー 堺東中央線店', '大阪府 堺市堺区 北向陽町2-2-3', 34.5804862297, 135.485866471, 1);
INSERT OR REPLACE INTO service_category_rel (service_id, category_id) VALUES ('STB_1767', 'cat_cafe');
INSERT OR REPLACE INTO service_cafe_details (service_id, has_wifi) VALUES ('STB_1767', 1);
INSERT OR REPLACE INTO services (service_id, brand_id, owner_id, plan_id, ext_place_id, ext_source, title, address, lat, lng, verification_level) VALUES ('STB_1808', 'brand_starbucks', '01ARZ3NDEKTSV4RRFFQ69G5FAV', 'free', 'STB_OFFICIAL_1808', 'starbucks_official', 'スターバックス コーヒー LINKS UMEDA　地下1階店', '大阪府 大阪市北区 大深町1-1 ヨドバシ梅田タワー LINKS UMEDA 地下1階', 34.704348452, 135.496910961, 1);
INSERT OR REPLACE INTO service_category_rel (service_id, category_id) VALUES ('STB_1808', 'cat_cafe');
INSERT OR REPLACE INTO service_cafe_details (service_id, has_wifi) VALUES ('STB_1808', 1);
INSERT OR REPLACE INTO services (service_id, brand_id, owner_id, plan_id, ext_place_id, ext_source, title, address, lat, lng, verification_level) VALUES ('STB_1809', 'brand_starbucks', '01ARZ3NDEKTSV4RRFFQ69G5FAV', 'free', 'STB_OFFICIAL_1809', 'starbucks_official', 'スターバックス コーヒー LINKS UMEDA　2階店', '大阪府 大阪市北区 大深町1-1 ヨドバシ梅田タワー LINKS UMEDA 2階', 34.7049536659, 135.496957874, 1);
INSERT OR REPLACE INTO service_category_rel (service_id, category_id) VALUES ('STB_1809', 'cat_cafe');
INSERT OR REPLACE INTO service_cafe_details (service_id, has_wifi) VALUES ('STB_1809', 1);
INSERT OR REPLACE INTO services (service_id, brand_id, owner_id, plan_id, ext_place_id, ext_source, title, address, lat, lng, verification_level) VALUES ('STB_1810', 'brand_starbucks', '01ARZ3NDEKTSV4RRFFQ69G5FAV', 'free', 'STB_OFFICIAL_1810', 'starbucks_official', 'スターバックス コーヒー LINKS UMEDA　8階店', '大阪府 大阪市北区 大深町1-1 ヨドバシ梅田タワー LINKS UMEDA 8階', 34.7046575721, 135.496138511, 1);
INSERT OR REPLACE INTO service_category_rel (service_id, category_id) VALUES ('STB_1810', 'cat_cafe');
INSERT OR REPLACE INTO service_cafe_details (service_id, has_wifi) VALUES ('STB_1810', 1);
INSERT OR REPLACE INTO services (service_id, brand_id, owner_id, plan_id, ext_place_id, ext_source, title, address, lat, lng, verification_level) VALUES ('STB_1817', 'brand_starbucks', '01ARZ3NDEKTSV4RRFFQ69G5FAV', 'free', 'STB_OFFICIAL_1817', 'starbucks_official', 'スターバックス コーヒー 泉南りんくう公園店', '大阪府 泉南市 りんくう南浜3-201 泉南りんくう公園内', 34.3795816092, 135.263325592, 1);
INSERT OR REPLACE INTO service_category_rel (service_id, category_id) VALUES ('STB_1817', 'cat_cafe');
INSERT OR REPLACE INTO service_cafe_details (service_id, has_wifi) VALUES ('STB_1817', 1);
INSERT OR REPLACE INTO services (service_id, brand_id, owner_id, plan_id, ext_place_id, ext_source, title, address, lat, lng, verification_level) VALUES ('STB_1835', 'brand_starbucks', '01ARZ3NDEKTSV4RRFFQ69G5FAV', 'free', 'STB_OFFICIAL_1835', 'starbucks_official', 'スターバックス コーヒー 阪神梅田本店 地下2階店', '大阪府 大阪市北区 梅田1-13-13 阪神梅田本店', 34.7010929823, 135.497789649, 1);
INSERT OR REPLACE INTO service_category_rel (service_id, category_id) VALUES ('STB_1835', 'cat_cafe');
INSERT OR REPLACE INTO service_cafe_details (service_id, has_wifi) VALUES ('STB_1835', 1);
INSERT OR REPLACE INTO services (service_id, brand_id, owner_id, plan_id, ext_place_id, ext_source, title, address, lat, lng, verification_level) VALUES ('STB_1836', 'brand_starbucks', '01ARZ3NDEKTSV4RRFFQ69G5FAV', 'free', 'STB_OFFICIAL_1836', 'starbucks_official', 'スターバックス コーヒー 阪神梅田本店 9階店', '大阪府 大阪市北区 梅田1-13-13 阪神梅田本店', 34.7012963047, 135.498410422, 1);
INSERT OR REPLACE INTO service_category_rel (service_id, category_id) VALUES ('STB_1836', 'cat_cafe');
INSERT OR REPLACE INTO service_cafe_details (service_id, has_wifi) VALUES ('STB_1836', 1);
INSERT OR REPLACE INTO services (service_id, brand_id, owner_id, plan_id, ext_place_id, ext_source, title, address, lat, lng, verification_level) VALUES ('STB_1842', 'brand_starbucks', '01ARZ3NDEKTSV4RRFFQ69G5FAV', 'free', 'STB_OFFICIAL_1842', 'starbucks_official', 'スターバックス コーヒー 心斎橋パルコ 5階店', '大阪府 大阪市中央区 心斎橋筋1-8-3 心斎橋パルコ 5階', 34.6739556612, 135.500886197, 1);
INSERT OR REPLACE INTO service_category_rel (service_id, category_id) VALUES ('STB_1842', 'cat_cafe');
INSERT OR REPLACE INTO service_cafe_details (service_id, has_wifi) VALUES ('STB_1842', 1);
INSERT OR REPLACE INTO services (service_id, brand_id, owner_id, plan_id, ext_place_id, ext_source, title, address, lat, lng, verification_level) VALUES ('STB_1848', 'brand_starbucks', '01ARZ3NDEKTSV4RRFFQ69G5FAV', 'free', 'STB_OFFICIAL_1848', 'starbucks_official', 'スターバックス コーヒー 阪急サン広場地下通り店', '大阪府 大阪市北区 角田町8-47 阪急サン広場地下通り 地下1階', 34.7036352334, 135.499111089, 1);
INSERT OR REPLACE INTO service_category_rel (service_id, category_id) VALUES ('STB_1848', 'cat_cafe');
INSERT OR REPLACE INTO service_cafe_details (service_id, has_wifi) VALUES ('STB_1848', 1);
INSERT OR REPLACE INTO services (service_id, brand_id, owner_id, plan_id, ext_place_id, ext_source, title, address, lat, lng, verification_level) VALUES ('STB_1852', 'brand_starbucks', '01ARZ3NDEKTSV4RRFFQ69G5FAV', 'free', 'STB_OFFICIAL_1852', 'starbucks_official', 'スターバックス コーヒー りんくうプレミアム・アウトレット シーサイド店', '大阪府 泉佐野市 りんくう往来南3-28 りんくうプレミアム・アウトレット Sea Side エリア1階', 34.4061351279, 135.293415482, 1);
INSERT OR REPLACE INTO service_category_rel (service_id, category_id) VALUES ('STB_1852', 'cat_cafe');
INSERT OR REPLACE INTO service_cafe_details (service_id, has_wifi) VALUES ('STB_1852', 1);
INSERT OR REPLACE INTO services (service_id, brand_id, owner_id, plan_id, ext_place_id, ext_source, title, address, lat, lng, verification_level) VALUES ('STB_1855', 'brand_starbucks', '01ARZ3NDEKTSV4RRFFQ69G5FAV', 'free', 'STB_OFFICIAL_1855', 'starbucks_official', 'スターバックス コーヒー 松坂屋 高槻店', '大阪府 高槻市 紺屋町2-1 松坂屋', 34.8507807446, 135.618378297, 1);
INSERT OR REPLACE INTO service_category_rel (service_id, category_id) VALUES ('STB_1855', 'cat_cafe');
INSERT OR REPLACE INTO service_cafe_details (service_id, has_wifi) VALUES ('STB_1855', 1);
INSERT OR REPLACE INTO services (service_id, brand_id, owner_id, plan_id, ext_place_id, ext_source, title, address, lat, lng, verification_level) VALUES ('STB_1888', 'brand_starbucks', '01ARZ3NDEKTSV4RRFFQ69G5FAV', 'free', 'STB_OFFICIAL_1888', 'starbucks_official', 'スターバックス コーヒー 高槻安満遺跡公園店', '大阪府 高槻市 八丁畷町12-17', 34.8557990752, 135.633049903, 1);
INSERT OR REPLACE INTO service_category_rel (service_id, category_id) VALUES ('STB_1888', 'cat_cafe');
INSERT OR REPLACE INTO service_cafe_details (service_id, has_wifi) VALUES ('STB_1888', 1);
INSERT OR REPLACE INTO services (service_id, brand_id, owner_id, plan_id, ext_place_id, ext_source, title, address, lat, lng, verification_level) VALUES ('STB_2005', 'brand_starbucks', '01ARZ3NDEKTSV4RRFFQ69G5FAV', 'free', 'STB_OFFICIAL_2005', 'starbucks_official', 'スターバックス コーヒー TSUTAYA EBISUBASHI店', '大阪府 大阪市中央区 道頓堀1-8-19', 34.6686601266, 135.501465004, 1);
INSERT OR REPLACE INTO service_category_rel (service_id, category_id) VALUES ('STB_2005', 'cat_cafe');
INSERT OR REPLACE INTO service_cafe_details (service_id, has_wifi) VALUES ('STB_2005', 1);
INSERT OR REPLACE INTO services (service_id, brand_id, owner_id, plan_id, ext_place_id, ext_source, title, address, lat, lng, verification_level) VALUES ('STB_2025', 'brand_starbucks', '01ARZ3NDEKTSV4RRFFQ69G5FAV', 'free', 'STB_OFFICIAL_2025', 'starbucks_official', 'スターバックス コーヒー TSUTAYA BOOKSTORE 香里園店', '大阪府 寝屋川市 香里新町31-17', 34.7845913623, 135.630098427, 1);
INSERT OR REPLACE INTO service_category_rel (service_id, category_id) VALUES ('STB_2025', 'cat_cafe');
INSERT OR REPLACE INTO service_cafe_details (service_id, has_wifi) VALUES ('STB_2025', 1);
INSERT OR REPLACE INTO services (service_id, brand_id, owner_id, plan_id, ext_place_id, ext_source, title, address, lat, lng, verification_level) VALUES ('STB_2042', 'brand_starbucks', '01ARZ3NDEKTSV4RRFFQ69G5FAV', 'free', 'STB_OFFICIAL_2042', 'starbucks_official', 'スターバックス コーヒー ＪＲ東海 新大阪駅新幹線ラチ内店', '大阪府 大阪市淀川区 西中島5-16-1 新大阪駅1階 JR-PLUS関西支社', 34.7338434126, 135.500337374, 1);
INSERT OR REPLACE INTO service_category_rel (service_id, category_id) VALUES ('STB_2042', 'cat_cafe');
INSERT OR REPLACE INTO service_cafe_details (service_id, has_wifi) VALUES ('STB_2042', 1);
INSERT OR REPLACE INTO services (service_id, brand_id, owner_id, plan_id, ext_place_id, ext_source, title, address, lat, lng, verification_level) VALUES ('STB_2058', 'brand_starbucks', '01ARZ3NDEKTSV4RRFFQ69G5FAV', 'free', 'STB_OFFICIAL_2058', 'starbucks_official', 'スターバックス コーヒー 立命館大学大阪いばらき店', '大阪府 茨木市 岩倉町2-150', 34.8101010825, 135.563552224, 1);
INSERT OR REPLACE INTO service_category_rel (service_id, category_id) VALUES ('STB_2058', 'cat_cafe');
INSERT OR REPLACE INTO service_cafe_details (service_id, has_wifi) VALUES ('STB_2058', 1);
INSERT OR REPLACE INTO services (service_id, brand_id, owner_id, plan_id, ext_place_id, ext_source, title, address, lat, lng, verification_level) VALUES ('STB_2069', 'brand_starbucks', '01ARZ3NDEKTSV4RRFFQ69G5FAV', 'free', 'STB_OFFICIAL_2069', 'starbucks_official', 'スターバックス コーヒー 梅田 蔦屋書店', '大阪府 大阪市北区 梅田3-1-3 LUCUA 1100 9階', 34.7027024794, 135.494759549, 1);
INSERT OR REPLACE INTO service_category_rel (service_id, category_id) VALUES ('STB_2069', 'cat_cafe');
INSERT OR REPLACE INTO service_cafe_details (service_id, has_wifi) VALUES ('STB_2069', 0);
INSERT OR REPLACE INTO services (service_id, brand_id, owner_id, plan_id, ext_place_id, ext_source, title, address, lat, lng, verification_level) VALUES ('STB_2072', 'brand_starbucks', '01ARZ3NDEKTSV4RRFFQ69G5FAV', 'free', 'STB_OFFICIAL_2072', 'starbucks_official', 'スターバックス コーヒー 枚方 蔦屋書店', '大阪府 枚方市 岡東町12-2', 34.8158794713, 135.649820071, 1);
INSERT OR REPLACE INTO service_category_rel (service_id, category_id) VALUES ('STB_2072', 'cat_cafe');
INSERT OR REPLACE INTO service_cafe_details (service_id, has_wifi) VALUES ('STB_2072', 1);
INSERT OR REPLACE INTO services (service_id, brand_id, owner_id, plan_id, ext_place_id, ext_source, title, address, lat, lng, verification_level) VALUES ('STB_2083', 'brand_starbucks', '01ARZ3NDEKTSV4RRFFQ69G5FAV', 'free', 'STB_OFFICIAL_2083', 'starbucks_official', 'スターバックス コーヒー TSUTAYA 梅田 MeRISE店', '大阪府 大阪市北区 鶴野町1-5', 34.7065863445, 135.501275218, 1);
INSERT OR REPLACE INTO service_category_rel (service_id, category_id) VALUES ('STB_2083', 'cat_cafe');
INSERT OR REPLACE INTO service_cafe_details (service_id, has_wifi) VALUES ('STB_2083', 1);
INSERT OR REPLACE INTO services (service_id, brand_id, owner_id, plan_id, ext_place_id, ext_source, title, address, lat, lng, verification_level) VALUES ('STB_2090', 'brand_starbucks', '01ARZ3NDEKTSV4RRFFQ69G5FAV', 'free', 'STB_OFFICIAL_2090', 'starbucks_official', 'スターバックス コーヒー 関西大学 千里山店', '大阪府 吹田市 千里山東3-10-1', 34.773958196, 135.510940202, 1);
INSERT OR REPLACE INTO service_category_rel (service_id, category_id) VALUES ('STB_2090', 'cat_cafe');
INSERT OR REPLACE INTO service_cafe_details (service_id, has_wifi) VALUES ('STB_2090', 1);
INSERT OR REPLACE INTO services (service_id, brand_id, owner_id, plan_id, ext_place_id, ext_source, title, address, lat, lng, verification_level) VALUES ('STB_2116', 'brand_starbucks', '01ARZ3NDEKTSV4RRFFQ69G5FAV', 'free', 'STB_OFFICIAL_2116', 'starbucks_official', 'スターバックス コーヒー 関西外国語大学 中宮店', '大阪府 枚方市 中宮東之町16-1', 34.8233564229, 135.664206865, 1);
INSERT OR REPLACE INTO service_category_rel (service_id, category_id) VALUES ('STB_2116', 'cat_cafe');
INSERT OR REPLACE INTO service_cafe_details (service_id, has_wifi) VALUES ('STB_2116', 1);
INSERT OR REPLACE INTO services (service_id, brand_id, owner_id, plan_id, ext_place_id, ext_source, title, address, lat, lng, verification_level) VALUES ('STB_2121', 'brand_starbucks', '01ARZ3NDEKTSV4RRFFQ69G5FAV', 'free', 'STB_OFFICIAL_2121', 'starbucks_official', 'スターバックス コーヒー TSUTAYA リノアス八尾店', '大阪府 八尾市 光町2-60', 34.629905244, 135.604830149, 1);
INSERT OR REPLACE INTO service_category_rel (service_id, category_id) VALUES ('STB_2121', 'cat_cafe');
INSERT OR REPLACE INTO service_cafe_details (service_id, has_wifi) VALUES ('STB_2121', 1);
INSERT OR REPLACE INTO services (service_id, brand_id, owner_id, plan_id, ext_place_id, ext_source, title, address, lat, lng, verification_level) VALUES ('STB_2261', 'brand_starbucks', '01ARZ3NDEKTSV4RRFFQ69G5FAV', 'free', 'STB_OFFICIAL_2261', 'starbucks_official', 'スターバックス コーヒー TSUTAYA BOOKSTORE イノゲート大阪店', '大阪府 大阪市北区 梅田3-2-123 イノゲート大阪6階', 34.7015600708, 135.492995304, 1);
INSERT OR REPLACE INTO service_category_rel (service_id, category_id) VALUES ('STB_2261', 'cat_cafe');
INSERT OR REPLACE INTO service_cafe_details (service_id, has_wifi) VALUES ('STB_2261', 1);
INSERT OR REPLACE INTO services (service_id, brand_id, owner_id, plan_id, ext_place_id, ext_source, title, address, lat, lng, verification_level) VALUES ('STB_2299', 'brand_starbucks', '01ARZ3NDEKTSV4RRFFQ69G5FAV', 'free', 'STB_OFFICIAL_2299', 'starbucks_official', 'スターバックス コーヒー JR天王寺駅 東改札内店', '大阪府 大阪市天王寺区 悲田院町10-45 JR天王寺駅東改札内', 34.6466252255, 135.515319868, 1);
INSERT OR REPLACE INTO service_category_rel (service_id, category_id) VALUES ('STB_2299', 'cat_cafe');
INSERT OR REPLACE INTO service_cafe_details (service_id, has_wifi) VALUES ('STB_2299', 1);
INSERT OR REPLACE INTO services (service_id, brand_id, owner_id, plan_id, ext_place_id, ext_source, title, address, lat, lng, verification_level) VALUES ('STB_2313', 'brand_starbucks', '01ARZ3NDEKTSV4RRFFQ69G5FAV', 'free', 'STB_OFFICIAL_2313', 'starbucks_official', 'スターバックス コーヒー JR大阪駅北店', '大阪府 大阪市北区 梅田3-1-1JR大阪駅構内 JR大阪駅1階', 34.703150512, 135.496189687, 1);
INSERT OR REPLACE INTO service_category_rel (service_id, category_id) VALUES ('STB_2313', 'cat_cafe');
INSERT OR REPLACE INTO service_cafe_details (service_id, has_wifi) VALUES ('STB_2313', 1);
INSERT OR REPLACE INTO services (service_id, brand_id, owner_id, plan_id, ext_place_id, ext_source, title, address, lat, lng, verification_level) VALUES ('STB_2326', 'brand_starbucks', '01ARZ3NDEKTSV4RRFFQ69G5FAV', 'free', 'STB_OFFICIAL_2326', 'starbucks_official', 'スターバックス コーヒー SHARE LOUNGE クオーツ心斎橋店', '大阪府 大阪市中央区 南船場3-12-14 クオーツ心斎橋 4階', 34.675486887, 135.500926679, 1);
INSERT OR REPLACE INTO service_category_rel (service_id, category_id) VALUES ('STB_2326', 'cat_cafe');
INSERT OR REPLACE INTO service_cafe_details (service_id, has_wifi) VALUES ('STB_2326', 1);
INSERT OR REPLACE INTO services (service_id, brand_id, owner_id, plan_id, ext_place_id, ext_source, title, address, lat, lng, verification_level) VALUES ('STB_2339', 'brand_starbucks', '01ARZ3NDEKTSV4RRFFQ69G5FAV', 'free', 'STB_OFFICIAL_2339', 'starbucks_official', 'スターバックス コーヒー Olive LOUNGE 船場店', '大阪府 大阪市中央区 久太郎町3-5-19 Olive LOUNGE 1階', 34.6814554153, 135.500926682, 1);
INSERT OR REPLACE INTO service_category_rel (service_id, category_id) VALUES ('STB_2339', 'cat_cafe');
INSERT OR REPLACE INTO service_cafe_details (service_id, has_wifi) VALUES ('STB_2339', 1);
INSERT OR REPLACE INTO services (service_id, brand_id, owner_id, plan_id, ext_place_id, ext_source, title, address, lat, lng, verification_level) VALUES ('STB_2342', 'brand_starbucks', '01ARZ3NDEKTSV4RRFFQ69G5FAV', 'free', 'STB_OFFICIAL_2342', 'starbucks_official', 'スターバックス コーヒー Olive LOUNGE 南森町店', '大阪府 大阪市北区 南森町2-1-29 Olive LOUNGE 1階', 34.6979391011, 135.510722054, 1);
INSERT OR REPLACE INTO service_category_rel (service_id, category_id) VALUES ('STB_2342', 'cat_cafe');
INSERT OR REPLACE INTO service_cafe_details (service_id, has_wifi) VALUES ('STB_2342', 1);
INSERT OR REPLACE INTO services (service_id, brand_id, owner_id, plan_id, ext_place_id, ext_source, title, address, lat, lng, verification_level) VALUES ('STB_2349', 'brand_starbucks', '01ARZ3NDEKTSV4RRFFQ69G5FAV', 'free', 'STB_OFFICIAL_2349', 'starbucks_official', 'スターバックス コーヒー TSUTAYA BOOKSTORE ビバモール寝屋川店', '大阪府 寝屋川市 寝屋南2-22-2 ビバモール寝屋川', 34.7664136821, 135.651594424, 1);
INSERT OR REPLACE INTO service_category_rel (service_id, category_id) VALUES ('STB_2349', 'cat_cafe');
INSERT OR REPLACE INTO service_cafe_details (service_id, has_wifi) VALUES ('STB_2349', 0);
INSERT OR REPLACE INTO services (service_id, brand_id, owner_id, plan_id, ext_place_id, ext_source, title, address, lat, lng, verification_level) VALUES ('STB_2350', 'brand_starbucks', '01ARZ3NDEKTSV4RRFFQ69G5FAV', 'free', 'STB_OFFICIAL_2350', 'starbucks_official', 'スターバックス コーヒー 天王寺ミオ プラザ館1階店', '大阪府 大阪市天王寺区 悲田院町10-48 天王寺ミオ プラザ館1階', 34.6470001624, 135.514005793, 1);
INSERT OR REPLACE INTO service_category_rel (service_id, category_id) VALUES ('STB_2350', 'cat_cafe');
INSERT OR REPLACE INTO service_cafe_details (service_id, has_wifi) VALUES ('STB_2350', 1);
INSERT OR REPLACE INTO services (service_id, brand_id, owner_id, plan_id, ext_place_id, ext_source, title, address, lat, lng, verification_level) VALUES ('STB_4001', 'brand_starbucks', '01ARZ3NDEKTSV4RRFFQ69G5FAV', 'free', 'STB_OFFICIAL_4001', 'starbucks_official', 'スターバックス コーヒー イオンタウン茨木太田店', '大阪府 茨木市 城の前町2-1 イオンタウン茨木太田', 34.8379110935, 135.575450788, 1);
INSERT OR REPLACE INTO service_category_rel (service_id, category_id) VALUES ('STB_4001', 'cat_cafe');
INSERT OR REPLACE INTO service_cafe_details (service_id, has_wifi) VALUES ('STB_4001', 1);
INSERT OR REPLACE INTO services (service_id, brand_id, owner_id, plan_id, ext_place_id, ext_source, title, address, lat, lng, verification_level) VALUES ('STB_4004', 'brand_starbucks', '01ARZ3NDEKTSV4RRFFQ69G5FAV', 'free', 'STB_OFFICIAL_4004', 'starbucks_official', 'スターバックス コーヒー セブンパーク天美店', '大阪府 松原市 天美東3-500 セブンパーク天美', 34.5915549356, 135.543167036, 1);
INSERT OR REPLACE INTO service_category_rel (service_id, category_id) VALUES ('STB_4004', 'cat_cafe');
INSERT OR REPLACE INTO service_cafe_details (service_id, has_wifi) VALUES ('STB_4004', 1);
INSERT OR REPLACE INTO services (service_id, brand_id, owner_id, plan_id, ext_place_id, ext_source, title, address, lat, lng, verification_level) VALUES ('STB_4015', 'brand_starbucks', '01ARZ3NDEKTSV4RRFFQ69G5FAV', 'free', 'STB_OFFICIAL_4015', 'starbucks_official', 'スターバックス コーヒー あべのキューズモール店', '大阪府 大阪市阿倍野区 阿倍野筋1-6-1 あべのキューズモール', 34.6454836151, 135.511554122, 1);
INSERT OR REPLACE INTO service_category_rel (service_id, category_id) VALUES ('STB_4015', 'cat_cafe');
INSERT OR REPLACE INTO service_cafe_details (service_id, has_wifi) VALUES ('STB_4015', 1);
INSERT OR REPLACE INTO services (service_id, brand_id, owner_id, plan_id, ext_place_id, ext_source, title, address, lat, lng, verification_level) VALUES ('STB_4019', 'brand_starbucks', '01ARZ3NDEKTSV4RRFFQ69G5FAV', 'free', 'STB_OFFICIAL_4019', 'starbucks_official', 'スターバックス コーヒー 梅田イーマ店', '大阪府 大阪市北区 梅田1-12-6 梅田イーマ地下2階', 34.7006610901, 135.49813964, 1);
INSERT OR REPLACE INTO service_category_rel (service_id, category_id) VALUES ('STB_4019', 'cat_cafe');
INSERT OR REPLACE INTO service_cafe_details (service_id, has_wifi) VALUES ('STB_4019', 1);
INSERT OR REPLACE INTO services (service_id, brand_id, owner_id, plan_id, ext_place_id, ext_source, title, address, lat, lng, verification_level) VALUES ('STB_4032', 'brand_starbucks', '01ARZ3NDEKTSV4RRFFQ69G5FAV', 'free', 'STB_OFFICIAL_4032', 'starbucks_official', 'スターバックス コーヒー そよら新金岡店', '大阪府 堺市北区 新金岡町4-1-11 そよら新金岡', 34.5671348388, 135.51531464, 1);
INSERT OR REPLACE INTO service_category_rel (service_id, category_id) VALUES ('STB_4032', 'cat_cafe');
INSERT OR REPLACE INTO service_cafe_details (service_id, has_wifi) VALUES ('STB_4032', 1);
INSERT OR REPLACE INTO services (service_id, brand_id, owner_id, plan_id, ext_place_id, ext_source, title, address, lat, lng, verification_level) VALUES ('STB_4033', 'brand_starbucks', '01ARZ3NDEKTSV4RRFFQ69G5FAV', 'free', 'STB_OFFICIAL_4033', 'starbucks_official', 'スターバックス コーヒー 大阪鶴見緑地公園店', '大阪府 大阪市鶴見区 緑地公園1-30', 34.7098529037, 135.578738634, 1);
INSERT OR REPLACE INTO service_category_rel (service_id, category_id) VALUES ('STB_4033', 'cat_cafe');
INSERT OR REPLACE INTO service_cafe_details (service_id, has_wifi) VALUES ('STB_4033', 1);
INSERT OR REPLACE INTO services (service_id, brand_id, owner_id, plan_id, ext_place_id, ext_source, title, address, lat, lng, verification_level) VALUES ('STB_4037', 'brand_starbucks', '01ARZ3NDEKTSV4RRFFQ69G5FAV', 'free', 'STB_OFFICIAL_4037', 'starbucks_official', 'スターバックス コーヒー 河内長野高向店', '大阪府 河内長野市 高向825-1', 34.4429023855, 135.552385059, 1);
INSERT OR REPLACE INTO service_category_rel (service_id, category_id) VALUES ('STB_4037', 'cat_cafe');
INSERT OR REPLACE INTO service_cafe_details (service_id, has_wifi) VALUES ('STB_4037', 1);
INSERT OR REPLACE INTO services (service_id, brand_id, owner_id, plan_id, ext_place_id, ext_source, title, address, lat, lng, verification_level) VALUES ('STB_4038', 'brand_starbucks', '01ARZ3NDEKTSV4RRFFQ69G5FAV', 'free', 'STB_OFFICIAL_4038', 'starbucks_official', 'スターバックス コーヒー イオンモール堺鉄砲町店', '大阪府 堺市堺区 鉄砲町1 イオンモール堺鉄砲町', 34.5944391127, 135.481912546, 1);
INSERT OR REPLACE INTO service_category_rel (service_id, category_id) VALUES ('STB_4038', 'cat_cafe');
INSERT OR REPLACE INTO service_cafe_details (service_id, has_wifi) VALUES ('STB_4038', 1);
INSERT OR REPLACE INTO services (service_id, brand_id, owner_id, plan_id, ext_place_id, ext_source, title, address, lat, lng, verification_level) VALUES ('STB_4050', 'brand_starbucks', '01ARZ3NDEKTSV4RRFFQ69G5FAV', 'free', 'STB_OFFICIAL_4050', 'starbucks_official', 'スターバックス コーヒー 堺百舌鳥店', '大阪府 堺市北区 百舌鳥陵南町2-633-1', 34.5465730252, 135.492307497, 1);
INSERT OR REPLACE INTO service_category_rel (service_id, category_id) VALUES ('STB_4050', 'cat_cafe');
INSERT OR REPLACE INTO service_cafe_details (service_id, has_wifi) VALUES ('STB_4050', 1);
INSERT OR REPLACE INTO services (service_id, brand_id, owner_id, plan_id, ext_place_id, ext_source, title, address, lat, lng, verification_level) VALUES ('STB_4061', 'brand_starbucks', '01ARZ3NDEKTSV4RRFFQ69G5FAV', 'free', 'STB_OFFICIAL_4061', 'starbucks_official', 'スターバックス コーヒー くずはモール ハナノモール店', '大阪府 枚方市 楠葉花園町15-1-Z105 くずはモール1階 ハナノモール', 34.8624993989, 135.676704858, 1);
INSERT OR REPLACE INTO service_category_rel (service_id, category_id) VALUES ('STB_4061', 'cat_cafe');
INSERT OR REPLACE INTO service_cafe_details (service_id, has_wifi) VALUES ('STB_4061', 1);
INSERT OR REPLACE INTO services (service_id, brand_id, owner_id, plan_id, ext_place_id, ext_source, title, address, lat, lng, verification_level) VALUES ('STB_4074', 'brand_starbucks', '01ARZ3NDEKTSV4RRFFQ69G5FAV', 'free', 'STB_OFFICIAL_4074', 'starbucks_official', 'スターバックス コーヒー 梅田HEP FIVE3階店', '大阪府 大阪市北区 角田町5-15 HEP FIVE 3階', 34.7041118785, 135.500795649, 1);
INSERT OR REPLACE INTO service_category_rel (service_id, category_id) VALUES ('STB_4074', 'cat_cafe');
INSERT OR REPLACE INTO service_cafe_details (service_id, has_wifi) VALUES ('STB_4074', 1);
INSERT OR REPLACE INTO services (service_id, brand_id, owner_id, plan_id, ext_place_id, ext_source, title, address, lat, lng, verification_level) VALUES ('STB_4093', 'brand_starbucks', '01ARZ3NDEKTSV4RRFFQ69G5FAV', 'free', 'STB_OFFICIAL_4093', 'starbucks_official', 'スターバックス コーヒー スターバックス ティー＆カフェ LUCUA 2階店', '大阪府 大阪市北区 梅田3-1-3 LUCUA 2階', 34.7034627108, 135.496757126, 1);
INSERT OR REPLACE INTO service_category_rel (service_id, category_id) VALUES ('STB_4093', 'cat_cafe');
INSERT OR REPLACE INTO service_cafe_details (service_id, has_wifi) VALUES ('STB_4093', 1);
INSERT OR REPLACE INTO services (service_id, brand_id, owner_id, plan_id, ext_place_id, ext_source, title, address, lat, lng, verification_level) VALUES ('STB_4108', 'brand_starbucks', '01ARZ3NDEKTSV4RRFFQ69G5FAV', 'free', 'STB_OFFICIAL_4108', 'starbucks_official', 'スターバックス コーヒー 和泉府中店', '大阪府 和泉市 府中町4-16-3', 34.4826651048, 135.426761995, 1);
INSERT OR REPLACE INTO service_category_rel (service_id, category_id) VALUES ('STB_4108', 'cat_cafe');
INSERT OR REPLACE INTO service_cafe_details (service_id, has_wifi) VALUES ('STB_4108', 1);
INSERT OR REPLACE INTO services (service_id, brand_id, owner_id, plan_id, ext_place_id, ext_source, title, address, lat, lng, verification_level) VALUES ('STB_4137', 'brand_starbucks', '01ARZ3NDEKTSV4RRFFQ69G5FAV', 'free', 'STB_OFFICIAL_4137', 'starbucks_official', 'スターバックス コーヒー ららぽーと堺店', '大阪府 堺市美原区 黒山22-1 ららぽーと堺', 34.5406295787, 135.560753476, 1);
INSERT OR REPLACE INTO service_category_rel (service_id, category_id) VALUES ('STB_4137', 'cat_cafe');
INSERT OR REPLACE INTO service_cafe_details (service_id, has_wifi) VALUES ('STB_4137', 1);
INSERT OR REPLACE INTO services (service_id, brand_id, owner_id, plan_id, ext_place_id, ext_source, title, address, lat, lng, verification_level) VALUES ('STB_4155', 'brand_starbucks', '01ARZ3NDEKTSV4RRFFQ69G5FAV', 'free', 'STB_OFFICIAL_4155', 'starbucks_official', 'スターバックス コーヒー スターバックス ティー＆カフェ グランフロント大阪北館1階店', '大阪府 大阪市北区 大深町3-1 グランフロント大阪北館 1階', 34.7050283333, 135.494276149, 1);
INSERT OR REPLACE INTO service_category_rel (service_id, category_id) VALUES ('STB_4155', 'cat_cafe');
INSERT OR REPLACE INTO service_cafe_details (service_id, has_wifi) VALUES ('STB_4155', 1);
INSERT OR REPLACE INTO services (service_id, brand_id, owner_id, plan_id, ext_place_id, ext_source, title, address, lat, lng, verification_level) VALUES ('STB_4156', 'brand_starbucks', '01ARZ3NDEKTSV4RRFFQ69G5FAV', 'free', 'STB_OFFICIAL_4156', 'starbucks_official', 'スターバックス コーヒー 八尾青山通り店', '大阪府 八尾市 高美町3-2-24', 34.6200913842, 135.610008782, 1);
INSERT OR REPLACE INTO service_category_rel (service_id, category_id) VALUES ('STB_4156', 'cat_cafe');
INSERT OR REPLACE INTO service_cafe_details (service_id, has_wifi) VALUES ('STB_4156', 1);
INSERT OR REPLACE INTO services (service_id, brand_id, owner_id, plan_id, ext_place_id, ext_source, title, address, lat, lng, verification_level) VALUES ('STB_4164', 'brand_starbucks', '01ARZ3NDEKTSV4RRFFQ69G5FAV', 'free', 'STB_OFFICIAL_4164', 'starbucks_official', 'スターバックス コーヒー 岸和田小松里店', '大阪府 岸和田市 小松里町2550', 34.466321889, 135.397022717, 1);
INSERT OR REPLACE INTO service_category_rel (service_id, category_id) VALUES ('STB_4164', 'cat_cafe');
INSERT OR REPLACE INTO service_cafe_details (service_id, has_wifi) VALUES ('STB_4164', 1);
INSERT OR REPLACE INTO services (service_id, brand_id, owner_id, plan_id, ext_place_id, ext_source, title, address, lat, lng, verification_level) VALUES ('STB_4170', 'brand_starbucks', '01ARZ3NDEKTSV4RRFFQ69G5FAV', 'free', 'STB_OFFICIAL_4170', 'starbucks_official', 'スターバックス コーヒー そよら海老江店', '大阪府 大阪市福島区 海老江1-5-52 そよら海老江', 34.6980851482, 135.476151307, 1);
INSERT OR REPLACE INTO service_category_rel (service_id, category_id) VALUES ('STB_4170', 'cat_cafe');
INSERT OR REPLACE INTO service_cafe_details (service_id, has_wifi) VALUES ('STB_4170', 1);
INSERT OR REPLACE INTO services (service_id, brand_id, owner_id, plan_id, ext_place_id, ext_source, title, address, lat, lng, verification_level) VALUES ('STB_4177', 'brand_starbucks', '01ARZ3NDEKTSV4RRFFQ69G5FAV', 'free', 'STB_OFFICIAL_4177', 'starbucks_official', 'スターバックス コーヒー 箕面百楽荘店', '大阪府 箕面市 百楽荘4-275-1', 34.8177671635, 135.465646946, 1);
INSERT OR REPLACE INTO service_category_rel (service_id, category_id) VALUES ('STB_4177', 'cat_cafe');
INSERT OR REPLACE INTO service_cafe_details (service_id, has_wifi) VALUES ('STB_4177', 1);
INSERT OR REPLACE INTO services (service_id, brand_id, owner_id, plan_id, ext_place_id, ext_source, title, address, lat, lng, verification_level) VALUES ('STB_4206', 'brand_starbucks', '01ARZ3NDEKTSV4RRFFQ69G5FAV', 'free', 'STB_OFFICIAL_4206', 'starbucks_official', 'スターバックス コーヒー ららぽーと門真店', '大阪府 門真市 松生町1-11 ららぽーと門真 1階(店舗番号16000)', 34.7317226105, 135.5845552, 1);
INSERT OR REPLACE INTO service_category_rel (service_id, category_id) VALUES ('STB_4206', 'cat_cafe');
INSERT OR REPLACE INTO service_cafe_details (service_id, has_wifi) VALUES ('STB_4206', 1);
INSERT OR REPLACE INTO services (service_id, brand_id, owner_id, plan_id, ext_place_id, ext_source, title, address, lat, lng, verification_level) VALUES ('STB_4222', 'brand_starbucks', '01ARZ3NDEKTSV4RRFFQ69G5FAV', 'free', 'STB_OFFICIAL_4222', 'starbucks_official', 'スターバックス コーヒー ホワイティうめだ店', '大阪府 大阪市北区 堂山町梅田地下街3-6 ホワイティうめだ イーストモール内', 34.7019915682, 135.501852048, 1);
INSERT OR REPLACE INTO service_category_rel (service_id, category_id) VALUES ('STB_4222', 'cat_cafe');
INSERT OR REPLACE INTO service_cafe_details (service_id, has_wifi) VALUES ('STB_4222', 1);
INSERT OR REPLACE INTO services (service_id, brand_id, owner_id, plan_id, ext_place_id, ext_source, title, address, lat, lng, verification_level) VALUES ('STB_4242', 'brand_starbucks', '01ARZ3NDEKTSV4RRFFQ69G5FAV', 'free', 'STB_OFFICIAL_4242', 'starbucks_official', 'スターバックス コーヒー 高槻阪急スクエア店', '大阪府 高槻市 白梅町4-1 高槻阪急スクエア1階', 34.8533676852, 135.618097924, 1);
INSERT OR REPLACE INTO service_category_rel (service_id, category_id) VALUES ('STB_4242', 'cat_cafe');
INSERT OR REPLACE INTO service_cafe_details (service_id, has_wifi) VALUES ('STB_4242', 1);
INSERT OR REPLACE INTO services (service_id, brand_id, owner_id, plan_id, ext_place_id, ext_source, title, address, lat, lng, verification_level) VALUES ('STB_4246', 'brand_starbucks', '01ARZ3NDEKTSV4RRFFQ69G5FAV', 'free', 'STB_OFFICIAL_4246', 'starbucks_official', 'スターバックス コーヒー スターバックス ティー＆カフェ ららぽーとEXPOCITY1階店', '大阪府 吹田市 千里万博公園2-1 ららぽーとEXPOCITY 1階 10350(店舗番号)', 34.8059427066, 135.535651677, 1);
INSERT OR REPLACE INTO service_category_rel (service_id, category_id) VALUES ('STB_4246', 'cat_cafe');
INSERT OR REPLACE INTO service_cafe_details (service_id, has_wifi) VALUES ('STB_4246', 1);
INSERT OR REPLACE INTO services (service_id, brand_id, owner_id, plan_id, ext_place_id, ext_source, title, address, lat, lng, verification_level) VALUES ('STB_4249', 'brand_starbucks', '01ARZ3NDEKTSV4RRFFQ69G5FAV', 'free', 'STB_OFFICIAL_4249', 'starbucks_official', 'スターバックス コーヒー スターバックス ティー＆カフェ 阪急うめだ本店9階店', '大阪府 大阪市北区 角田町8-7 阪急うめだ本店9階', 34.7030252889, 135.498551441, 1);
INSERT OR REPLACE INTO service_category_rel (service_id, category_id) VALUES ('STB_4249', 'cat_cafe');
INSERT OR REPLACE INTO service_cafe_details (service_id, has_wifi) VALUES ('STB_4249', 1);
INSERT OR REPLACE INTO services (service_id, brand_id, owner_id, plan_id, ext_place_id, ext_source, title, address, lat, lng, verification_level) VALUES ('STB_4252', 'brand_starbucks', '01ARZ3NDEKTSV4RRFFQ69G5FAV', 'free', 'STB_OFFICIAL_4252', 'starbucks_official', 'スターバックス コーヒー 関西国際空港2階店', '大阪府 泉南郡 田尻町泉州空港中1 関西国際空港旅客ターミナルビル2階', 34.4353864279, 135.244804839, 1);
INSERT OR REPLACE INTO service_category_rel (service_id, category_id) VALUES ('STB_4252', 'cat_cafe');
INSERT OR REPLACE INTO service_cafe_details (service_id, has_wifi) VALUES ('STB_4252', 0);
INSERT OR REPLACE INTO services (service_id, brand_id, owner_id, plan_id, ext_place_id, ext_source, title, address, lat, lng, verification_level) VALUES ('STB_4257', 'brand_starbucks', '01ARZ3NDEKTSV4RRFFQ69G5FAV', 'free', 'STB_OFFICIAL_4257', 'starbucks_official', 'スターバックス コーヒー 堺美原青南台店', '大阪府 堺市美原区 青南台1-1-34', 34.5147144649, 135.570476917, 1);
INSERT OR REPLACE INTO service_category_rel (service_id, category_id) VALUES ('STB_4257', 'cat_cafe');
INSERT OR REPLACE INTO service_cafe_details (service_id, has_wifi) VALUES ('STB_4257', 1);
INSERT OR REPLACE INTO services (service_id, brand_id, owner_id, plan_id, ext_place_id, ext_source, title, address, lat, lng, verification_level) VALUES ('STB_4318', 'brand_starbucks', '01ARZ3NDEKTSV4RRFFQ69G5FAV', 'free', 'STB_OFFICIAL_4318', 'starbucks_official', 'スターバックス コーヒー そよら東岸和田店', '大阪府 岸和田市 土生町2-32-39 そよら東岸和田1階', 34.4477461193, 135.382336459, 1);
INSERT OR REPLACE INTO service_category_rel (service_id, category_id) VALUES ('STB_4318', 'cat_cafe');
INSERT OR REPLACE INTO service_cafe_details (service_id, has_wifi) VALUES ('STB_4318', 1);
INSERT OR REPLACE INTO services (service_id, brand_id, owner_id, plan_id, ext_place_id, ext_source, title, address, lat, lng, verification_level) VALUES ('STB_4324', 'brand_starbucks', '01ARZ3NDEKTSV4RRFFQ69G5FAV', 'free', 'STB_OFFICIAL_4324', 'starbucks_official', 'スターバックス コーヒー ＫＩＴＴＥ大阪店', '大阪府 大阪市北区 梅田3-2-2 ＫＩＴＴＥ大阪 6F 615/616区画', 34.7006338061, 135.494431616, 1);
INSERT OR REPLACE INTO service_category_rel (service_id, category_id) VALUES ('STB_4324', 'cat_cafe');
INSERT OR REPLACE INTO service_cafe_details (service_id, has_wifi) VALUES ('STB_4324', 1);
INSERT OR REPLACE INTO services (service_id, brand_id, owner_id, plan_id, ext_place_id, ext_source, title, address, lat, lng, verification_level) VALUES ('STB_4332', 'brand_starbucks', '01ARZ3NDEKTSV4RRFFQ69G5FAV', 'free', 'STB_OFFICIAL_4332', 'starbucks_official', 'スターバックス コーヒー 服部緑地店', '大阪府 豊中市 服部緑地1-150', 34.776267198, 135.483845124, 1);
INSERT OR REPLACE INTO service_category_rel (service_id, category_id) VALUES ('STB_4332', 'cat_cafe');
INSERT OR REPLACE INTO service_cafe_details (service_id, has_wifi) VALUES ('STB_4332', 1);
INSERT OR REPLACE INTO services (service_id, brand_id, owner_id, plan_id, ext_place_id, ext_source, title, address, lat, lng, verification_level) VALUES ('STB_4338', 'brand_starbucks', '01ARZ3NDEKTSV4RRFFQ69G5FAV', 'free', 'STB_OFFICIAL_4338', 'starbucks_official', 'スターバックス コーヒー 岸和田三田店', '大阪府 岸和田市 三田町633-1', 34.4532481021, 135.434126071, 1);
INSERT OR REPLACE INTO service_category_rel (service_id, category_id) VALUES ('STB_4338', 'cat_cafe');
INSERT OR REPLACE INTO service_cafe_details (service_id, has_wifi) VALUES ('STB_4338', 1);
INSERT OR REPLACE INTO services (service_id, brand_id, owner_id, plan_id, ext_place_id, ext_source, title, address, lat, lng, verification_level) VALUES ('STB_4346', 'brand_starbucks', '01ARZ3NDEKTSV4RRFFQ69G5FAV', 'free', 'STB_OFFICIAL_4346', 'starbucks_official', 'スターバックス コーヒー 阪急豊中駅前店', '大阪府 豊中市 本町1-1-3 ティオ阪急豊中1階', 34.7866398812, 135.462431147, 1);
INSERT OR REPLACE INTO service_category_rel (service_id, category_id) VALUES ('STB_4346', 'cat_cafe');
INSERT OR REPLACE INTO service_cafe_details (service_id, has_wifi) VALUES ('STB_4346', 1);
INSERT OR REPLACE INTO services (service_id, brand_id, owner_id, plan_id, ext_place_id, ext_source, title, address, lat, lng, verification_level) VALUES ('STB_4350', 'brand_starbucks', '01ARZ3NDEKTSV4RRFFQ69G5FAV', 'free', 'STB_OFFICIAL_4350', 'starbucks_official', 'スターバックス コーヒー そよら古川橋駅前店', '大阪府 門真市 末広町41-2 そよら古川橋駅前1階', 34.7389469621, 135.591670943, 1);
INSERT OR REPLACE INTO service_category_rel (service_id, category_id) VALUES ('STB_4350', 'cat_cafe');
INSERT OR REPLACE INTO service_cafe_details (service_id, has_wifi) VALUES ('STB_4350', 1);
INSERT OR REPLACE INTO services (service_id, brand_id, owner_id, plan_id, ext_place_id, ext_source, title, address, lat, lng, verification_level) VALUES ('STB_4351', 'brand_starbucks', '01ARZ3NDEKTSV4RRFFQ69G5FAV', 'free', 'STB_OFFICIAL_4351', 'starbucks_official', 'スターバックス コーヒー 近鉄久宝寺口南店', '大阪府 東大阪市 金岡4-15-21', 34.6328896424, 135.588658854, 1);
INSERT OR REPLACE INTO service_category_rel (service_id, category_id) VALUES ('STB_4351', 'cat_cafe');
INSERT OR REPLACE INTO service_cafe_details (service_id, has_wifi) VALUES ('STB_4351', 1);
INSERT OR REPLACE INTO services (service_id, brand_id, owner_id, plan_id, ext_place_id, ext_source, title, address, lat, lng, verification_level) VALUES ('STB_4372', 'brand_starbucks', '01ARZ3NDEKTSV4RRFFQ69G5FAV', 'free', 'STB_OFFICIAL_4372', 'starbucks_official', 'スターバックス コーヒー 大阪国際空港国内線南ゲートエリア店', '大阪府 豊中市 蛍池西町3-555 大阪国際空港ターミナルビル2F', 34.7893056411, 135.442747103, 1);
INSERT OR REPLACE INTO service_category_rel (service_id, category_id) VALUES ('STB_4372', 'cat_cafe');
INSERT OR REPLACE INTO service_cafe_details (service_id, has_wifi) VALUES ('STB_4372', 0);
INSERT OR REPLACE INTO services (service_id, brand_id, owner_id, plan_id, ext_place_id, ext_source, title, address, lat, lng, verification_level) VALUES ('STB_4381', 'brand_starbucks', '01ARZ3NDEKTSV4RRFFQ69G5FAV', 'free', 'STB_OFFICIAL_4381', 'starbucks_official', 'スターバックス コーヒー イオンタウン守口店', '大阪府 守口市 京阪本通2-2-4 イオンタウン守口１階', 34.7379076984, 135.56384719, 1);
INSERT OR REPLACE INTO service_category_rel (service_id, category_id) VALUES ('STB_4381', 'cat_cafe');
INSERT OR REPLACE INTO service_cafe_details (service_id, has_wifi) VALUES ('STB_4381', 1);
INSERT OR REPLACE INTO services (service_id, brand_id, owner_id, plan_id, ext_place_id, ext_source, title, address, lat, lng, verification_level) VALUES ('STB_4398', 'brand_starbucks', '01ARZ3NDEKTSV4RRFFQ69G5FAV', 'free', 'STB_OFFICIAL_4398', 'starbucks_official', 'スターバックス コーヒー そよら金剛店', '大阪府 大阪狭山市 半田1-22 そよら金剛1階', 34.4972375023, 135.557836271, 1);
INSERT OR REPLACE INTO service_category_rel (service_id, category_id) VALUES ('STB_4398', 'cat_cafe');
INSERT OR REPLACE INTO service_cafe_details (service_id, has_wifi) VALUES ('STB_4398', 1);
INSERT OR REPLACE INTO services (service_id, brand_id, owner_id, plan_id, ext_place_id, ext_source, title, address, lat, lng, verification_level) VALUES ('STB_4434', 'brand_starbucks', '01ARZ3NDEKTSV4RRFFQ69G5FAV', 'free', 'STB_OFFICIAL_4434', 'starbucks_official', 'スターバックス コーヒー うめきたグリーンプレイス店', '大阪府 大阪市北区 大深町5-1 うめきたグリーンプレイス2階', 34.7029110422, 135.49327133, 1);
INSERT OR REPLACE INTO service_category_rel (service_id, category_id) VALUES ('STB_4434', 'cat_cafe');
INSERT OR REPLACE INTO service_cafe_details (service_id, has_wifi) VALUES ('STB_4434', 1);
INSERT OR REPLACE INTO services (service_id, brand_id, owner_id, plan_id, ext_place_id, ext_source, title, address, lat, lng, verification_level) VALUES ('STB_4437', 'brand_starbucks', '01ARZ3NDEKTSV4RRFFQ69G5FAV', 'free', 'STB_OFFICIAL_4437', 'starbucks_official', 'スターバックス コーヒー 北浜店', '大阪府 大阪市中央区 今橋2-2-2 南都銀行大阪北浜ビル1階', 34.6902115188, 135.506399713, 1);
INSERT OR REPLACE INTO service_category_rel (service_id, category_id) VALUES ('STB_4437', 'cat_cafe');
INSERT OR REPLACE INTO service_cafe_details (service_id, has_wifi) VALUES ('STB_4437', 1);
INSERT OR REPLACE INTO services (service_id, brand_id, owner_id, plan_id, ext_place_id, ext_source, title, address, lat, lng, verification_level) VALUES ('STB_4441', 'brand_starbucks', '01ARZ3NDEKTSV4RRFFQ69G5FAV', 'free', 'STB_OFFICIAL_4441', 'starbucks_official', 'スターバックス コーヒー JR弁天町駅店', '大阪府 大阪市港区 波除3-11-50', 34.6694690772, 135.46224378, 1);
INSERT OR REPLACE INTO service_category_rel (service_id, category_id) VALUES ('STB_4441', 'cat_cafe');
INSERT OR REPLACE INTO service_cafe_details (service_id, has_wifi) VALUES ('STB_4441', 1);
INSERT OR REPLACE INTO services (service_id, brand_id, owner_id, plan_id, ext_place_id, ext_source, title, address, lat, lng, verification_level) VALUES ('STB_4484', 'brand_starbucks', '01ARZ3NDEKTSV4RRFFQ69G5FAV', 'free', 'STB_OFFICIAL_4484', 'starbucks_official', 'スターバックス コーヒー コムズガーデン店', '大阪府 大阪市都島区 東野田町2-6-1 コムズガーデン B2階', 34.697427287, 135.530955397, 1);
INSERT OR REPLACE INTO service_category_rel (service_id, category_id) VALUES ('STB_4484', 'cat_cafe');
INSERT OR REPLACE INTO service_cafe_details (service_id, has_wifi) VALUES ('STB_4484', 1);
INSERT OR REPLACE INTO services (service_id, brand_id, owner_id, plan_id, ext_place_id, ext_source, title, address, lat, lng, verification_level) VALUES ('STB_4497', 'brand_starbucks', '01ARZ3NDEKTSV4RRFFQ69G5FAV', 'free', 'STB_OFFICIAL_4497', 'starbucks_official', 'スターバックス コーヒー 泉大津店', '大阪府 泉大津市 松之浜町2-9-44', 34.5094031271, 135.413656019, 1);
INSERT OR REPLACE INTO service_category_rel (service_id, category_id) VALUES ('STB_4497', 'cat_cafe');
INSERT OR REPLACE INTO service_cafe_details (service_id, has_wifi) VALUES ('STB_4497', 1);
INSERT OR REPLACE INTO services (service_id, brand_id, owner_id, plan_id, ext_place_id, ext_source, title, address, lat, lng, verification_level) VALUES ('STB_4529', 'brand_starbucks', '01ARZ3NDEKTSV4RRFFQ69G5FAV', 'free', 'STB_OFFICIAL_4529', 'starbucks_official', 'スターバックス コーヒー そよら長原駅前店', '大阪府 大阪市平野区 長吉長原東2-2-35 そよら長原駅前1階', 34.6023179421, 135.574460052, 1);
INSERT OR REPLACE INTO service_category_rel (service_id, category_id) VALUES ('STB_4529', 'cat_cafe');
INSERT OR REPLACE INTO service_cafe_details (service_id, has_wifi) VALUES ('STB_4529', 1);
INSERT OR REPLACE INTO services (service_id, brand_id, owner_id, plan_id, ext_place_id, ext_source, title, address, lat, lng, verification_level) VALUES ('STB_4539', 'brand_starbucks', '01ARZ3NDEKTSV4RRFFQ69G5FAV', 'free', 'STB_OFFICIAL_4539', 'starbucks_official', 'スターバックス コーヒー スターバックス ティー＆カフェ なんばパークス2階店', '大阪府 大阪市浪速区 難波中2-10-70 なんばパークス Tーterrace 2階', 34.6617544814, 135.501754465, 1);
INSERT OR REPLACE INTO service_category_rel (service_id, category_id) VALUES ('STB_4539', 'cat_cafe');
INSERT OR REPLACE INTO service_cafe_details (service_id, has_wifi) VALUES ('STB_4539', 1);
INSERT OR REPLACE INTO services (service_id, brand_id, owner_id, plan_id, ext_place_id, ext_source, title, address, lat, lng, verification_level) VALUES ('STB_4541', 'brand_starbucks', '01ARZ3NDEKTSV4RRFFQ69G5FAV', 'free', 'STB_OFFICIAL_4541', 'starbucks_official', 'スターバックス コーヒー PMO EX本町店', '大阪府 大阪市中央区 本町3-1-10 PMO EX本町 1階', 34.6838729682, 135.502858077, 1);
INSERT OR REPLACE INTO service_category_rel (service_id, category_id) VALUES ('STB_4541', 'cat_cafe');
INSERT OR REPLACE INTO service_cafe_details (service_id, has_wifi) VALUES ('STB_4541', 1);
INSERT OR REPLACE INTO services (service_id, brand_id, owner_id, plan_id, ext_place_id, ext_source, title, address, lat, lng, verification_level) VALUES ('STB_4542', 'brand_starbucks', '01ARZ3NDEKTSV4RRFFQ69G5FAV', 'free', 'STB_OFFICIAL_4542', 'starbucks_official', 'スターバックス コーヒー イオンモール大日3階 SHIBANIWA店', '大阪府 守口市 大日東町1-18 イオンモール大日3階', 34.7486346138, 135.58016423, 1);
INSERT OR REPLACE INTO service_category_rel (service_id, category_id) VALUES ('STB_4542', 'cat_cafe');
INSERT OR REPLACE INTO service_cafe_details (service_id, has_wifi) VALUES ('STB_4542', 1);
INSERT OR REPLACE INTO services (service_id, brand_id, owner_id, plan_id, ext_place_id, ext_source, title, address, lat, lng, verification_level) VALUES ('STB_4555', 'brand_starbucks', '01ARZ3NDEKTSV4RRFFQ69G5FAV', 'free', 'STB_OFFICIAL_4555', 'starbucks_official', 'スターバックス コーヒー なんば南海通店', '大阪府 大阪市中央区 難波千日前12-30 難波長和ビル1階', 34.6649685885, 135.502123175, 1);
INSERT OR REPLACE INTO service_category_rel (service_id, category_id) VALUES ('STB_4555', 'cat_cafe');
INSERT OR REPLACE INTO service_cafe_details (service_id, has_wifi) VALUES ('STB_4555', 1);
INSERT OR REPLACE INTO services (service_id, brand_id, owner_id, plan_id, ext_place_id, ext_source, title, address, lat, lng, verification_level) VALUES ('STB_4560', 'brand_starbucks', '01ARZ3NDEKTSV4RRFFQ69G5FAV', 'free', 'STB_OFFICIAL_4560', 'starbucks_official', 'スターバックス コーヒー 南堀江店', '大阪府 大阪市西区 南堀江2-4-4 EDGE南堀江1階', 34.6708500081, 135.492186785, 1);
INSERT OR REPLACE INTO service_category_rel (service_id, category_id) VALUES ('STB_4560', 'cat_cafe');
INSERT OR REPLACE INTO service_cafe_details (service_id, has_wifi) VALUES ('STB_4560', 1);
INSERT OR REPLACE INTO services (service_id, brand_id, owner_id, plan_id, ext_place_id, ext_source, title, address, lat, lng, verification_level) VALUES ('STB_4564', 'brand_starbucks', '01ARZ3NDEKTSV4RRFFQ69G5FAV', 'free', 'STB_OFFICIAL_4564', 'starbucks_official', 'スターバックス コーヒー スターバックス ティー＆カフェ イオンモール堺北花田店', '大阪府 堺市北区 東浅香山町4-1-12 イオンモール堺北花田1階', 34.5834503192, 135.515498873, 1);
INSERT OR REPLACE INTO service_category_rel (service_id, category_id) VALUES ('STB_4564', 'cat_cafe');
INSERT OR REPLACE INTO service_cafe_details (service_id, has_wifi) VALUES ('STB_4564', 1);
INSERT OR REPLACE INTO services (service_id, brand_id, owner_id, plan_id, ext_place_id, ext_source, title, address, lat, lng, verification_level) VALUES ('STB_4570', 'brand_starbucks', '01ARZ3NDEKTSV4RRFFQ69G5FAV', 'free', 'STB_OFFICIAL_4570', 'starbucks_official', 'スターバックス コーヒー なんばパークス6階店', '大阪府 大阪市浪速区 難波中2-10-70 なんばパークス 6階', 34.6621374908, 135.501458083, 1);
INSERT OR REPLACE INTO service_category_rel (service_id, category_id) VALUES ('STB_4570', 'cat_cafe');
INSERT OR REPLACE INTO service_cafe_details (service_id, has_wifi) VALUES ('STB_4570', 1);
INSERT OR REPLACE INTO services (service_id, brand_id, owner_id, plan_id, ext_place_id, ext_source, title, address, lat, lng, verification_level) VALUES ('STB_4586', 'brand_starbucks', '01ARZ3NDEKTSV4RRFFQ69G5FAV', 'free', 'STB_OFFICIAL_4586', 'starbucks_official', 'スターバックス コーヒー 上本町YUFURA店', '大阪府 大阪市天王寺区 上本町6-5-13 上本町YUFURA3階', 34.6649002843, 135.519277587, 1);
INSERT OR REPLACE INTO service_category_rel (service_id, category_id) VALUES ('STB_4586', 'cat_cafe');
INSERT OR REPLACE INTO service_cafe_details (service_id, has_wifi) VALUES ('STB_4586', 1);
INSERT OR REPLACE INTO services (service_id, brand_id, owner_id, plan_id, ext_place_id, ext_source, title, address, lat, lng, verification_level) VALUES ('STB_4614', 'brand_starbucks', '01ARZ3NDEKTSV4RRFFQ69G5FAV', 'free', 'STB_OFFICIAL_4614', 'starbucks_official', 'スターバックス コーヒー スターバックス リザーブ(R) カフェ 心斎橋パルコ地下1階店', '大阪府 大阪市中央区 心斎橋筋1-8-3 心斎橋パルコ 地下1階', 34.6737551239, 135.500705666, 1);
INSERT OR REPLACE INTO service_category_rel (service_id, category_id) VALUES ('STB_4614', 'cat_cafe');
INSERT OR REPLACE INTO service_cafe_details (service_id, has_wifi) VALUES ('STB_4614', 1);
INSERT OR REPLACE INTO services (service_id, brand_id, owner_id, plan_id, ext_place_id, ext_source, title, address, lat, lng, verification_level) VALUES ('STB_4615', 'brand_starbucks', '01ARZ3NDEKTSV4RRFFQ69G5FAV', 'free', 'STB_OFFICIAL_4615', 'starbucks_official', 'スターバックス コーヒー スターバックス リザーブ(R) カフェ 大丸梅田地下1階店', '大阪府 大阪市北区 梅田3-1-1 大丸梅田店 地下1階', 34.7016748459, 135.4967261, 1);
INSERT OR REPLACE INTO service_category_rel (service_id, category_id) VALUES ('STB_4615', 'cat_cafe');
INSERT OR REPLACE INTO service_cafe_details (service_id, has_wifi) VALUES ('STB_4615', 1);
INSERT OR REPLACE INTO services (service_id, brand_id, owner_id, plan_id, ext_place_id, ext_source, title, address, lat, lng, verification_level) VALUES ('STB_52', 'brand_starbucks', '01ARZ3NDEKTSV4RRFFQ69G5FAV', 'free', 'STB_OFFICIAL_52', 'starbucks_official', 'スターバックス コーヒー 神戸国際会館ＳＯＬ店', '兵庫県 神戸市中央区 御幸通8-1-6 神戸国際会館 B1F', 34.6920120068, 135.195507116, 1);
INSERT OR REPLACE INTO service_category_rel (service_id, category_id) VALUES ('STB_52', 'cat_cafe');
INSERT OR REPLACE INTO service_cafe_details (service_id, has_wifi) VALUES ('STB_52', 1);
INSERT OR REPLACE INTO services (service_id, brand_id, owner_id, plan_id, ext_place_id, ext_source, title, address, lat, lng, verification_level) VALUES ('STB_138', 'brand_starbucks', '01ARZ3NDEKTSV4RRFFQ69G5FAV', 'free', 'STB_OFFICIAL_138', 'starbucks_official', 'スターバックス コーヒー 摂津本山岡本ビル店', '兵庫県 神戸市東灘区 岡本1-2-17 摂津本山二楽園ビル', 34.7270777312, 135.276772641, 1);
INSERT OR REPLACE INTO service_category_rel (service_id, category_id) VALUES ('STB_138', 'cat_cafe');
INSERT OR REPLACE INTO service_cafe_details (service_id, has_wifi) VALUES ('STB_138', 1);
INSERT OR REPLACE INTO services (service_id, brand_id, owner_id, plan_id, ext_place_id, ext_source, title, address, lat, lng, verification_level) VALUES ('STB_167', 'brand_starbucks', '01ARZ3NDEKTSV4RRFFQ69G5FAV', 'free', 'STB_OFFICIAL_167', 'starbucks_official', 'スターバックス コーヒー 明石ビブレ店', '兵庫県 明石市 大久保町ゆりのき通り 1-3-2  明石ビブレ', 34.6812269975, 134.938095657, 1);
INSERT OR REPLACE INTO service_category_rel (service_id, category_id) VALUES ('STB_167', 'cat_cafe');
INSERT OR REPLACE INTO service_cafe_details (service_id, has_wifi) VALUES ('STB_167', 1);
INSERT OR REPLACE INTO services (service_id, brand_id, owner_id, plan_id, ext_place_id, ext_source, title, address, lat, lng, verification_level) VALUES ('STB_186', 'brand_starbucks', '01ARZ3NDEKTSV4RRFFQ69G5FAV', 'free', 'STB_OFFICIAL_186', 'starbucks_official', 'スターバックス コーヒー 須磨大丸店', '兵庫県 神戸市須磨区 中落合2-2-4 大丸 須磨店', 34.6779831165, 135.093616502, 1);
INSERT OR REPLACE INTO service_category_rel (service_id, category_id) VALUES ('STB_186', 'cat_cafe');
INSERT OR REPLACE INTO service_cafe_details (service_id, has_wifi) VALUES ('STB_186', 1);
INSERT OR REPLACE INTO services (service_id, brand_id, owner_id, plan_id, ext_place_id, ext_source, title, address, lat, lng, verification_level) VALUES ('STB_256', 'brand_starbucks', '01ARZ3NDEKTSV4RRFFQ69G5FAV', 'free', 'STB_OFFICIAL_256', 'starbucks_official', 'スターバックス コーヒー 三宮ダイエー店', '兵庫県 神戸市中央区 雲井通6-1-15 三宮ダイエー', 34.6952241754, 135.196204966, 1);
INSERT OR REPLACE INTO service_category_rel (service_id, category_id) VALUES ('STB_256', 'cat_cafe');
INSERT OR REPLACE INTO service_cafe_details (service_id, has_wifi) VALUES ('STB_256', 1);
INSERT OR REPLACE INTO services (service_id, brand_id, owner_id, plan_id, ext_place_id, ext_source, title, address, lat, lng, verification_level) VALUES ('STB_263', 'brand_starbucks', '01ARZ3NDEKTSV4RRFFQ69G5FAV', 'free', 'STB_OFFICIAL_263', 'starbucks_official', 'スターバックス コーヒー 三宮生田新道店', '兵庫県 神戸市中央区 下山手通2-1-13 第１３シャルマンビル', 34.6930693147, 135.190979943, 1);
INSERT OR REPLACE INTO service_category_rel (service_id, category_id) VALUES ('STB_263', 'cat_cafe');
INSERT OR REPLACE INTO service_cafe_details (service_id, has_wifi) VALUES ('STB_263', 1);
INSERT OR REPLACE INTO services (service_id, brand_id, owner_id, plan_id, ext_place_id, ext_source, title, address, lat, lng, verification_level) VALUES ('STB_309', 'brand_starbucks', '01ARZ3NDEKTSV4RRFFQ69G5FAV', 'free', 'STB_OFFICIAL_309', 'starbucks_official', 'スターバックス コーヒー 神戸旧居留地店', '兵庫県 神戸市中央区 栄町通1-2-1 ＭＲＳＸビル', 34.6879884427, 135.189462803, 1);
INSERT OR REPLACE INTO service_category_rel (service_id, category_id) VALUES ('STB_309', 'cat_cafe');
INSERT OR REPLACE INTO service_cafe_details (service_id, has_wifi) VALUES ('STB_309', 1);
INSERT OR REPLACE INTO services (service_id, brand_id, owner_id, plan_id, ext_place_id, ext_source, title, address, lat, lng, verification_level) VALUES ('STB_426', 'brand_starbucks', '01ARZ3NDEKTSV4RRFFQ69G5FAV', 'free', 'STB_OFFICIAL_426', 'starbucks_official', 'スターバックス コーヒー イオンモール伊丹店', '兵庫県 伊丹市 藤ノ木1-1-1', 34.782201056, 135.422995459, 1);
INSERT OR REPLACE INTO service_category_rel (service_id, category_id) VALUES ('STB_426', 'cat_cafe');
INSERT OR REPLACE INTO service_cafe_details (service_id, has_wifi) VALUES ('STB_426', 1);
INSERT OR REPLACE INTO services (service_id, brand_id, owner_id, plan_id, ext_place_id, ext_source, title, address, lat, lng, verification_level) VALUES ('STB_468', 'brand_starbucks', '01ARZ3NDEKTSV4RRFFQ69G5FAV', 'free', 'STB_OFFICIAL_468', 'starbucks_official', 'スターバックス コーヒー エビスタ西宮店', '兵庫県 西宮市 田中町1-6 エビスタ西宮', 34.7367164012, 135.339165071, 1);
INSERT OR REPLACE INTO service_category_rel (service_id, category_id) VALUES ('STB_468', 'cat_cafe');
INSERT OR REPLACE INTO service_cafe_details (service_id, has_wifi) VALUES ('STB_468', 1);
INSERT OR REPLACE INTO services (service_id, brand_id, owner_id, plan_id, ext_place_id, ext_source, title, address, lat, lng, verification_level) VALUES ('STB_555', 'brand_starbucks', '01ARZ3NDEKTSV4RRFFQ69G5FAV', 'free', 'STB_OFFICIAL_555', 'starbucks_official', 'スターバックス コーヒー アクタ西宮店', '兵庫県 西宮市 北口町1-2 ACTA西宮 東館', 34.7473242117, 135.358285495, 1);
INSERT OR REPLACE INTO service_category_rel (service_id, category_id) VALUES ('STB_555', 'cat_cafe');
INSERT OR REPLACE INTO service_cafe_details (service_id, has_wifi) VALUES ('STB_555', 1);
INSERT OR REPLACE INTO services (service_id, brand_id, owner_id, plan_id, ext_place_id, ext_source, title, address, lat, lng, verification_level) VALUES ('STB_579', 'brand_starbucks', '01ARZ3NDEKTSV4RRFFQ69G5FAV', 'free', 'STB_OFFICIAL_579', 'starbucks_official', 'スターバックス コーヒー ららぽーと甲子園2階店', '兵庫県 西宮市 甲子園八番町1-100 ららぽーと甲子園2階', 34.7167859282, 135.364973846, 1);
INSERT OR REPLACE INTO service_category_rel (service_id, category_id) VALUES ('STB_579', 'cat_cafe');
INSERT OR REPLACE INTO service_cafe_details (service_id, has_wifi) VALUES ('STB_579', 1);
INSERT OR REPLACE INTO services (service_id, brand_id, owner_id, plan_id, ext_place_id, ext_source, title, address, lat, lng, verification_level) VALUES ('STB_586', 'brand_starbucks', '01ARZ3NDEKTSV4RRFFQ69G5FAV', 'free', 'STB_OFFICIAL_586', 'starbucks_official', 'スターバックス コーヒー イオンモール姫路大津店', '兵庫県 姫路市 大津区大津町2-5 イオンモール姫路大津', 34.8066941737, 134.606473254, 1);
INSERT OR REPLACE INTO service_category_rel (service_id, category_id) VALUES ('STB_586', 'cat_cafe');
INSERT OR REPLACE INTO service_cafe_details (service_id, has_wifi) VALUES ('STB_586', 1);
INSERT OR REPLACE INTO services (service_id, brand_id, owner_id, plan_id, ext_place_id, ext_source, title, address, lat, lng, verification_level) VALUES ('STB_676', 'brand_starbucks', '01ARZ3NDEKTSV4RRFFQ69G5FAV', 'free', 'STB_OFFICIAL_676', 'starbucks_official', 'スターバックス コーヒー 西宮鞍掛店', '兵庫県 西宮市 鞍掛町6-7', 34.7290847075, 135.338591026, 1);
INSERT OR REPLACE INTO service_category_rel (service_id, category_id) VALUES ('STB_676', 'cat_cafe');
INSERT OR REPLACE INTO service_cafe_details (service_id, has_wifi) VALUES ('STB_676', 1);
INSERT OR REPLACE INTO services (service_id, brand_id, owner_id, plan_id, ext_place_id, ext_source, title, address, lat, lng, verification_level) VALUES ('STB_683', 'brand_starbucks', '01ARZ3NDEKTSV4RRFFQ69G5FAV', 'free', 'STB_OFFICIAL_683', 'starbucks_official', 'スターバックス コーヒー 姫路飾磨店', '兵庫県 姫路市 飾磨区恵美酒236', 34.8037872858, 134.671420772, 1);
INSERT OR REPLACE INTO service_category_rel (service_id, category_id) VALUES ('STB_683', 'cat_cafe');
INSERT OR REPLACE INTO service_cafe_details (service_id, has_wifi) VALUES ('STB_683', 1);
INSERT OR REPLACE INTO services (service_id, brand_id, owner_id, plan_id, ext_place_id, ext_source, title, address, lat, lng, verification_level) VALUES ('STB_723', 'brand_starbucks', '01ARZ3NDEKTSV4RRFFQ69G5FAV', 'free', 'STB_OFFICIAL_723', 'starbucks_official', 'スターバックス コーヒー 神戸上津台店', '兵庫県 神戸市北区 上津台9-2-13', 34.8618458591, 135.199707558, 1);
INSERT OR REPLACE INTO service_category_rel (service_id, category_id) VALUES ('STB_723', 'cat_cafe');
INSERT OR REPLACE INTO service_cafe_details (service_id, has_wifi) VALUES ('STB_723', 1);
INSERT OR REPLACE INTO services (service_id, brand_id, owner_id, plan_id, ext_place_id, ext_source, title, address, lat, lng, verification_level) VALUES ('STB_766', 'brand_starbucks', '01ARZ3NDEKTSV4RRFFQ69G5FAV', 'free', 'STB_OFFICIAL_766', 'starbucks_official', 'スターバックス コーヒー 神戸垂水桃山台店', '兵庫県 神戸市垂水区 下畑町小川1400-12', 34.6619268422, 135.081370758, 1);
INSERT OR REPLACE INTO service_category_rel (service_id, category_id) VALUES ('STB_766', 'cat_cafe');
INSERT OR REPLACE INTO service_cafe_details (service_id, has_wifi) VALUES ('STB_766', 1);
INSERT OR REPLACE INTO services (service_id, brand_id, owner_id, plan_id, ext_place_id, ext_source, title, address, lat, lng, verification_level) VALUES ('STB_769', 'brand_starbucks', '01ARZ3NDEKTSV4RRFFQ69G5FAV', 'free', 'STB_OFFICIAL_769', 'starbucks_official', 'スターバックス コーヒー 神戸三田プレミアム・アウトレット店', '兵庫県 神戸市北区 上津台7-3 神戸三田プレミアム・アウトレット(120区)', 34.8618371215, 135.192413442, 1);
INSERT OR REPLACE INTO service_category_rel (service_id, category_id) VALUES ('STB_769', 'cat_cafe');
INSERT OR REPLACE INTO service_cafe_details (service_id, has_wifi) VALUES ('STB_769', 1);
INSERT OR REPLACE INTO services (service_id, brand_id, owner_id, plan_id, ext_place_id, ext_source, title, address, lat, lng, verification_level) VALUES ('STB_825', 'brand_starbucks', '01ARZ3NDEKTSV4RRFFQ69G5FAV', 'free', 'STB_OFFICIAL_825', 'starbucks_official', 'スターバックス コーヒー 三木サービスエリア(下り線)店', '兵庫県 三木市 加佐湯谷1142 三木サービスエリア(下り線)', 34.815445898, 134.981416157, 1);
INSERT OR REPLACE INTO service_category_rel (service_id, category_id) VALUES ('STB_825', 'cat_cafe');
INSERT OR REPLACE INTO service_cafe_details (service_id, has_wifi) VALUES ('STB_825', 1);
INSERT OR REPLACE INTO services (service_id, brand_id, owner_id, plan_id, ext_place_id, ext_source, title, address, lat, lng, verification_level) VALUES ('STB_827', 'brand_starbucks', '01ARZ3NDEKTSV4RRFFQ69G5FAV', 'free', 'STB_OFFICIAL_827', 'starbucks_official', 'スターバックス コーヒー 尼崎つかしん店', '兵庫県 尼崎市 塚口本町4-8-1 グンゼタウンセンターつかしん', 34.7615590412, 135.419790565, 1);
INSERT OR REPLACE INTO service_category_rel (service_id, category_id) VALUES ('STB_827', 'cat_cafe');
INSERT OR REPLACE INTO service_cafe_details (service_id, has_wifi) VALUES ('STB_827', 1);
INSERT OR REPLACE INTO services (service_id, brand_id, owner_id, plan_id, ext_place_id, ext_source, title, address, lat, lng, verification_level) VALUES ('STB_837', 'brand_starbucks', '01ARZ3NDEKTSV4RRFFQ69G5FAV', 'free', 'STB_OFFICIAL_837', 'starbucks_official', 'スターバックス コーヒー 三宮磯上通店', '兵庫県 神戸市中央区 磯上通7-1-19 PROGRESS KOBE', 34.6919900864, 135.196749792, 1);
INSERT OR REPLACE INTO service_category_rel (service_id, category_id) VALUES ('STB_837', 'cat_cafe');
INSERT OR REPLACE INTO service_cafe_details (service_id, has_wifi) VALUES ('STB_837', 1);
INSERT OR REPLACE INTO services (service_id, brand_id, owner_id, plan_id, ext_place_id, ext_source, title, address, lat, lng, verification_level) VALUES ('STB_839', 'brand_starbucks', '01ARZ3NDEKTSV4RRFFQ69G5FAV', 'free', 'STB_OFFICIAL_839', 'starbucks_official', 'スターバックス コーヒー 阪神御影クラッセ店', '兵庫県 神戸市東灘区 御影中町3-2-1 御影クラッセ', 34.7156810784, 135.255483823, 1);
INSERT OR REPLACE INTO service_category_rel (service_id, category_id) VALUES ('STB_839', 'cat_cafe');
INSERT OR REPLACE INTO service_cafe_details (service_id, has_wifi) VALUES ('STB_839', 1);
INSERT OR REPLACE INTO services (service_id, brand_id, owner_id, plan_id, ext_place_id, ext_source, title, address, lat, lng, verification_level) VALUES ('STB_920', 'brand_starbucks', '01ARZ3NDEKTSV4RRFFQ69G5FAV', 'free', 'STB_OFFICIAL_920', 'starbucks_official', 'スターバックス コーヒー 三木サービスエリア(上り線)店', '兵庫県 三木市 大村大門1067-110 三木サービスエリア(上り線)', 34.8178417285, 134.98002394, 1);
INSERT OR REPLACE INTO service_category_rel (service_id, category_id) VALUES ('STB_920', 'cat_cafe');
INSERT OR REPLACE INTO service_cafe_details (service_id, has_wifi) VALUES ('STB_920', 1);
INSERT OR REPLACE INTO services (service_id, brand_id, owner_id, plan_id, ext_place_id, ext_source, title, address, lat, lng, verification_level) VALUES ('STB_940', 'brand_starbucks', '01ARZ3NDEKTSV4RRFFQ69G5FAV', 'free', 'STB_OFFICIAL_940', 'starbucks_official', 'スターバックス コーヒー 神戸北野異人館店', '兵庫県 神戸市中央区 北野町3-1-31 北野物語館', 34.6999232913, 135.190265243, 1);
INSERT OR REPLACE INTO service_category_rel (service_id, category_id) VALUES ('STB_940', 'cat_cafe');
INSERT OR REPLACE INTO service_cafe_details (service_id, has_wifi) VALUES ('STB_940', 1);
INSERT OR REPLACE INTO services (service_id, brand_id, owner_id, plan_id, ext_place_id, ext_source, title, address, lat, lng, verification_level) VALUES ('STB_949', 'brand_starbucks', '01ARZ3NDEKTSV4RRFFQ69G5FAV', 'free', 'STB_OFFICIAL_949', 'starbucks_official', 'スターバックス コーヒー 淡路サービスエリア（下り線）店', '兵庫県 淡路市 岩屋2568 淡路サービスエリア（下り線）', 34.5842232005, 135.017273826, 1);
INSERT OR REPLACE INTO service_category_rel (service_id, category_id) VALUES ('STB_949', 'cat_cafe');
INSERT OR REPLACE INTO service_cafe_details (service_id, has_wifi) VALUES ('STB_949', 1);
INSERT OR REPLACE INTO services (service_id, brand_id, owner_id, plan_id, ext_place_id, ext_source, title, address, lat, lng, verification_level) VALUES ('STB_989', 'brand_starbucks', '01ARZ3NDEKTSV4RRFFQ69G5FAV', 'free', 'STB_OFFICIAL_989', 'starbucks_official', 'スターバックス コーヒー イオンモール伊丹昆陽店', '兵庫県 伊丹市 池尻4-1-1 イオンモール伊丹昆陽', 34.7847850587, 135.38172349, 1);
INSERT OR REPLACE INTO service_category_rel (service_id, category_id) VALUES ('STB_989', 'cat_cafe');
INSERT OR REPLACE INTO service_cafe_details (service_id, has_wifi) VALUES ('STB_989', 1);
INSERT OR REPLACE INTO services (service_id, brand_id, owner_id, plan_id, ext_place_id, ext_source, title, address, lat, lng, verification_level) VALUES ('STB_1091', 'brand_starbucks', '01ARZ3NDEKTSV4RRFFQ69G5FAV', 'free', 'STB_OFFICIAL_1091', 'starbucks_official', 'スターバックス コーヒー 神戸西舞子店', '兵庫県 神戸市垂水区 西舞子1-10-4', 34.6399340454, 135.02511922, 1);
INSERT OR REPLACE INTO service_category_rel (service_id, category_id) VALUES ('STB_1091', 'cat_cafe');
INSERT OR REPLACE INTO service_cafe_details (service_id, has_wifi) VALUES ('STB_1091', 1);
INSERT OR REPLACE INTO services (service_id, brand_id, owner_id, plan_id, ext_place_id, ext_source, title, address, lat, lng, verification_level) VALUES ('STB_1096', 'brand_starbucks', '01ARZ3NDEKTSV4RRFFQ69G5FAV', 'free', 'STB_OFFICIAL_1096', 'starbucks_official', 'スターバックス コーヒー ピオレ姫路ピオレ1(4階)店', '兵庫県 姫路市 駅前町188-1 ピオレ姫路 ピオレ1 4階', 34.8275889583, 134.690284776, 1);
INSERT OR REPLACE INTO service_category_rel (service_id, category_id) VALUES ('STB_1096', 'cat_cafe');
INSERT OR REPLACE INTO service_cafe_details (service_id, has_wifi) VALUES ('STB_1096', 1);
INSERT OR REPLACE INTO services (service_id, brand_id, owner_id, plan_id, ext_place_id, ext_source, title, address, lat, lng, verification_level) VALUES ('STB_1125', 'brand_starbucks', '01ARZ3NDEKTSV4RRFFQ69G5FAV', 'free', 'STB_OFFICIAL_1125', 'starbucks_official', 'スターバックス コーヒー 川西加茂店', '兵庫県 川西市 加茂6-2-22', 34.812000446, 135.411520596, 1);
INSERT OR REPLACE INTO service_category_rel (service_id, category_id) VALUES ('STB_1125', 'cat_cafe');
INSERT OR REPLACE INTO service_cafe_details (service_id, has_wifi) VALUES ('STB_1125', 1);
INSERT OR REPLACE INTO services (service_id, brand_id, owner_id, plan_id, ext_place_id, ext_source, title, address, lat, lng, verification_level) VALUES ('STB_1146', 'brand_starbucks', '01ARZ3NDEKTSV4RRFFQ69G5FAV', 'free', 'STB_OFFICIAL_1146', 'starbucks_official', 'スターバックス コーヒー 神戸ハーバーランドumie店', '兵庫県 神戸市中央区 東川崎町1-7-2 A201', 34.6791592609, 135.182236032, 1);
INSERT OR REPLACE INTO service_category_rel (service_id, category_id) VALUES ('STB_1146', 'cat_cafe');
INSERT OR REPLACE INTO service_cafe_details (service_id, has_wifi) VALUES ('STB_1146', 1);
INSERT OR REPLACE INTO services (service_id, brand_id, owner_id, plan_id, ext_place_id, ext_source, title, address, lat, lng, verification_level) VALUES ('STB_1147', 'brand_starbucks', '01ARZ3NDEKTSV4RRFFQ69G5FAV', 'free', 'STB_OFFICIAL_1147', 'starbucks_official', 'スターバックス コーヒー 加古川別府店', '兵庫県 加古川市 別府町朝日町11-1', 34.729890251, 134.849853523, 1);
INSERT OR REPLACE INTO service_category_rel (service_id, category_id) VALUES ('STB_1147', 'cat_cafe');
INSERT OR REPLACE INTO service_cafe_details (service_id, has_wifi) VALUES ('STB_1147', 1);
INSERT OR REPLACE INTO services (service_id, brand_id, owner_id, plan_id, ext_place_id, ext_source, title, address, lat, lng, verification_level) VALUES ('STB_1243', 'brand_starbucks', '01ARZ3NDEKTSV4RRFFQ69G5FAV', 'free', 'STB_OFFICIAL_1243', 'starbucks_official', 'スターバックス コーヒー ビエラ甲子園口店', '兵庫県 西宮市 甲子園口2-1-37', 34.738848191, 135.375173094, 1);
INSERT OR REPLACE INTO service_category_rel (service_id, category_id) VALUES ('STB_1243', 'cat_cafe');
INSERT OR REPLACE INTO service_cafe_details (service_id, has_wifi) VALUES ('STB_1243', 1);
INSERT OR REPLACE INTO services (service_id, brand_id, owner_id, plan_id, ext_place_id, ext_source, title, address, lat, lng, verification_level) VALUES ('STB_1272', 'brand_starbucks', '01ARZ3NDEKTSV4RRFFQ69G5FAV', 'free', 'STB_OFFICIAL_1272', 'starbucks_official', 'スターバックス コーヒー イオンモール姫路リバーシティー店', '兵庫県 姫路市 飾磨区細江2560', 34.7986711193, 134.668729564, 1);
INSERT OR REPLACE INTO service_category_rel (service_id, category_id) VALUES ('STB_1272', 'cat_cafe');
INSERT OR REPLACE INTO service_cafe_details (service_id, has_wifi) VALUES ('STB_1272', 1);
INSERT OR REPLACE INTO services (service_id, brand_id, owner_id, plan_id, ext_place_id, ext_source, title, address, lat, lng, verification_level) VALUES ('STB_1280', 'brand_starbucks', '01ARZ3NDEKTSV4RRFFQ69G5FAV', 'free', 'STB_OFFICIAL_1280', 'starbucks_official', 'スターバックス コーヒー 姫路南店', '兵庫県 姫路市 飾磨区三宅3-3', 34.8091763187, 134.680860295, 1);
INSERT OR REPLACE INTO service_category_rel (service_id, category_id) VALUES ('STB_1280', 'cat_cafe');
INSERT OR REPLACE INTO service_cafe_details (service_id, has_wifi) VALUES ('STB_1280', 1);
INSERT OR REPLACE INTO services (service_id, brand_id, owner_id, plan_id, ext_place_id, ext_source, title, address, lat, lng, verification_level) VALUES ('STB_1297', 'brand_starbucks', '01ARZ3NDEKTSV4RRFFQ69G5FAV', 'free', 'STB_OFFICIAL_1297', 'starbucks_official', 'スターバックス コーヒー イオンモール加西北条店', '兵庫県 加西市 北条町北条308-1', 34.9302440132, 134.829046303, 1);
INSERT OR REPLACE INTO service_category_rel (service_id, category_id) VALUES ('STB_1297', 'cat_cafe');
INSERT OR REPLACE INTO service_cafe_details (service_id, has_wifi) VALUES ('STB_1297', 1);
INSERT OR REPLACE INTO services (service_id, brand_id, owner_id, plan_id, ext_place_id, ext_source, title, address, lat, lng, verification_level) VALUES ('STB_1339', 'brand_starbucks', '01ARZ3NDEKTSV4RRFFQ69G5FAV', 'free', 'STB_OFFICIAL_1339', 'starbucks_official', 'スターバックス コーヒー ピオレ明石店', '兵庫県 明石市 大明石町1-1-23 ピオレ明石', 34.6490152841, 134.992617335, 1);
INSERT OR REPLACE INTO service_category_rel (service_id, category_id) VALUES ('STB_1339', 'cat_cafe');
INSERT OR REPLACE INTO service_cafe_details (service_id, has_wifi) VALUES ('STB_1339', 1);
INSERT OR REPLACE INTO services (service_id, brand_id, owner_id, plan_id, ext_place_id, ext_source, title, address, lat, lng, verification_level) VALUES ('STB_1372', 'brand_starbucks', '01ARZ3NDEKTSV4RRFFQ69G5FAV', 'free', 'STB_OFFICIAL_1372', 'starbucks_official', 'スターバックス コーヒー ビエラ塚口店', '兵庫県 尼崎市 上坂部1-1-1 ビエラ塚口', 34.7512505203, 135.425440848, 1);
INSERT OR REPLACE INTO service_category_rel (service_id, category_id) VALUES ('STB_1372', 'cat_cafe');
INSERT OR REPLACE INTO service_cafe_details (service_id, has_wifi) VALUES ('STB_1372', 1);
INSERT OR REPLACE INTO services (service_id, brand_id, owner_id, plan_id, ext_place_id, ext_source, title, address, lat, lng, verification_level) VALUES ('STB_1381', 'brand_starbucks', '01ARZ3NDEKTSV4RRFFQ69G5FAV', 'free', 'STB_OFFICIAL_1381', 'starbucks_official', 'スターバックス コーヒー 神戸ハーバーランドumie MOSAIC店', '兵庫県 神戸市中央区 東川崎町1-6-1 神戸ハーバーランドumie MOSAIC 2F', 34.6796970219, 135.184567481, 1);
INSERT OR REPLACE INTO service_category_rel (service_id, category_id) VALUES ('STB_1381', 'cat_cafe');
INSERT OR REPLACE INTO service_cafe_details (service_id, has_wifi) VALUES ('STB_1381', 1);
INSERT OR REPLACE INTO services (service_id, brand_id, owner_id, plan_id, ext_place_id, ext_source, title, address, lat, lng, verification_level) VALUES ('STB_1414', 'brand_starbucks', '01ARZ3NDEKTSV4RRFFQ69G5FAV', 'free', 'STB_OFFICIAL_1414', 'starbucks_official', 'スターバックス コーヒー 住吉リブ店', '兵庫県 神戸市東灘区 住吉本町1-2-1', 34.7195699328, 135.261420929, 1);
INSERT OR REPLACE INTO service_category_rel (service_id, category_id) VALUES ('STB_1414', 'cat_cafe');
INSERT OR REPLACE INTO service_cafe_details (service_id, has_wifi) VALUES ('STB_1414', 1);
INSERT OR REPLACE INTO services (service_id, brand_id, owner_id, plan_id, ext_place_id, ext_source, title, address, lat, lng, verification_level) VALUES ('STB_1419', 'brand_starbucks', '01ARZ3NDEKTSV4RRFFQ69G5FAV', 'free', 'STB_OFFICIAL_1419', 'starbucks_official', 'スターバックス コーヒー 中山寺店', '兵庫県 宝塚市 中筋8-11-58', 34.8140479137, 135.374499965, 1);
INSERT OR REPLACE INTO service_category_rel (service_id, category_id) VALUES ('STB_1419', 'cat_cafe');
INSERT OR REPLACE INTO service_cafe_details (service_id, has_wifi) VALUES ('STB_1419', 1);
INSERT OR REPLACE INTO services (service_id, brand_id, owner_id, plan_id, ext_place_id, ext_source, title, address, lat, lng, verification_level) VALUES ('STB_1432', 'brand_starbucks', '01ARZ3NDEKTSV4RRFFQ69G5FAV', 'free', 'STB_OFFICIAL_1432', 'starbucks_official', 'スターバックス コーヒー 神戸メリケンパーク店', '兵庫県 神戸市中央区 波止場町2-4', 34.6818282418, 135.187947935, 1);
INSERT OR REPLACE INTO service_category_rel (service_id, category_id) VALUES ('STB_1432', 'cat_cafe');
INSERT OR REPLACE INTO service_cafe_details (service_id, has_wifi) VALUES ('STB_1432', 1);
INSERT OR REPLACE INTO services (service_id, brand_id, owner_id, plan_id, ext_place_id, ext_source, title, address, lat, lng, verification_level) VALUES ('STB_1471', 'brand_starbucks', '01ARZ3NDEKTSV4RRFFQ69G5FAV', 'free', 'STB_OFFICIAL_1471', 'starbucks_official', 'スターバックス コーヒー ピオレ姫路ピオレ2(1階)店', '兵庫県 姫路市 豆腐町222 ピオレ姫路 ピオレ2 1階', 34.8271184292, 134.688918244, 1);
INSERT OR REPLACE INTO service_category_rel (service_id, category_id) VALUES ('STB_1471', 'cat_cafe');
INSERT OR REPLACE INTO service_cafe_details (service_id, has_wifi) VALUES ('STB_1471', 1);
INSERT OR REPLACE INTO services (service_id, brand_id, owner_id, plan_id, ext_place_id, ext_source, title, address, lat, lng, verification_level) VALUES ('STB_1566', 'brand_starbucks', '01ARZ3NDEKTSV4RRFFQ69G5FAV', 'free', 'STB_OFFICIAL_1566', 'starbucks_official', 'スターバックス コーヒー 阪神甲子園駅前店', '兵庫県 西宮市 甲子園高潮町4-3', 34.7236479289, 135.362502902, 1);
INSERT OR REPLACE INTO service_category_rel (service_id, category_id) VALUES ('STB_1566', 'cat_cafe');
INSERT OR REPLACE INTO service_cafe_details (service_id, has_wifi) VALUES ('STB_1566', 1);
INSERT OR REPLACE INTO services (service_id, brand_id, owner_id, plan_id, ext_place_id, ext_source, title, address, lat, lng, verification_level) VALUES ('STB_1605', 'brand_starbucks', '01ARZ3NDEKTSV4RRFFQ69G5FAV', 'free', 'STB_OFFICIAL_1605', 'starbucks_official', 'スターバックス コーヒー 明石魚住店', '兵庫県 明石市 魚住町清水463-3', 34.7050586586, 134.908780605, 1);
INSERT OR REPLACE INTO service_category_rel (service_id, category_id) VALUES ('STB_1605', 'cat_cafe');
INSERT OR REPLACE INTO service_cafe_details (service_id, has_wifi) VALUES ('STB_1605', 1);
INSERT OR REPLACE INTO services (service_id, brand_id, owner_id, plan_id, ext_place_id, ext_source, title, address, lat, lng, verification_level) VALUES ('STB_1617', 'brand_starbucks', '01ARZ3NDEKTSV4RRFFQ69G5FAV', 'free', 'STB_OFFICIAL_1617', 'starbucks_official', 'スターバックス コーヒー 神戸BAL店', '兵庫県 神戸市中央区 三宮町3-6-1', 34.6901926667, 135.190340407, 1);
INSERT OR REPLACE INTO service_category_rel (service_id, category_id) VALUES ('STB_1617', 'cat_cafe');
INSERT OR REPLACE INTO service_cafe_details (service_id, has_wifi) VALUES ('STB_1617', 1);
INSERT OR REPLACE INTO services (service_id, brand_id, owner_id, plan_id, ext_place_id, ext_source, title, address, lat, lng, verification_level) VALUES ('STB_1633', 'brand_starbucks', '01ARZ3NDEKTSV4RRFFQ69G5FAV', 'free', 'STB_OFFICIAL_1633', 'starbucks_official', 'スターバックス コーヒー ミント神戸店', '兵庫県 神戸市中央区 雲井通7-1-1 ミント神戸', 34.6944584218, 135.196078067, 1);
INSERT OR REPLACE INTO service_category_rel (service_id, category_id) VALUES ('STB_1633', 'cat_cafe');
INSERT OR REPLACE INTO service_cafe_details (service_id, has_wifi) VALUES ('STB_1633', 1);
INSERT OR REPLACE INTO services (service_id, brand_id, owner_id, plan_id, ext_place_id, ext_source, title, address, lat, lng, verification_level) VALUES ('STB_1717', 'brand_starbucks', '01ARZ3NDEKTSV4RRFFQ69G5FAV', 'free', 'STB_OFFICIAL_1717', 'starbucks_official', 'スターバックス コーヒー 阪急西宮ガーデンズ3階店', '兵庫県 西宮市 高松町14-2 阪急西宮ガーデンズ3階', 34.7435090879, 135.35964278, 1);
INSERT OR REPLACE INTO service_category_rel (service_id, category_id) VALUES ('STB_1717', 'cat_cafe');
INSERT OR REPLACE INTO service_cafe_details (service_id, has_wifi) VALUES ('STB_1717', 1);
INSERT OR REPLACE INTO services (service_id, brand_id, owner_id, plan_id, ext_place_id, ext_source, title, address, lat, lng, verification_level) VALUES ('STB_1718', 'brand_starbucks', '01ARZ3NDEKTSV4RRFFQ69G5FAV', 'free', 'STB_OFFICIAL_1718', 'starbucks_official', 'スターバックス コーヒー 学園都市キャンパススクェア店', '兵庫県 神戸市西区 学園西町1-4 キャンパススクェア', 34.6826372667, 135.057562337, 1);
INSERT OR REPLACE INTO service_category_rel (service_id, category_id) VALUES ('STB_1718', 'cat_cafe');
INSERT OR REPLACE INTO service_cafe_details (service_id, has_wifi) VALUES ('STB_1718', 1);
INSERT OR REPLACE INTO services (service_id, brand_id, owner_id, plan_id, ext_place_id, ext_source, title, address, lat, lng, verification_level) VALUES ('STB_1791', 'brand_starbucks', '01ARZ3NDEKTSV4RRFFQ69G5FAV', 'free', 'STB_OFFICIAL_1791', 'starbucks_official', 'スターバックス コーヒー 新三田桜のこみち公園店', '兵庫県 三田市 福島1－1', 34.9089559413, 135.206642313, 1);
INSERT OR REPLACE INTO service_category_rel (service_id, category_id) VALUES ('STB_1791', 'cat_cafe');
INSERT OR REPLACE INTO service_cafe_details (service_id, has_wifi) VALUES ('STB_1791', 1);
INSERT OR REPLACE INTO services (service_id, brand_id, owner_id, plan_id, ext_place_id, ext_source, title, address, lat, lng, verification_level) VALUES ('STB_1823', 'brand_starbucks', '01ARZ3NDEKTSV4RRFFQ69G5FAV', 'free', 'STB_OFFICIAL_1823', 'starbucks_official', 'スターバックス コーヒー あまがさきキューズモール店', '兵庫県 尼崎市 潮江1-3-1 あまがさきキューズモール', 34.7333925311, 135.431205914, 1);
INSERT OR REPLACE INTO service_category_rel (service_id, category_id) VALUES ('STB_1823', 'cat_cafe');
INSERT OR REPLACE INTO service_cafe_details (service_id, has_wifi) VALUES ('STB_1823', 1);
INSERT OR REPLACE INTO services (service_id, brand_id, owner_id, plan_id, ext_place_id, ext_source, title, address, lat, lng, verification_level) VALUES ('STB_1853', 'brand_starbucks', '01ARZ3NDEKTSV4RRFFQ69G5FAV', 'free', 'STB_OFFICIAL_1853', 'starbucks_official', 'スターバックス コーヒー 芦屋モンテメール店', '兵庫県 芦屋市 船戸町1-31 モンテメール', 34.7347993935, 135.307902478, 1);
INSERT OR REPLACE INTO service_category_rel (service_id, category_id) VALUES ('STB_1853', 'cat_cafe');
INSERT OR REPLACE INTO service_cafe_details (service_id, has_wifi) VALUES ('STB_1853', 1);
INSERT OR REPLACE INTO services (service_id, brand_id, owner_id, plan_id, ext_place_id, ext_source, title, address, lat, lng, verification_level) VALUES ('STB_1866', 'brand_starbucks', '01ARZ3NDEKTSV4RRFFQ69G5FAV', 'free', 'STB_OFFICIAL_1866', 'starbucks_official', 'スターバックス コーヒー EKIZO 神戸三宮店', '兵庫県 神戸市中央区 加納町4-2-1 神戸三宮阪急ビル', 34.6936142956, 135.193227509, 1);
INSERT OR REPLACE INTO service_category_rel (service_id, category_id) VALUES ('STB_1866', 'cat_cafe');
INSERT OR REPLACE INTO service_cafe_details (service_id, has_wifi) VALUES ('STB_1866', 1);
INSERT OR REPLACE INTO services (service_id, brand_id, owner_id, plan_id, ext_place_id, ext_source, title, address, lat, lng, verification_level) VALUES ('STB_2112', 'brand_starbucks', '01ARZ3NDEKTSV4RRFFQ69G5FAV', 'free', 'STB_OFFICIAL_2112', 'starbucks_official', 'スターバックス コーヒー TSUTAYA パークタウン加古川店', '兵庫県 加古川市 加古川町寺家町269-1 ミーツテラス', 34.7710555926, 134.835232564, 1);
INSERT OR REPLACE INTO service_category_rel (service_id, category_id) VALUES ('STB_2112', 'cat_cafe');
INSERT OR REPLACE INTO service_cafe_details (service_id, has_wifi) VALUES ('STB_2112', 1);
INSERT OR REPLACE INTO services (service_id, brand_id, owner_id, plan_id, ext_place_id, ext_source, title, address, lat, lng, verification_level) VALUES ('STB_2120', 'brand_starbucks', '01ARZ3NDEKTSV4RRFFQ69G5FAV', 'free', 'STB_OFFICIAL_2120', 'starbucks_official', 'スターバックス コーヒー 関西学院大学店', '兵庫県 西宮市 上ヶ原一番町1-155', 34.7675140686, 135.346505821, 1);
INSERT OR REPLACE INTO service_category_rel (service_id, category_id) VALUES ('STB_2120', 'cat_cafe');
INSERT OR REPLACE INTO service_cafe_details (service_id, has_wifi) VALUES ('STB_2120', 1);
INSERT OR REPLACE INTO services (service_id, brand_id, owner_id, plan_id, ext_place_id, ext_source, title, address, lat, lng, verification_level) VALUES ('STB_2236', 'brand_starbucks', '01ARZ3NDEKTSV4RRFFQ69G5FAV', 'free', 'STB_OFFICIAL_2236', 'starbucks_official', 'スターバックス コーヒー 神戸大学店', '兵庫県 神戸市灘区 六甲台町1-1', 34.7248269845, 135.236145286, 1);
INSERT OR REPLACE INTO service_category_rel (service_id, category_id) VALUES ('STB_2236', 'cat_cafe');
INSERT OR REPLACE INTO service_cafe_details (service_id, has_wifi) VALUES ('STB_2236', 0);
INSERT OR REPLACE INTO services (service_id, brand_id, owner_id, plan_id, ext_place_id, ext_source, title, address, lat, lng, verification_level) VALUES ('STB_2269', 'brand_starbucks', '01ARZ3NDEKTSV4RRFFQ69G5FAV', 'free', 'STB_OFFICIAL_2269', 'starbucks_official', 'スターバックス コーヒー TSUTAYA BOOKSTORE AVIX豊岡店', '兵庫県 豊岡市 大手町7-30', 35.545576843, 134.815155233, 1);
INSERT OR REPLACE INTO service_category_rel (service_id, category_id) VALUES ('STB_2269', 'cat_cafe');
INSERT OR REPLACE INTO service_cafe_details (service_id, has_wifi) VALUES ('STB_2269', 1);
INSERT OR REPLACE INTO services (service_id, brand_id, owner_id, plan_id, ext_place_id, ext_source, title, address, lat, lng, verification_level) VALUES ('STB_2338', 'brand_starbucks', '01ARZ3NDEKTSV4RRFFQ69G5FAV', 'free', 'STB_OFFICIAL_2338', 'starbucks_official', 'スターバックス コーヒー Olive LOUNGE 塚口店', '兵庫県 尼崎市 塚口町1-12-21 Olive LOUNGE 1階', 34.7536778562, 135.415008825, 1);
INSERT OR REPLACE INTO service_category_rel (service_id, category_id) VALUES ('STB_2338', 'cat_cafe');
INSERT OR REPLACE INTO service_cafe_details (service_id, has_wifi) VALUES ('STB_2338', 1);
INSERT OR REPLACE INTO services (service_id, brand_id, owner_id, plan_id, ext_place_id, ext_source, title, address, lat, lng, verification_level) VALUES ('STB_4008', 'brand_starbucks', '01ARZ3NDEKTSV4RRFFQ69G5FAV', 'free', 'STB_OFFICIAL_4008', 'starbucks_official', 'スターバックス コーヒー イオンモール神戸北店', '兵庫県 神戸市北区 上津台8-1-1 イオンモール神戸北', 34.8612380626, 135.19491104, 1);
INSERT OR REPLACE INTO service_category_rel (service_id, category_id) VALUES ('STB_4008', 'cat_cafe');
INSERT OR REPLACE INTO service_cafe_details (service_id, has_wifi) VALUES ('STB_4008', 1);
INSERT OR REPLACE INTO services (service_id, brand_id, owner_id, plan_id, ext_place_id, ext_source, title, address, lat, lng, verification_level) VALUES ('STB_4084', 'brand_starbucks', '01ARZ3NDEKTSV4RRFFQ69G5FAV', 'free', 'STB_OFFICIAL_4084', 'starbucks_official', 'スターバックス コーヒー 高砂小松原店', '兵庫県 高砂市 荒井町小松原4-1005', 34.7654245301, 134.803533511, 1);
INSERT OR REPLACE INTO service_category_rel (service_id, category_id) VALUES ('STB_4084', 'cat_cafe');
INSERT OR REPLACE INTO service_cafe_details (service_id, has_wifi) VALUES ('STB_4084', 1);
INSERT OR REPLACE INTO services (service_id, brand_id, owner_id, plan_id, ext_place_id, ext_source, title, address, lat, lng, verification_level) VALUES ('STB_4123', 'brand_starbucks', '01ARZ3NDEKTSV4RRFFQ69G5FAV', 'free', 'STB_OFFICIAL_4123', 'starbucks_official', 'スターバックス コーヒー 兵庫播磨店', '兵庫県 加古郡 播磨町南大中3-3-30', 34.7232179545, 134.868352571, 1);
INSERT OR REPLACE INTO service_category_rel (service_id, category_id) VALUES ('STB_4123', 'cat_cafe');
INSERT OR REPLACE INTO service_cafe_details (service_id, has_wifi) VALUES ('STB_4123', 1);
INSERT OR REPLACE INTO services (service_id, brand_id, owner_id, plan_id, ext_place_id, ext_source, title, address, lat, lng, verification_level) VALUES ('STB_4127', 'brand_starbucks', '01ARZ3NDEKTSV4RRFFQ69G5FAV', 'free', 'STB_OFFICIAL_4127', 'starbucks_official', 'スターバックス コーヒー 西宮建石店', '兵庫県 西宮市 建石町2-33', 34.7284655262, 135.33396255, 1);
INSERT OR REPLACE INTO service_category_rel (service_id, category_id) VALUES ('STB_4127', 'cat_cafe');
INSERT OR REPLACE INTO service_cafe_details (service_id, has_wifi) VALUES ('STB_4127', 1);
INSERT OR REPLACE INTO services (service_id, brand_id, owner_id, plan_id, ext_place_id, ext_source, title, address, lat, lng, verification_level) VALUES ('STB_4159', 'brand_starbucks', '01ARZ3NDEKTSV4RRFFQ69G5FAV', 'free', 'STB_OFFICIAL_4159', 'starbucks_official', 'スターバックス コーヒー 姫路市川橋通店', '兵庫県 姫路市 市川橋通1-20', 34.8281562237, 134.712132102, 1);
INSERT OR REPLACE INTO service_category_rel (service_id, category_id) VALUES ('STB_4159', 'cat_cafe');
INSERT OR REPLACE INTO service_cafe_details (service_id, has_wifi) VALUES ('STB_4159', 1);
INSERT OR REPLACE INTO services (service_id, brand_id, owner_id, plan_id, ext_place_id, ext_source, title, address, lat, lng, verification_level) VALUES ('STB_4183', 'brand_starbucks', '01ARZ3NDEKTSV4RRFFQ69G5FAV', 'free', 'STB_OFFICIAL_4183', 'starbucks_official', 'スターバックス コーヒー 三田キッピーモール店', '兵庫県 三田市 駅前町2-1 キッピーモール 2階', 34.8882154892, 135.228682271, 1);
INSERT OR REPLACE INTO service_category_rel (service_id, category_id) VALUES ('STB_4183', 'cat_cafe');
INSERT OR REPLACE INTO service_cafe_details (service_id, has_wifi) VALUES ('STB_4183', 1);
INSERT OR REPLACE INTO services (service_id, brand_id, owner_id, plan_id, ext_place_id, ext_source, title, address, lat, lng, verification_level) VALUES ('STB_4247', 'brand_starbucks', '01ARZ3NDEKTSV4RRFFQ69G5FAV', 'free', 'STB_OFFICIAL_4247', 'starbucks_official', 'スターバックス コーヒー PLiCO垂水店', '兵庫県 神戸市垂水区 神田町1-17 プリコ垂水南館2階', 34.6291229231, 135.053693734, 1);
INSERT OR REPLACE INTO service_category_rel (service_id, category_id) VALUES ('STB_4247', 'cat_cafe');
INSERT OR REPLACE INTO service_cafe_details (service_id, has_wifi) VALUES ('STB_4247', 1);
INSERT OR REPLACE INTO services (service_id, brand_id, owner_id, plan_id, ext_place_id, ext_source, title, address, lat, lng, verification_level) VALUES ('STB_4256', 'brand_starbucks', '01ARZ3NDEKTSV4RRFFQ69G5FAV', 'free', 'STB_OFFICIAL_4256', 'starbucks_official', 'スターバックス コーヒー 須磨海浜公園店', '兵庫県 神戸市須磨区 須磨浦通1-1-3 須磨海浜公園 松の社ヴィレッジA棟1階', 34.6438861814, 135.123901112, 1);
INSERT OR REPLACE INTO service_category_rel (service_id, category_id) VALUES ('STB_4256', 'cat_cafe');
INSERT OR REPLACE INTO service_cafe_details (service_id, has_wifi) VALUES ('STB_4256', 1);
INSERT OR REPLACE INTO services (service_id, brand_id, owner_id, plan_id, ext_place_id, ext_source, title, address, lat, lng, verification_level) VALUES ('STB_4305', 'brand_starbucks', '01ARZ3NDEKTSV4RRFFQ69G5FAV', 'free', 'STB_OFFICIAL_4305', 'starbucks_official', 'スターバックス コーヒー 西宮大島店', '兵庫県 西宮市 大島町6-16', 34.7627327293, 135.36777372, 1);
INSERT OR REPLACE INTO service_category_rel (service_id, category_id) VALUES ('STB_4305', 'cat_cafe');
INSERT OR REPLACE INTO service_cafe_details (service_id, has_wifi) VALUES ('STB_4305', 1);
INSERT OR REPLACE INTO services (service_id, brand_id, owner_id, plan_id, ext_place_id, ext_source, title, address, lat, lng, verification_level) VALUES ('STB_4317', 'brand_starbucks', '01ARZ3NDEKTSV4RRFFQ69G5FAV', 'free', 'STB_OFFICIAL_4317', 'starbucks_official', 'スターバックス コーヒー プレンティ西神中央店', '兵庫県 神戸市西区 糀台5-6-1 プレンティ 二番館2階', 34.7189907492, 135.018365585, 1);
INSERT OR REPLACE INTO service_category_rel (service_id, category_id) VALUES ('STB_4317', 'cat_cafe');
INSERT OR REPLACE INTO service_cafe_details (service_id, has_wifi) VALUES ('STB_4317', 1);
INSERT OR REPLACE INTO services (service_id, brand_id, owner_id, plan_id, ext_place_id, ext_source, title, address, lat, lng, verification_level) VALUES ('STB_4345', 'brand_starbucks', '01ARZ3NDEKTSV4RRFFQ69G5FAV', 'free', 'STB_OFFICIAL_4345', 'starbucks_official', 'スターバックス コーヒー 宝塚安倉店', '兵庫県 宝塚市 安倉西4-610', 34.7921225343, 135.377549888, 1);
INSERT OR REPLACE INTO service_category_rel (service_id, category_id) VALUES ('STB_4345', 'cat_cafe');
INSERT OR REPLACE INTO service_cafe_details (service_id, has_wifi) VALUES ('STB_4345', 1);
INSERT OR REPLACE INTO services (service_id, brand_id, owner_id, plan_id, ext_place_id, ext_source, title, address, lat, lng, verification_level) VALUES ('STB_4377', 'brand_starbucks', '01ARZ3NDEKTSV4RRFFQ69G5FAV', 'free', 'STB_OFFICIAL_4377', 'starbucks_official', 'スターバックス コーヒー スターバックス ティー＆カフェ 阪急西宮ガーデンズ4階店', '兵庫県 西宮市 高松町14-2 阪急西宮ガーデンズ4階', 34.7443954028, 135.360833474, 1);
INSERT OR REPLACE INTO service_category_rel (service_id, category_id) VALUES ('STB_4377', 'cat_cafe');
INSERT OR REPLACE INTO service_cafe_details (service_id, has_wifi) VALUES ('STB_4377', 1);
INSERT OR REPLACE INTO services (service_id, brand_id, owner_id, plan_id, ext_place_id, ext_source, title, address, lat, lng, verification_level) VALUES ('STB_4406', 'brand_starbucks', '01ARZ3NDEKTSV4RRFFQ69G5FAV', 'free', 'STB_OFFICIAL_4406', 'starbucks_official', 'スターバックス コーヒー 三井アウトレットパーク マリンピア神戸店', '兵庫県 神戸市垂水区 海岸通12-2 三井アウトレットパーク マリンピア神戸', 34.6254546041, 135.047959101, 1);
INSERT OR REPLACE INTO service_category_rel (service_id, category_id) VALUES ('STB_4406', 'cat_cafe');
INSERT OR REPLACE INTO service_cafe_details (service_id, has_wifi) VALUES ('STB_4406', 1);
INSERT OR REPLACE INTO services (service_id, brand_id, owner_id, plan_id, ext_place_id, ext_source, title, address, lat, lng, verification_level) VALUES ('STB_4435', 'brand_starbucks', '01ARZ3NDEKTSV4RRFFQ69G5FAV', 'free', 'STB_OFFICIAL_4435', 'starbucks_official', 'スターバックス コーヒー PLiCO神戸店', '兵庫県 神戸市中央区 相生町3-1-1 PLiCO神戸1階', 34.6790575361, 135.178284976, 1);
INSERT OR REPLACE INTO service_category_rel (service_id, category_id) VALUES ('STB_4435', 'cat_cafe');
INSERT OR REPLACE INTO service_cafe_details (service_id, has_wifi) VALUES ('STB_4435', 1);
INSERT OR REPLACE INTO services (service_id, brand_id, owner_id, plan_id, ext_place_id, ext_source, title, address, lat, lng, verification_level) VALUES ('STB_4504', 'brand_starbucks', '01ARZ3NDEKTSV4RRFFQ69G5FAV', 'free', 'STB_OFFICIAL_4504', 'starbucks_official', 'スターバックス コーヒー クレフィ三宮店', '兵庫県 神戸市中央区 三宮町1-4-3 クレフィ三宮2階', 34.6910645676, 135.193185964, 1);
INSERT OR REPLACE INTO service_category_rel (service_id, category_id) VALUES ('STB_4504', 'cat_cafe');
INSERT OR REPLACE INTO service_cafe_details (service_id, has_wifi) VALUES ('STB_4504', 1);
INSERT OR REPLACE INTO services (service_id, brand_id, owner_id, plan_id, ext_place_id, ext_source, title, address, lat, lng, verification_level) VALUES ('STB_4513', 'brand_starbucks', '01ARZ3NDEKTSV4RRFFQ69G5FAV', 'free', 'STB_OFFICIAL_4513', 'starbucks_official', 'スターバックス コーヒー 尼崎立花店', '兵庫県 尼崎市 立花町3-12-6', 34.7435931015, 135.399103388, 1);
INSERT OR REPLACE INTO service_category_rel (service_id, category_id) VALUES ('STB_4513', 'cat_cafe');
INSERT OR REPLACE INTO service_cafe_details (service_id, has_wifi) VALUES ('STB_4513', 1);
INSERT OR REPLACE INTO services (service_id, brand_id, owner_id, plan_id, ext_place_id, ext_source, title, address, lat, lng, verification_level) VALUES ('STB_4537', 'brand_starbucks', '01ARZ3NDEKTSV4RRFFQ69G5FAV', 'free', 'STB_OFFICIAL_4537', 'starbucks_official', 'スターバックス コーヒー 川西阪急スクエア店', '兵庫県 川西市 栄町26-1 川西阪急スクエア2階', 34.8265455661, 135.412046827, 1);
INSERT OR REPLACE INTO service_category_rel (service_id, category_id) VALUES ('STB_4537', 'cat_cafe');
INSERT OR REPLACE INTO service_cafe_details (service_id, has_wifi) VALUES ('STB_4537', 1);
INSERT OR REPLACE INTO services (service_id, brand_id, owner_id, plan_id, ext_place_id, ext_source, title, address, lat, lng, verification_level) VALUES ('STB_4588', 'brand_starbucks', '01ARZ3NDEKTSV4RRFFQ69G5FAV', 'free', 'STB_OFFICIAL_4588', 'starbucks_official', 'スターバックス コーヒー ららぽーと甲子園1階店', '兵庫県 西宮市 甲子園八番町1-100 ららぽーと甲子園1階', 34.7192706348, 135.363389974, 1);
INSERT OR REPLACE INTO service_category_rel (service_id, category_id) VALUES ('STB_4588', 'cat_cafe');
INSERT OR REPLACE INTO service_cafe_details (service_id, has_wifi) VALUES ('STB_4588', 1);
INSERT OR REPLACE INTO services (service_id, brand_id, owner_id, plan_id, ext_place_id, ext_source, title, address, lat, lng, verification_level) VALUES ('STB_4610', 'brand_starbucks', '01ARZ3NDEKTSV4RRFFQ69G5FAV', 'free', 'STB_OFFICIAL_4610', 'starbucks_official', 'スターバックス コーヒー そよら西宮今津店', '兵庫県 西宮市 浜松原町21-1 そよら西宮今津1階', 34.7257021522, 135.346521356, 1);
INSERT OR REPLACE INTO service_category_rel (service_id, category_id) VALUES ('STB_4610', 'cat_cafe');
INSERT OR REPLACE INTO service_cafe_details (service_id, has_wifi) VALUES ('STB_4610', 1);
INSERT OR REPLACE INTO services (service_id, brand_id, owner_id, plan_id, ext_place_id, ext_source, title, address, lat, lng, verification_level) VALUES ('STB_4619', 'brand_starbucks', '01ARZ3NDEKTSV4RRFFQ69G5FAV', 'free', 'STB_OFFICIAL_4619', 'starbucks_official', 'スターバックス コーヒー スターバックス ティー＆カフェ ピオレ姫路(地下1階)店', '兵庫県 姫路市 駅前町188-1 ピオレ姫路 ピオレ1 地下1階', 34.8273620543, 134.691211376, 1);
INSERT OR REPLACE INTO service_category_rel (service_id, category_id) VALUES ('STB_4619', 'cat_cafe');
INSERT OR REPLACE INTO service_cafe_details (service_id, has_wifi) VALUES ('STB_4619', 1);
INSERT OR REPLACE INTO services (service_id, brand_id, owner_id, plan_id, ext_place_id, ext_source, title, address, lat, lng, verification_level) VALUES ('STB_226', 'brand_starbucks', '01ARZ3NDEKTSV4RRFFQ69G5FAV', 'free', 'STB_OFFICIAL_226', 'starbucks_official', 'スターバックス コーヒー 奈良学園前駅店', '奈良県 奈良市 学園南3-1-5 奈良西部会館 1F', 34.6968845113, 135.750391642, 1);
INSERT OR REPLACE INTO service_category_rel (service_id, category_id) VALUES ('STB_226', 'cat_cafe');
INSERT OR REPLACE INTO service_cafe_details (service_id, has_wifi) VALUES ('STB_226', 1);
INSERT OR REPLACE INTO services (service_id, brand_id, owner_id, plan_id, ext_place_id, ext_source, title, address, lat, lng, verification_level) VALUES ('STB_399', 'brand_starbucks', '01ARZ3NDEKTSV4RRFFQ69G5FAV', 'free', 'STB_OFFICIAL_399', 'starbucks_official', 'スターバックス コーヒー 奈良西大寺駅前店', '奈良県 奈良市 西大寺東町2-1-63 サンワシティ西大寺', 34.6942512025, 135.783378469, 1);
INSERT OR REPLACE INTO service_category_rel (service_id, category_id) VALUES ('STB_399', 'cat_cafe');
INSERT OR REPLACE INTO service_cafe_details (service_id, has_wifi) VALUES ('STB_399', 1);
INSERT OR REPLACE INTO services (service_id, brand_id, owner_id, plan_id, ext_place_id, ext_source, title, address, lat, lng, verification_level) VALUES ('STB_544', 'brand_starbucks', '01ARZ3NDEKTSV4RRFFQ69G5FAV', 'free', 'STB_OFFICIAL_544', 'starbucks_official', 'スターバックス コーヒー イオンモール橿原店', '奈良県 橿原市 曲川町7-20-1-102', 34.505329088, 135.761776462, 1);
INSERT OR REPLACE INTO service_category_rel (service_id, category_id) VALUES ('STB_544', 'cat_cafe');
INSERT OR REPLACE INTO service_cafe_details (service_id, has_wifi) VALUES ('STB_544', 1);
INSERT OR REPLACE INTO services (service_id, brand_id, owner_id, plan_id, ext_place_id, ext_source, title, address, lat, lng, verification_level) VALUES ('STB_556', 'brand_starbucks', '01ARZ3NDEKTSV4RRFFQ69G5FAV', 'free', 'STB_OFFICIAL_556', 'starbucks_official', 'スターバックス コーヒー 大和郡山アピタ店', '奈良県 大和郡山市 田中町宮西517 アピタ大和郡山店', 34.6414204959, 135.769278739, 1);
INSERT OR REPLACE INTO service_category_rel (service_id, category_id) VALUES ('STB_556', 'cat_cafe');
INSERT OR REPLACE INTO service_cafe_details (service_id, has_wifi) VALUES ('STB_556', 1);
INSERT OR REPLACE INTO services (service_id, brand_id, owner_id, plan_id, ext_place_id, ext_source, title, address, lat, lng, verification_level) VALUES ('STB_786', 'brand_starbucks', '01ARZ3NDEKTSV4RRFFQ69G5FAV', 'free', 'STB_OFFICIAL_786', 'starbucks_official', 'スターバックス コーヒー 大和高田店', '奈良県 大和高田市 神楽281-4', 34.5282343807, 135.743862728, 1);
INSERT OR REPLACE INTO service_category_rel (service_id, category_id) VALUES ('STB_786', 'cat_cafe');
INSERT OR REPLACE INTO service_cafe_details (service_id, has_wifi) VALUES ('STB_786', 1);
INSERT OR REPLACE INTO services (service_id, brand_id, owner_id, plan_id, ext_place_id, ext_source, title, address, lat, lng, verification_level) VALUES ('STB_816', 'brand_starbucks', '01ARZ3NDEKTSV4RRFFQ69G5FAV', 'free', 'STB_OFFICIAL_816', 'starbucks_official', 'スターバックス コーヒー 橿原中和幹線葛本店', '奈良県 橿原市 葛本町789-１', 34.5205612923, 135.80631845, 1);
INSERT OR REPLACE INTO service_category_rel (service_id, category_id) VALUES ('STB_816', 'cat_cafe');
INSERT OR REPLACE INTO service_cafe_details (service_id, has_wifi) VALUES ('STB_816', 1);
INSERT OR REPLACE INTO services (service_id, brand_id, owner_id, plan_id, ext_place_id, ext_source, title, address, lat, lng, verification_level) VALUES ('STB_882', 'brand_starbucks', '01ARZ3NDEKTSV4RRFFQ69G5FAV', 'free', 'STB_OFFICIAL_882', 'starbucks_official', 'スターバックス コーヒー 奈良西大和ニュータウン店', '奈良県 北葛城郡 河合町薬井476-4', 34.5897958479, 135.711844775, 1);
INSERT OR REPLACE INTO service_category_rel (service_id, category_id) VALUES ('STB_882', 'cat_cafe');
INSERT OR REPLACE INTO service_cafe_details (service_id, has_wifi) VALUES ('STB_882', 1);
INSERT OR REPLACE INTO services (service_id, brand_id, owner_id, plan_id, ext_place_id, ext_source, title, address, lat, lng, verification_level) VALUES ('STB_1187', 'brand_starbucks', '01ARZ3NDEKTSV4RRFFQ69G5FAV', 'free', 'STB_OFFICIAL_1187', 'starbucks_official', 'スターバックス コーヒー イオンモール大和郡山店', '奈良県 大和郡山市 下三橋町741 イオンモール大和郡山', 34.6502406865, 135.802391972, 1);
INSERT OR REPLACE INTO service_category_rel (service_id, category_id) VALUES ('STB_1187', 'cat_cafe');
INSERT OR REPLACE INTO service_cafe_details (service_id, has_wifi) VALUES ('STB_1187', 1);
INSERT OR REPLACE INTO services (service_id, brand_id, owner_id, plan_id, ext_place_id, ext_source, title, address, lat, lng, verification_level) VALUES ('STB_1329', 'brand_starbucks', '01ARZ3NDEKTSV4RRFFQ69G5FAV', 'free', 'STB_OFFICIAL_1329', 'starbucks_official', 'スターバックス コーヒー 北生駒ならやま大通り店', '奈良県 生駒市 上町3420-1', 34.724493818, 135.720733945, 1);
INSERT OR REPLACE INTO service_category_rel (service_id, category_id) VALUES ('STB_1329', 'cat_cafe');
INSERT OR REPLACE INTO service_cafe_details (service_id, has_wifi) VALUES ('STB_1329', 1);
INSERT OR REPLACE INTO services (service_id, brand_id, owner_id, plan_id, ext_place_id, ext_source, title, address, lat, lng, verification_level) VALUES ('STB_1349', 'brand_starbucks', '01ARZ3NDEKTSV4RRFFQ69G5FAV', 'free', 'STB_OFFICIAL_1349', 'starbucks_official', 'スターバックス コーヒー 奈良公園バスターミナル店', '奈良県 奈良市 登大路町76 奈良公園バスターミナル2階', 34.6847517239, 135.834568266, 1);
INSERT OR REPLACE INTO service_category_rel (service_id, category_id) VALUES ('STB_1349', 'cat_cafe');
INSERT OR REPLACE INTO service_cafe_details (service_id, has_wifi) VALUES ('STB_1349', 1);
INSERT OR REPLACE INTO services (service_id, brand_id, owner_id, plan_id, ext_place_id, ext_source, title, address, lat, lng, verification_level) VALUES ('STB_1377', 'brand_starbucks', '01ARZ3NDEKTSV4RRFFQ69G5FAV', 'free', 'STB_OFFICIAL_1377', 'starbucks_official', 'スターバックス コーヒー JR奈良駅旧駅舎店', '奈良県 奈良市 三条本町1082 奈良市総合観光案内所', 34.6817884494, 135.819794907, 1);
INSERT OR REPLACE INTO service_category_rel (service_id, category_id) VALUES ('STB_1377', 'cat_cafe');
INSERT OR REPLACE INTO service_cafe_details (service_id, has_wifi) VALUES ('STB_1377', 1);
INSERT OR REPLACE INTO services (service_id, brand_id, owner_id, plan_id, ext_place_id, ext_source, title, address, lat, lng, verification_level) VALUES ('STB_1514', 'brand_starbucks', '01ARZ3NDEKTSV4RRFFQ69G5FAV', 'free', 'STB_OFFICIAL_1514', 'starbucks_official', 'スターバックス コーヒー 奈良鴻ノ池運動公園店', '奈良県 奈良市 法蓮佐保山4-1703-1', 34.6961050895, 135.826428697, 1);
INSERT OR REPLACE INTO service_category_rel (service_id, category_id) VALUES ('STB_1514', 'cat_cafe');
INSERT OR REPLACE INTO service_cafe_details (service_id, has_wifi) VALUES ('STB_1514', 1);
INSERT OR REPLACE INTO services (service_id, brand_id, owner_id, plan_id, ext_place_id, ext_source, title, address, lat, lng, verification_level) VALUES ('STB_1766', 'brand_starbucks', '01ARZ3NDEKTSV4RRFFQ69G5FAV', 'free', 'STB_OFFICIAL_1766', 'starbucks_official', 'スターバックス コーヒー 奈良猿沢池店', '奈良県 奈良市 樽井町1', 34.6817166942, 135.830190714, 1);
INSERT OR REPLACE INTO service_category_rel (service_id, category_id) VALUES ('STB_1766', 'cat_cafe');
INSERT OR REPLACE INTO service_cafe_details (service_id, has_wifi) VALUES ('STB_1766', 1);
INSERT OR REPLACE INTO services (service_id, brand_id, owner_id, plan_id, ext_place_id, ext_source, title, address, lat, lng, verification_level) VALUES ('STB_1876', 'brand_starbucks', '01ARZ3NDEKTSV4RRFFQ69G5FAV', 'free', 'STB_OFFICIAL_1876', 'starbucks_official', 'スターバックス コーヒー イオンモール奈良登美ヶ丘店', '奈良県 生駒市 鹿畑町3027 イオンモール奈良登美ヶ丘', 34.7260750132, 135.751137181, 1);
INSERT OR REPLACE INTO service_category_rel (service_id, category_id) VALUES ('STB_1876', 'cat_cafe');
INSERT OR REPLACE INTO service_cafe_details (service_id, has_wifi) VALUES ('STB_1876', 1);
INSERT OR REPLACE INTO services (service_id, brand_id, owner_id, plan_id, ext_place_id, ext_source, title, address, lat, lng, verification_level) VALUES ('STB_2147', 'brand_starbucks', '01ARZ3NDEKTSV4RRFFQ69G5FAV', 'free', 'STB_OFFICIAL_2147', 'starbucks_official', 'スターバックス コーヒー 奈良 蔦屋書店', '奈良県 奈良市 三条大路1-691-1', 34.6823686835, 135.804942503, 1);
INSERT OR REPLACE INTO service_category_rel (service_id, category_id) VALUES ('STB_2147', 'cat_cafe');
INSERT OR REPLACE INTO service_cafe_details (service_id, has_wifi) VALUES ('STB_2147', 0);
INSERT OR REPLACE INTO services (service_id, brand_id, owner_id, plan_id, ext_place_id, ext_source, title, address, lat, lng, verification_level) VALUES ('STB_4094', 'brand_starbucks', '01ARZ3NDEKTSV4RRFFQ69G5FAV', 'free', 'STB_OFFICIAL_4094', 'starbucks_official', 'スターバックス コーヒー 橿原中和幹線常盤店', '奈良県 橿原市 常盤町549-1', 34.5212952381, 135.814071384, 1);
INSERT OR REPLACE INTO service_category_rel (service_id, category_id) VALUES ('STB_4094', 'cat_cafe');
INSERT OR REPLACE INTO service_cafe_details (service_id, has_wifi) VALUES ('STB_4094', 1);
INSERT OR REPLACE INTO services (service_id, brand_id, owner_id, plan_id, ext_place_id, ext_source, title, address, lat, lng, verification_level) VALUES ('STB_4235', 'brand_starbucks', '01ARZ3NDEKTSV4RRFFQ69G5FAV', 'free', 'STB_OFFICIAL_4235', 'starbucks_official', 'スターバックス コーヒー 大和高田市役所通り店', '奈良県 大和高田市 大中100-1', 34.5150334377, 135.736265078, 1);
INSERT OR REPLACE INTO service_category_rel (service_id, category_id) VALUES ('STB_4235', 'cat_cafe');
INSERT OR REPLACE INTO service_cafe_details (service_id, has_wifi) VALUES ('STB_4235', 1);
INSERT OR REPLACE INTO services (service_id, brand_id, owner_id, plan_id, ext_place_id, ext_source, title, address, lat, lng, verification_level) VALUES ('STB_4241', 'brand_starbucks', '01ARZ3NDEKTSV4RRFFQ69G5FAV', 'free', 'STB_OFFICIAL_4241', 'starbucks_official', 'スターバックス コーヒー ならファミリー店', '奈良県 奈良市 西大寺東町2-4-1 ならファミリー 2階', 34.6943465045, 135.785344968, 1);
INSERT OR REPLACE INTO service_category_rel (service_id, category_id) VALUES ('STB_4241', 'cat_cafe');
INSERT OR REPLACE INTO service_cafe_details (service_id, has_wifi) VALUES ('STB_4241', 1);
INSERT OR REPLACE INTO services (service_id, brand_id, owner_id, plan_id, ext_place_id, ext_source, title, address, lat, lng, verification_level) VALUES ('STB_4245', 'brand_starbucks', '01ARZ3NDEKTSV4RRFFQ69G5FAV', 'free', 'STB_OFFICIAL_4245', 'starbucks_official', 'スターバックス コーヒー 奈良葛城店', '奈良県 葛城市 柿本91-3', 34.4903735342, 135.733906687, 1);
INSERT OR REPLACE INTO service_category_rel (service_id, category_id) VALUES ('STB_4245', 'cat_cafe');
INSERT OR REPLACE INTO service_cafe_details (service_id, has_wifi) VALUES ('STB_4245', 1);
INSERT OR REPLACE INTO services (service_id, brand_id, owner_id, plan_id, ext_place_id, ext_source, title, address, lat, lng, verification_level) VALUES ('STB_4276', 'brand_starbucks', '01ARZ3NDEKTSV4RRFFQ69G5FAV', 'free', 'STB_OFFICIAL_4276', 'starbucks_official', 'スターバックス コーヒー イオンモール大和郡山 中央コート店', '奈良県 大和郡山市 下三橋町741 イオンモール大和郡山', 34.6507809086, 135.802516103, 1);
INSERT OR REPLACE INTO service_category_rel (service_id, category_id) VALUES ('STB_4276', 'cat_cafe');
INSERT OR REPLACE INTO service_cafe_details (service_id, has_wifi) VALUES ('STB_4276', 1);
INSERT OR REPLACE INTO services (service_id, brand_id, owner_id, plan_id, ext_place_id, ext_source, title, address, lat, lng, verification_level) VALUES ('STB_4436', 'brand_starbucks', '01ARZ3NDEKTSV4RRFFQ69G5FAV', 'free', 'STB_OFFICIAL_4436', 'starbucks_official', 'スターバックス コーヒー 奈良香芝店', '奈良県 香芝市 逢坂7-130-1', 34.5508444194, 135.693698353, 1);
INSERT OR REPLACE INTO service_category_rel (service_id, category_id) VALUES ('STB_4436', 'cat_cafe');
INSERT OR REPLACE INTO service_cafe_details (service_id, has_wifi) VALUES ('STB_4436', 1);
INSERT OR REPLACE INTO services (service_id, brand_id, owner_id, plan_id, ext_place_id, ext_source, title, address, lat, lng, verification_level) VALUES ('STB_4470', 'brand_starbucks', '01ARZ3NDEKTSV4RRFFQ69G5FAV', 'free', 'STB_OFFICIAL_4470', 'starbucks_official', 'スターバックス コーヒー イオンモール橿原 ウエスト・ビレッジ店', '奈良県 橿原市 新堂町357-1 イオンモール橿原 ウェスト・ビレッジ', 34.5036278468, 135.759814203, 1);
INSERT OR REPLACE INTO service_category_rel (service_id, category_id) VALUES ('STB_4470', 'cat_cafe');
INSERT OR REPLACE INTO service_cafe_details (service_id, has_wifi) VALUES ('STB_4470', 1);
INSERT OR REPLACE INTO services (service_id, brand_id, owner_id, plan_id, ext_place_id, ext_source, title, address, lat, lng, verification_level) VALUES ('STB_587', 'brand_starbucks', '01ARZ3NDEKTSV4RRFFQ69G5FAV', 'free', 'STB_OFFICIAL_587', 'starbucks_official', 'スターバックス コーヒー ガーデンパーク和歌山店', '和歌山県 和歌山市 松江向鵜ノ島1469-1 ガーデンパーク和歌山', 34.23885752, 135.153466196, 1);
INSERT OR REPLACE INTO service_category_rel (service_id, category_id) VALUES ('STB_587', 'cat_cafe');
INSERT OR REPLACE INTO service_cafe_details (service_id, has_wifi) VALUES ('STB_587', 1);
INSERT OR REPLACE INTO services (service_id, brand_id, owner_id, plan_id, ext_place_id, ext_source, title, address, lat, lng, verification_level) VALUES ('STB_1029', 'brand_starbucks', '01ARZ3NDEKTSV4RRFFQ69G5FAV', 'free', 'STB_OFFICIAL_1029', 'starbucks_official', 'スターバックス コーヒー 和歌山パームシティ店', '和歌山県 和歌山市 中野長差31-1 パームシティ和歌山', 34.2543214436, 135.138826978, 1);
INSERT OR REPLACE INTO service_category_rel (service_id, category_id) VALUES ('STB_1029', 'cat_cafe');
INSERT OR REPLACE INTO service_cafe_details (service_id, has_wifi) VALUES ('STB_1029', 1);
INSERT OR REPLACE INTO services (service_id, brand_id, owner_id, plan_id, ext_place_id, ext_source, title, address, lat, lng, verification_level) VALUES ('STB_1188', 'brand_starbucks', '01ARZ3NDEKTSV4RRFFQ69G5FAV', 'free', 'STB_OFFICIAL_1188', 'starbucks_official', 'スターバックス コーヒー イオンモール和歌山店', '和歌山県 和歌山市 ふじと台23番地 イオンモール和歌山', 34.2752343894, 135.149286813, 1);
INSERT OR REPLACE INTO service_category_rel (service_id, category_id) VALUES ('STB_1188', 'cat_cafe');
INSERT OR REPLACE INTO service_cafe_details (service_id, has_wifi) VALUES ('STB_1188', 1);
INSERT OR REPLACE INTO services (service_id, brand_id, owner_id, plan_id, ext_place_id, ext_source, title, address, lat, lng, verification_level) VALUES ('STB_1428', 'brand_starbucks', '01ARZ3NDEKTSV4RRFFQ69G5FAV', 'free', 'STB_OFFICIAL_1428', 'starbucks_official', 'スターバックス コーヒー 和歌山岩出店', '和歌山県 岩出市 大町9-3', 34.2614680291, 135.321071791, 1);
INSERT OR REPLACE INTO service_category_rel (service_id, category_id) VALUES ('STB_1428', 'cat_cafe');
INSERT OR REPLACE INTO service_cafe_details (service_id, has_wifi) VALUES ('STB_1428', 1);
INSERT OR REPLACE INTO services (service_id, brand_id, owner_id, plan_id, ext_place_id, ext_source, title, address, lat, lng, verification_level) VALUES ('STB_1430', 'brand_starbucks', '01ARZ3NDEKTSV4RRFFQ69G5FAV', 'free', 'STB_OFFICIAL_1430', 'starbucks_official', 'スターバックス コーヒー 和歌山昭和通り店', '和歌山県 和歌山市 神前174-5', 34.215516962, 135.201238026, 1);
INSERT OR REPLACE INTO service_category_rel (service_id, category_id) VALUES ('STB_1430', 'cat_cafe');
INSERT OR REPLACE INTO service_cafe_details (service_id, has_wifi) VALUES ('STB_1430', 1);
INSERT OR REPLACE INTO services (service_id, brand_id, owner_id, plan_id, ext_place_id, ext_source, title, address, lat, lng, verification_level) VALUES ('STB_1698', 'brand_starbucks', '01ARZ3NDEKTSV4RRFFQ69G5FAV', 'free', 'STB_OFFICIAL_1698', 'starbucks_official', 'スターバックス コーヒー 海南nobinos店', '和歌山県 海南市 日方1525-6 海南nobinos', 34.1554699194, 135.209583986, 1);
INSERT OR REPLACE INTO service_category_rel (service_id, category_id) VALUES ('STB_1698', 'cat_cafe');
INSERT OR REPLACE INTO service_cafe_details (service_id, has_wifi) VALUES ('STB_1698', 0);
INSERT OR REPLACE INTO services (service_id, brand_id, owner_id, plan_id, ext_place_id, ext_source, title, address, lat, lng, verification_level) VALUES ('STB_2134', 'brand_starbucks', '01ARZ3NDEKTSV4RRFFQ69G5FAV', 'free', 'STB_OFFICIAL_2134', 'starbucks_official', 'スターバックス コーヒー 蔦屋書店 和歌山市民図書館店', '和歌山県 和歌山市 屏風丁17', 34.2368221464, 135.167322084, 1);
INSERT OR REPLACE INTO service_category_rel (service_id, category_id) VALUES ('STB_2134', 'cat_cafe');
INSERT OR REPLACE INTO service_cafe_details (service_id, has_wifi) VALUES ('STB_2134', 0);
INSERT OR REPLACE INTO services (service_id, brand_id, owner_id, plan_id, ext_place_id, ext_source, title, address, lat, lng, verification_level) VALUES ('STB_4176', 'brand_starbucks', '01ARZ3NDEKTSV4RRFFQ69G5FAV', 'free', 'STB_OFFICIAL_4176', 'starbucks_official', 'スターバックス コーヒー 和歌山大浦街道店', '和歌山県 和歌山市 西小二里2-4-80', 34.2037505474, 135.159517866, 1);
INSERT OR REPLACE INTO service_category_rel (service_id, category_id) VALUES ('STB_4176', 'cat_cafe');
INSERT OR REPLACE INTO service_cafe_details (service_id, has_wifi) VALUES ('STB_4176', 1);
INSERT OR REPLACE INTO services (service_id, brand_id, owner_id, plan_id, ext_place_id, ext_source, title, address, lat, lng, verification_level) VALUES ('STB_4306', 'brand_starbucks', '01ARZ3NDEKTSV4RRFFQ69G5FAV', 'free', 'STB_OFFICIAL_4306', 'starbucks_official', 'スターバックス コーヒー 和歌山橋本店', '和歌山県 橋本市 隅田町下兵庫615-1', 34.3228629671, 135.629857764, 1);
INSERT OR REPLACE INTO service_category_rel (service_id, category_id) VALUES ('STB_4306', 'cat_cafe');
INSERT OR REPLACE INTO service_cafe_details (service_id, has_wifi) VALUES ('STB_4306', 1);
INSERT OR REPLACE INTO services (service_id, brand_id, owner_id, plan_id, ext_place_id, ext_source, title, address, lat, lng, verification_level) VALUES ('STB_4603', 'brand_starbucks', '01ARZ3NDEKTSV4RRFFQ69G5FAV', 'free', 'STB_OFFICIAL_4603', 'starbucks_official', 'スターバックス コーヒー 和歌山ミオ店', '和歌山県 和歌山市 美園町5-61 和歌山ミオ', 34.2316706149, 135.191228391, 1);
INSERT OR REPLACE INTO service_category_rel (service_id, category_id) VALUES ('STB_4603', 'cat_cafe');
INSERT OR REPLACE INTO service_cafe_details (service_id, has_wifi) VALUES ('STB_4603', 1);
INSERT OR REPLACE INTO services (service_id, brand_id, owner_id, plan_id, ext_place_id, ext_source, title, address, lat, lng, verification_level) VALUES ('STB_1287', 'brand_starbucks', '01ARZ3NDEKTSV4RRFFQ69G5FAV', 'free', 'STB_OFFICIAL_1287', 'starbucks_official', 'スターバックス コーヒー シャミネ鳥取 えきなん店', '鳥取県 鳥取市 東品治町112-13', 35.4946966683, 134.223242845, 1);
INSERT OR REPLACE INTO service_category_rel (service_id, category_id) VALUES ('STB_1287', 'cat_cafe');
INSERT OR REPLACE INTO service_cafe_details (service_id, has_wifi) VALUES ('STB_1287', 1);
INSERT OR REPLACE INTO services (service_id, brand_id, owner_id, plan_id, ext_place_id, ext_source, title, address, lat, lng, verification_level) VALUES ('STB_1347', 'brand_starbucks', '01ARZ3NDEKTSV4RRFFQ69G5FAV', 'free', 'STB_OFFICIAL_1347', 'starbucks_official', 'スターバックス コーヒー 米子 TSUTAYA角盤町店', '鳥取県 米子市 角盤町4-41', 35.4372788468, 133.328447301, 1);
INSERT OR REPLACE INTO service_category_rel (service_id, category_id) VALUES ('STB_1347', 'cat_cafe');
INSERT OR REPLACE INTO service_cafe_details (service_id, has_wifi) VALUES ('STB_1347', 1);
INSERT OR REPLACE INTO services (service_id, brand_id, owner_id, plan_id, ext_place_id, ext_source, title, address, lat, lng, verification_level) VALUES ('STB_1415', 'brand_starbucks', '01ARZ3NDEKTSV4RRFFQ69G5FAV', 'free', 'STB_OFFICIAL_1415', 'starbucks_official', 'スターバックス コーヒー イオンモール鳥取北店', '鳥取県 鳥取市 晩稲348', 35.5238345602, 134.20146359, 1);
INSERT OR REPLACE INTO service_category_rel (service_id, category_id) VALUES ('STB_1415', 'cat_cafe');
INSERT OR REPLACE INTO service_cafe_details (service_id, has_wifi) VALUES ('STB_1415', 1);
INSERT OR REPLACE INTO services (service_id, brand_id, owner_id, plan_id, ext_place_id, ext_source, title, address, lat, lng, verification_level) VALUES ('STB_1416', 'brand_starbucks', '01ARZ3NDEKTSV4RRFFQ69G5FAV', 'free', 'STB_OFFICIAL_1416', 'starbucks_official', 'スターバックス コーヒー イオンモール日吉津店', '鳥取県 西伯郡 日吉津村日吉津1160-1 イオンモール日吉津', 35.4456542227, 133.385350801, 1);
INSERT OR REPLACE INTO service_category_rel (service_id, category_id) VALUES ('STB_1416', 'cat_cafe');
INSERT OR REPLACE INTO service_cafe_details (service_id, has_wifi) VALUES ('STB_1416', 1);
INSERT OR REPLACE INTO services (service_id, brand_id, owner_id, plan_id, ext_place_id, ext_source, title, address, lat, lng, verification_level) VALUES ('STB_4394', 'brand_starbucks', '01ARZ3NDEKTSV4RRFFQ69G5FAV', 'free', 'STB_OFFICIAL_4394', 'starbucks_official', 'スターバックス コーヒー 米子中島店', '鳥取県 米子市 中島2-3-8', 35.4338396048, 133.350785326, 1);
INSERT OR REPLACE INTO service_category_rel (service_id, category_id) VALUES ('STB_4394', 'cat_cafe');
INSERT OR REPLACE INTO service_cafe_details (service_id, has_wifi) VALUES ('STB_4394', 1);
INSERT OR REPLACE INTO services (service_id, brand_id, owner_id, plan_id, ext_place_id, ext_source, title, address, lat, lng, verification_level) VALUES ('STB_4558', 'brand_starbucks', '01ARZ3NDEKTSV4RRFFQ69G5FAV', 'free', 'STB_OFFICIAL_4558', 'starbucks_official', 'スターバックス コーヒー シャミネ鳥取 JR改札口店', '鳥取県 鳥取市 東品治町111-1 シャミネ鳥取1階', 35.4940984463, 134.22595237, 1);
INSERT OR REPLACE INTO service_category_rel (service_id, category_id) VALUES ('STB_4558', 'cat_cafe');
INSERT OR REPLACE INTO service_cafe_details (service_id, has_wifi) VALUES ('STB_4558', 1);
INSERT OR REPLACE INTO services (service_id, brand_id, owner_id, plan_id, ext_place_id, ext_source, title, address, lat, lng, verification_level) VALUES ('STB_1129', 'brand_starbucks', '01ARZ3NDEKTSV4RRFFQ69G5FAV', 'free', 'STB_OFFICIAL_1129', 'starbucks_official', 'スターバックス コーヒー シャミネ松江店', '島根県 松江市 朝日町472-2', 35.4639258001, 133.062753417, 1);
INSERT OR REPLACE INTO service_category_rel (service_id, category_id) VALUES ('STB_1129', 'cat_cafe');
INSERT OR REPLACE INTO service_cafe_details (service_id, has_wifi) VALUES ('STB_1129', 1);
INSERT OR REPLACE INTO services (service_id, brand_id, owner_id, plan_id, ext_place_id, ext_source, title, address, lat, lng, verification_level) VALUES ('STB_1208', 'brand_starbucks', '01ARZ3NDEKTSV4RRFFQ69G5FAV', 'free', 'STB_OFFICIAL_1208', 'starbucks_official', 'スターバックス コーヒー 出雲大社店', '島根県 出雲市 大社町杵築南841', 35.3963956058, 132.685821442, 1);
INSERT OR REPLACE INTO service_category_rel (service_id, category_id) VALUES ('STB_1208', 'cat_cafe');
INSERT OR REPLACE INTO service_cafe_details (service_id, has_wifi) VALUES ('STB_1208', 1);
INSERT OR REPLACE INTO services (service_id, brand_id, owner_id, plan_id, ext_place_id, ext_source, title, address, lat, lng, verification_level) VALUES ('STB_1333', 'brand_starbucks', '01ARZ3NDEKTSV4RRFFQ69G5FAV', 'free', 'STB_OFFICIAL_1333', 'starbucks_official', 'スターバックス コーヒー ゆめタウン出雲店', '島根県 出雲市 大塚町650-1 ゆめタウン出雲', 35.3776363326, 132.75568317, 1);
INSERT OR REPLACE INTO service_category_rel (service_id, category_id) VALUES ('STB_1333', 'cat_cafe');
INSERT OR REPLACE INTO service_cafe_details (service_id, has_wifi) VALUES ('STB_1333', 1);
INSERT OR REPLACE INTO services (service_id, brand_id, owner_id, plan_id, ext_place_id, ext_source, title, address, lat, lng, verification_level) VALUES ('STB_1564', 'brand_starbucks', '01ARZ3NDEKTSV4RRFFQ69G5FAV', 'free', 'STB_OFFICIAL_1564', 'starbucks_official', 'スターバックス コーヒー 松江玉湯店', '島根県 松江市 玉湯町布志名637-1', 35.4347304127, 133.020825466, 1);
INSERT OR REPLACE INTO service_category_rel (service_id, category_id) VALUES ('STB_1564', 'cat_cafe');
INSERT OR REPLACE INTO service_cafe_details (service_id, has_wifi) VALUES ('STB_1564', 1);
INSERT OR REPLACE INTO services (service_id, brand_id, owner_id, plan_id, ext_place_id, ext_source, title, address, lat, lng, verification_level) VALUES ('STB_4334', 'brand_starbucks', '01ARZ3NDEKTSV4RRFFQ69G5FAV', 'free', 'STB_OFFICIAL_4334', 'starbucks_official', 'スターバックス コーヒー 出雲今市店', '島根県 出雲市 今市町北本町4-1-16', 35.3680980092, 132.761452575, 1);
INSERT OR REPLACE INTO service_category_rel (service_id, category_id) VALUES ('STB_4334', 'cat_cafe');
INSERT OR REPLACE INTO service_cafe_details (service_id, has_wifi) VALUES ('STB_4334', 1);
INSERT OR REPLACE INTO services (service_id, brand_id, owner_id, plan_id, ext_place_id, ext_source, title, address, lat, lng, verification_level) VALUES ('STB_653', 'brand_starbucks', '01ARZ3NDEKTSV4RRFFQ69G5FAV', 'free', 'STB_OFFICIAL_653', 'starbucks_official', 'スターバックス コーヒー 岡山大学病院店', '岡山県 岡山市北区 鹿田町2-5-1 岡山大学病院', 34.6509577408, 133.92064766, 1);
INSERT OR REPLACE INTO service_category_rel (service_id, category_id) VALUES ('STB_653', 'cat_cafe');
INSERT OR REPLACE INTO service_cafe_details (service_id, has_wifi) VALUES ('STB_653', 0);
INSERT OR REPLACE INTO services (service_id, brand_id, owner_id, plan_id, ext_place_id, ext_source, title, address, lat, lng, verification_level) VALUES ('STB_694', 'brand_starbucks', '01ARZ3NDEKTSV4RRFFQ69G5FAV', 'free', 'STB_OFFICIAL_694', 'starbucks_official', 'スターバックス コーヒー 岡山シネマタウン岡南店', '岡山県 岡山市南区 築港新町1-25-1 シネマタウン岡南', 34.6026849202, 133.940657388, 1);
INSERT OR REPLACE INTO service_category_rel (service_id, category_id) VALUES ('STB_694', 'cat_cafe');
INSERT OR REPLACE INTO service_cafe_details (service_id, has_wifi) VALUES ('STB_694', 1);
INSERT OR REPLACE INTO services (service_id, brand_id, owner_id, plan_id, ext_place_id, ext_source, title, address, lat, lng, verification_level) VALUES ('STB_784', 'brand_starbucks', '01ARZ3NDEKTSV4RRFFQ69G5FAV', 'free', 'STB_OFFICIAL_784', 'starbucks_official', 'スターバックス コーヒー 岡山大安寺店', '岡山県 岡山市北区 野殿西町329-1 ハピーズ大安寺', 34.6594772492, 133.881065555, 1);
INSERT OR REPLACE INTO service_category_rel (service_id, category_id) VALUES ('STB_784', 'cat_cafe');
INSERT OR REPLACE INTO service_cafe_details (service_id, has_wifi) VALUES ('STB_784', 1);
INSERT OR REPLACE INTO services (service_id, brand_id, owner_id, plan_id, ext_place_id, ext_source, title, address, lat, lng, verification_level) VALUES ('STB_841', 'brand_starbucks', '01ARZ3NDEKTSV4RRFFQ69G5FAV', 'free', 'STB_OFFICIAL_841', 'starbucks_official', 'スターバックス コーヒー 倉敷天満屋店', '岡山県 倉敷市 阿知1-7-1 天満屋 倉敷店', 34.6012231421, 133.766299713, 1);
INSERT OR REPLACE INTO service_category_rel (service_id, category_id) VALUES ('STB_841', 'cat_cafe');
INSERT OR REPLACE INTO service_cafe_details (service_id, has_wifi) VALUES ('STB_841', 1);
INSERT OR REPLACE INTO services (service_id, brand_id, owner_id, plan_id, ext_place_id, ext_source, title, address, lat, lng, verification_level) VALUES ('STB_860', 'brand_starbucks', '01ARZ3NDEKTSV4RRFFQ69G5FAV', 'free', 'STB_OFFICIAL_860', 'starbucks_official', 'スターバックス コーヒー 倉敷中島店', '岡山県 倉敷市 中島2236-102 ハピーズ倉敷中島', 34.5816567444, 133.741392683, 1);
INSERT OR REPLACE INTO service_category_rel (service_id, category_id) VALUES ('STB_860', 'cat_cafe');
INSERT OR REPLACE INTO service_cafe_details (service_id, has_wifi) VALUES ('STB_860', 1);
INSERT OR REPLACE INTO services (service_id, brand_id, owner_id, plan_id, ext_place_id, ext_source, title, address, lat, lng, verification_level) VALUES ('STB_1008', 'brand_starbucks', '01ARZ3NDEKTSV4RRFFQ69G5FAV', 'free', 'STB_OFFICIAL_1008', 'starbucks_official', 'スターバックス コーヒー イオンモール倉敷店', '岡山県 倉敷市 水江1 イオンモール倉敷', 34.6027759247, 133.744278693, 1);
INSERT OR REPLACE INTO service_category_rel (service_id, category_id) VALUES ('STB_1008', 'cat_cafe');
INSERT OR REPLACE INTO service_cafe_details (service_id, has_wifi) VALUES ('STB_1008', 1);
INSERT OR REPLACE INTO services (service_id, brand_id, owner_id, plan_id, ext_place_id, ext_source, title, address, lat, lng, verification_level) VALUES ('STB_1050', 'brand_starbucks', '01ARZ3NDEKTSV4RRFFQ69G5FAV', 'free', 'STB_OFFICIAL_1050', 'starbucks_official', 'スターバックス コーヒー 三井アウトレットパーク倉敷店', '岡山県 倉敷市 寿町12-3 三井アウトレットパーク倉敷', 34.6041680274, 133.761862446, 1);
INSERT OR REPLACE INTO service_category_rel (service_id, category_id) VALUES ('STB_1050', 'cat_cafe');
INSERT OR REPLACE INTO service_cafe_details (service_id, has_wifi) VALUES ('STB_1050', 1);
INSERT OR REPLACE INTO services (service_id, brand_id, owner_id, plan_id, ext_place_id, ext_source, title, address, lat, lng, verification_level) VALUES ('STB_1106', 'brand_starbucks', '01ARZ3NDEKTSV4RRFFQ69G5FAV', 'free', 'STB_OFFICIAL_1106', 'starbucks_official', 'スターバックス コーヒー 岡山けやき通り店', '岡山県 岡山市中区 西川原124-1', 34.6805813362, 133.942121735, 1);
INSERT OR REPLACE INTO service_category_rel (service_id, category_id) VALUES ('STB_1106', 'cat_cafe');
INSERT OR REPLACE INTO service_cafe_details (service_id, has_wifi) VALUES ('STB_1106', 1);
INSERT OR REPLACE INTO services (service_id, brand_id, owner_id, plan_id, ext_place_id, ext_source, title, address, lat, lng, verification_level) VALUES ('STB_1234', 'brand_starbucks', '01ARZ3NDEKTSV4RRFFQ69G5FAV', 'free', 'STB_OFFICIAL_1234', 'starbucks_official', 'スターバックス コーヒー イオンモール岡山5階店', '岡山県 岡山市北区 下石井1-2-1', 34.6616162757, 133.917944894, 1);
INSERT OR REPLACE INTO service_category_rel (service_id, category_id) VALUES ('STB_1234', 'cat_cafe');
INSERT OR REPLACE INTO service_cafe_details (service_id, has_wifi) VALUES ('STB_1234', 1);
INSERT OR REPLACE INTO services (service_id, brand_id, owner_id, plan_id, ext_place_id, ext_source, title, address, lat, lng, verification_level) VALUES ('STB_1609', 'brand_starbucks', '01ARZ3NDEKTSV4RRFFQ69G5FAV', 'free', 'STB_OFFICIAL_1609', 'starbucks_official', 'スターバックス コーヒー 岡山一番街店', '岡山県 岡山市北区 駅元町一番街地下4号', 34.6648639978, 133.918738845, 1);
INSERT OR REPLACE INTO service_category_rel (service_id, category_id) VALUES ('STB_1609', 'cat_cafe');
INSERT OR REPLACE INTO service_cafe_details (service_id, has_wifi) VALUES ('STB_1609', 1);
INSERT OR REPLACE INTO services (service_id, brand_id, owner_id, plan_id, ext_place_id, ext_source, title, address, lat, lng, verification_level) VALUES ('STB_1655', 'brand_starbucks', '01ARZ3NDEKTSV4RRFFQ69G5FAV', 'free', 'STB_OFFICIAL_1655', 'starbucks_official', 'スターバックス コーヒー 岡山中仙道店', '岡山県 岡山市北区 中仙道1-4-13', 34.6459360755, 133.889979605, 1);
INSERT OR REPLACE INTO service_category_rel (service_id, category_id) VALUES ('STB_1655', 'cat_cafe');
INSERT OR REPLACE INTO service_cafe_details (service_id, has_wifi) VALUES ('STB_1655', 1);
INSERT OR REPLACE INTO services (service_id, brand_id, owner_id, plan_id, ext_place_id, ext_source, title, address, lat, lng, verification_level) VALUES ('STB_1726', 'brand_starbucks', '01ARZ3NDEKTSV4RRFFQ69G5FAV', 'free', 'STB_OFFICIAL_1726', 'starbucks_official', 'スターバックス コーヒー 倉敷笹沖店', '岡山県 倉敷市 笹沖6-1', 34.5705791223, 133.761985371, 1);
INSERT OR REPLACE INTO service_category_rel (service_id, category_id) VALUES ('STB_1726', 'cat_cafe');
INSERT OR REPLACE INTO service_cafe_details (service_id, has_wifi) VALUES ('STB_1726', 1);
INSERT OR REPLACE INTO services (service_id, brand_id, owner_id, plan_id, ext_place_id, ext_source, title, address, lat, lng, verification_level) VALUES ('STB_1814', 'brand_starbucks', '01ARZ3NDEKTSV4RRFFQ69G5FAV', 'free', 'STB_OFFICIAL_1814', 'starbucks_official', 'スターバックス コーヒー さんすて岡山店', '岡山県 岡山市北区 駅元町1-1 サンステーションテラス岡山', 34.6657316615, 133.91751974, 1);
INSERT OR REPLACE INTO service_category_rel (service_id, category_id) VALUES ('STB_1814', 'cat_cafe');
INSERT OR REPLACE INTO service_cafe_details (service_id, has_wifi) VALUES ('STB_1814', 1);
INSERT OR REPLACE INTO services (service_id, brand_id, owner_id, plan_id, ext_place_id, ext_source, title, address, lat, lng, verification_level) VALUES ('STB_1877', 'brand_starbucks', '01ARZ3NDEKTSV4RRFFQ69G5FAV', 'free', 'STB_OFFICIAL_1877', 'starbucks_official', 'スターバックス コーヒー 岡山青江店', '岡山県 岡山市北区 青江1-1-5', 34.6373627591, 133.91796212, 1);
INSERT OR REPLACE INTO service_category_rel (service_id, category_id) VALUES ('STB_1877', 'cat_cafe');
INSERT OR REPLACE INTO service_cafe_details (service_id, has_wifi) VALUES ('STB_1877', 1);
INSERT OR REPLACE INTO services (service_id, brand_id, owner_id, plan_id, ext_place_id, ext_source, title, address, lat, lng, verification_level) VALUES ('STB_2086', 'brand_starbucks', '01ARZ3NDEKTSV4RRFFQ69G5FAV', 'free', 'STB_OFFICIAL_2086', 'starbucks_official', 'スターバックス コーヒー 蔦屋書店 高梁市図書館店', '岡山県 高梁市 旭町1306', 34.7890629354, 133.616577943, 1);
INSERT OR REPLACE INTO service_category_rel (service_id, category_id) VALUES ('STB_2086', 'cat_cafe');
INSERT OR REPLACE INTO service_cafe_details (service_id, has_wifi) VALUES ('STB_2086', 1);
INSERT OR REPLACE INTO services (service_id, brand_id, owner_id, plan_id, ext_place_id, ext_source, title, address, lat, lng, verification_level) VALUES ('STB_4016', 'brand_starbucks', '01ARZ3NDEKTSV4RRFFQ69G5FAV', 'free', 'STB_OFFICIAL_4016', 'starbucks_official', 'スターバックス コーヒー イオンモール岡山1階店', '岡山県 岡山市北区 下石井1-2-1 イオンモール岡山', 34.6624606152, 133.91710298, 1);
INSERT OR REPLACE INTO service_category_rel (service_id, category_id) VALUES ('STB_4016', 'cat_cafe');
INSERT OR REPLACE INTO service_cafe_details (service_id, has_wifi) VALUES ('STB_4016', 1);
INSERT OR REPLACE INTO services (service_id, brand_id, owner_id, plan_id, ext_place_id, ext_source, title, address, lat, lng, verification_level) VALUES ('STB_4021', 'brand_starbucks', '01ARZ3NDEKTSV4RRFFQ69G5FAV', 'free', 'STB_OFFICIAL_4021', 'starbucks_official', 'スターバックス コーヒー イオンモール津山インター店', '岡山県 津山市 河辺1000-1 イオンモール津山インター', 35.0650662058, 134.046758674, 1);
INSERT OR REPLACE INTO service_category_rel (service_id, category_id) VALUES ('STB_4021', 'cat_cafe');
INSERT OR REPLACE INTO service_cafe_details (service_id, has_wifi) VALUES ('STB_4021', 1);
INSERT OR REPLACE INTO services (service_id, brand_id, owner_id, plan_id, ext_place_id, ext_source, title, address, lat, lng, verification_level) VALUES ('STB_4029', 'brand_starbucks', '01ARZ3NDEKTSV4RRFFQ69G5FAV', 'free', 'STB_OFFICIAL_4029', 'starbucks_official', 'スターバックス コーヒー 岡山平井店', '岡山県 岡山市中区 平井7-19-8', 34.6336143078, 133.951866977, 1);
INSERT OR REPLACE INTO service_category_rel (service_id, category_id) VALUES ('STB_4029', 'cat_cafe');
INSERT OR REPLACE INTO service_cafe_details (service_id, has_wifi) VALUES ('STB_4029', 1);
INSERT OR REPLACE INTO services (service_id, brand_id, owner_id, plan_id, ext_place_id, ext_source, title, address, lat, lng, verification_level) VALUES ('STB_4136', 'brand_starbucks', '01ARZ3NDEKTSV4RRFFQ69G5FAV', 'free', 'STB_OFFICIAL_4136', 'starbucks_official', 'スターバックス コーヒー 岡山天満屋店', '岡山県 岡山市北区 中山下2-3-4 岡山天満屋 県庁通り館1F', 34.6622866578, 133.928020137, 1);
INSERT OR REPLACE INTO service_category_rel (service_id, category_id) VALUES ('STB_4136', 'cat_cafe');
INSERT OR REPLACE INTO service_cafe_details (service_id, has_wifi) VALUES ('STB_4136', 1);
INSERT OR REPLACE INTO services (service_id, brand_id, owner_id, plan_id, ext_place_id, ext_source, title, address, lat, lng, verification_level) VALUES ('STB_4193', 'brand_starbucks', '01ARZ3NDEKTSV4RRFFQ69G5FAV', 'free', 'STB_OFFICIAL_4193', 'starbucks_official', 'スターバックス コーヒー 倉敷安江店', '岡山県 倉敷市 安江85－1', 34.5979487875, 133.751388047, 1);
INSERT OR REPLACE INTO service_category_rel (service_id, category_id) VALUES ('STB_4193', 'cat_cafe');
INSERT OR REPLACE INTO service_cafe_details (service_id, has_wifi) VALUES ('STB_4193', 1);
INSERT OR REPLACE INTO services (service_id, brand_id, owner_id, plan_id, ext_place_id, ext_source, title, address, lat, lng, verification_level) VALUES ('STB_4244', 'brand_starbucks', '01ARZ3NDEKTSV4RRFFQ69G5FAV', 'free', 'STB_OFFICIAL_4244', 'starbucks_official', 'スターバックス コーヒー 倉敷平田店', '岡山県 倉敷市 平田283-1', 34.6163544839, 133.776743982, 1);
INSERT OR REPLACE INTO service_category_rel (service_id, category_id) VALUES ('STB_4244', 'cat_cafe');
INSERT OR REPLACE INTO service_cafe_details (service_id, has_wifi) VALUES ('STB_4244', 1);
INSERT OR REPLACE INTO services (service_id, brand_id, owner_id, plan_id, ext_place_id, ext_source, title, address, lat, lng, verification_level) VALUES ('STB_4254', 'brand_starbucks', '01ARZ3NDEKTSV4RRFFQ69G5FAV', 'free', 'STB_OFFICIAL_4254', 'starbucks_official', 'スターバックス コーヒー 岡山西大寺店', '岡山県 岡山市東区 西大寺中野427-1', 34.6533287801, 134.026475429, 1);
INSERT OR REPLACE INTO service_category_rel (service_id, category_id) VALUES ('STB_4254', 'cat_cafe');
INSERT OR REPLACE INTO service_cafe_details (service_id, has_wifi) VALUES ('STB_4254', 1);
INSERT OR REPLACE INTO services (service_id, brand_id, owner_id, plan_id, ext_place_id, ext_source, title, address, lat, lng, verification_level) VALUES ('STB_4457', 'brand_starbucks', '01ARZ3NDEKTSV4RRFFQ69G5FAV', 'free', 'STB_OFFICIAL_4457', 'starbucks_official', 'スターバックス コーヒー 津山ウエストランド店', '岡山県 津山市 二宮71 ウエストランド', 35.0607679181, 133.959438624, 1);
INSERT OR REPLACE INTO service_category_rel (service_id, category_id) VALUES ('STB_4457', 'cat_cafe');
INSERT OR REPLACE INTO service_cafe_details (service_id, has_wifi) VALUES ('STB_4457', 1);
INSERT OR REPLACE INTO services (service_id, brand_id, owner_id, plan_id, ext_place_id, ext_source, title, address, lat, lng, verification_level) VALUES ('STB_192', 'brand_starbucks', '01ARZ3NDEKTSV4RRFFQ69G5FAV', 'free', 'STB_OFFICIAL_192', 'starbucks_official', 'スターバックス コーヒー 紙屋町シャレオ店', '広島県 広島市中区 紙屋町 地下街シャレオ202', 34.394050768, 132.457181863, 1);
INSERT OR REPLACE INTO service_category_rel (service_id, category_id) VALUES ('STB_192', 'cat_cafe');
INSERT OR REPLACE INTO service_cafe_details (service_id, has_wifi) VALUES ('STB_192', 1);
INSERT OR REPLACE INTO services (service_id, brand_id, owner_id, plan_id, ext_place_id, ext_source, title, address, lat, lng, verification_level) VALUES ('STB_265', 'brand_starbucks', '01ARZ3NDEKTSV4RRFFQ69G5FAV', 'free', 'STB_OFFICIAL_265', 'starbucks_official', 'スターバックス コーヒー 広島本通り店', '広島県 広島市中区 本通り9-1', 34.3923415805, 132.461426589, 1);
INSERT OR REPLACE INTO service_category_rel (service_id, category_id) VALUES ('STB_265', 'cat_cafe');
INSERT OR REPLACE INTO service_cafe_details (service_id, has_wifi) VALUES ('STB_265', 1);
INSERT OR REPLACE INTO services (service_id, brand_id, owner_id, plan_id, ext_place_id, ext_source, title, address, lat, lng, verification_level) VALUES ('STB_292', 'brand_starbucks', '01ARZ3NDEKTSV4RRFFQ69G5FAV', 'free', 'STB_OFFICIAL_292', 'starbucks_official', 'スターバックス コーヒー ＮＨＫ広島ビル店', '広島県 広島市中区 大手町2-11-10 ＮＨＫ広島放送センター 2F', 34.3904705669, 132.455554385, 1);
INSERT OR REPLACE INTO service_category_rel (service_id, category_id) VALUES ('STB_292', 'cat_cafe');
INSERT OR REPLACE INTO service_cafe_details (service_id, has_wifi) VALUES ('STB_292', 1);
INSERT OR REPLACE INTO services (service_id, brand_id, owner_id, plan_id, ext_place_id, ext_source, title, address, lat, lng, verification_level) VALUES ('STB_545', 'brand_starbucks', '01ARZ3NDEKTSV4RRFFQ69G5FAV', 'free', 'STB_OFFICIAL_545', 'starbucks_official', 'スターバックス コーヒー イオンモール広島府中 1階店', '広島県 安芸郡 府中町大須2-1-1', 34.3947492164, 132.499852731, 1);
INSERT OR REPLACE INTO service_category_rel (service_id, category_id) VALUES ('STB_545', 'cat_cafe');
INSERT OR REPLACE INTO service_cafe_details (service_id, has_wifi) VALUES ('STB_545', 1);
INSERT OR REPLACE INTO services (service_id, brand_id, owner_id, plan_id, ext_place_id, ext_source, title, address, lat, lng, verification_level) VALUES ('STB_549', 'brand_starbucks', '01ARZ3NDEKTSV4RRFFQ69G5FAV', 'free', 'STB_OFFICIAL_549', 'starbucks_official', 'スターバックス コーヒー イオン宇品店', '広島県 広島市南区 宇品東6-1-15 イオン宇品ショッピングセンター', 34.362588776, 132.468538479, 1);
INSERT OR REPLACE INTO service_category_rel (service_id, category_id) VALUES ('STB_549', 'cat_cafe');
INSERT OR REPLACE INTO service_cafe_details (service_id, has_wifi) VALUES ('STB_549', 1);
INSERT OR REPLACE INTO services (service_id, brand_id, owner_id, plan_id, ext_place_id, ext_source, title, address, lat, lng, verification_level) VALUES ('STB_606', 'brand_starbucks', '01ARZ3NDEKTSV4RRFFQ69G5FAV', 'free', 'STB_OFFICIAL_606', 'starbucks_official', 'スターバックス コーヒー 広島アルパーク店', '広島県 広島市西区 草津新町2-26-1 アルパーク', 34.373197467, 132.394949658, 1);
INSERT OR REPLACE INTO service_category_rel (service_id, category_id) VALUES ('STB_606', 'cat_cafe');
INSERT OR REPLACE INTO service_cafe_details (service_id, has_wifi) VALUES ('STB_606', 1);
INSERT OR REPLACE INTO services (service_id, brand_id, owner_id, plan_id, ext_place_id, ext_source, title, address, lat, lng, verification_level) VALUES ('STB_830', 'brand_starbucks', '01ARZ3NDEKTSV4RRFFQ69G5FAV', 'free', 'STB_OFFICIAL_830', 'starbucks_official', 'スターバックス コーヒー ゆめタウン広島店', '広島県 広島市南区 皆実町2-224-7 ゆめタウン広島', 34.3762088985, 132.463537157, 1);
INSERT OR REPLACE INTO service_category_rel (service_id, category_id) VALUES ('STB_830', 'cat_cafe');
INSERT OR REPLACE INTO service_cafe_details (service_id, has_wifi) VALUES ('STB_830', 1);
INSERT OR REPLACE INTO services (service_id, brand_id, owner_id, plan_id, ext_place_id, ext_source, title, address, lat, lng, verification_level) VALUES ('STB_911', 'brand_starbucks', '01ARZ3NDEKTSV4RRFFQ69G5FAV', 'free', 'STB_OFFICIAL_911', 'starbucks_official', 'スターバックス コーヒー イオンモール広島祇園店', '広島県 広島市安佐南区 祇園3-2-1 イオンモール広島祇園', 34.4444471182, 132.461414468, 1);
INSERT OR REPLACE INTO service_category_rel (service_id, category_id) VALUES ('STB_911', 'cat_cafe');
INSERT OR REPLACE INTO service_cafe_details (service_id, has_wifi) VALUES ('STB_911', 1);
INSERT OR REPLACE INTO services (service_id, brand_id, owner_id, plan_id, ext_place_id, ext_source, title, address, lat, lng, verification_level) VALUES ('STB_925', 'brand_starbucks', '01ARZ3NDEKTSV4RRFFQ69G5FAV', 'free', 'STB_OFFICIAL_925', 'starbucks_official', 'スターバックス コーヒー 宮島サービスエリア(下り線)店', '広島県 廿日市市 上平良293 宮島サービスエリア(下り線)', 34.3656055503, 132.318246933, 1);
INSERT OR REPLACE INTO service_category_rel (service_id, category_id) VALUES ('STB_925', 'cat_cafe');
INSERT OR REPLACE INTO service_cafe_details (service_id, has_wifi) VALUES ('STB_925', 1);
INSERT OR REPLACE INTO services (service_id, brand_id, owner_id, plan_id, ext_place_id, ext_source, title, address, lat, lng, verification_level) VALUES ('STB_973', 'brand_starbucks', '01ARZ3NDEKTSV4RRFFQ69G5FAV', 'free', 'STB_OFFICIAL_973', 'starbucks_official', 'スターバックス コーヒー 福山ポートプラザ天満屋店', '広島県 福山市 入船町3-1-25 福山ポートプラザ', 34.4865258418, 133.377538948, 1);
INSERT OR REPLACE INTO service_category_rel (service_id, category_id) VALUES ('STB_973', 'cat_cafe');
INSERT OR REPLACE INTO service_cafe_details (service_id, has_wifi) VALUES ('STB_973', 1);
INSERT OR REPLACE INTO services (service_id, brand_id, owner_id, plan_id, ext_place_id, ext_source, title, address, lat, lng, verification_level) VALUES ('STB_1078', 'brand_starbucks', '01ARZ3NDEKTSV4RRFFQ69G5FAV', 'free', 'STB_OFFICIAL_1078', 'starbucks_official', 'スターバックス コーヒー 広島段原店', '広島県 広島市南区 段原日出2-3-1', 34.3868881259, 132.484699352, 1);
INSERT OR REPLACE INTO service_category_rel (service_id, category_id) VALUES ('STB_1078', 'cat_cafe');
INSERT OR REPLACE INTO service_cafe_details (service_id, has_wifi) VALUES ('STB_1078', 1);
INSERT OR REPLACE INTO services (service_id, brand_id, owner_id, plan_id, ext_place_id, ext_source, title, address, lat, lng, verification_level) VALUES ('STB_1112', 'brand_starbucks', '01ARZ3NDEKTSV4RRFFQ69G5FAV', 'free', 'STB_OFFICIAL_1112', 'starbucks_official', 'スターバックス コーヒー 福山蔵王店', '広島県 福山市 南蔵王町6-2-14', 34.5002081199, 133.400908877, 1);
INSERT OR REPLACE INTO service_category_rel (service_id, category_id) VALUES ('STB_1112', 'cat_cafe');
INSERT OR REPLACE INTO service_cafe_details (service_id, has_wifi) VALUES ('STB_1112', 1);
INSERT OR REPLACE INTO services (service_id, brand_id, owner_id, plan_id, ext_place_id, ext_source, title, address, lat, lng, verification_level) VALUES ('STB_1115', 'brand_starbucks', '01ARZ3NDEKTSV4RRFFQ69G5FAV', 'free', 'STB_OFFICIAL_1115', 'starbucks_official', 'スターバックス コーヒー 広島大学病院店', '広島県 広島市南区 霞1-2-3 広島大学病院・（財）緑風会内', 34.3804187216, 132.479186774, 1);
INSERT OR REPLACE INTO service_category_rel (service_id, category_id) VALUES ('STB_1115', 'cat_cafe');
INSERT OR REPLACE INTO service_cafe_details (service_id, has_wifi) VALUES ('STB_1115', 0);
INSERT OR REPLACE INTO services (service_id, brand_id, owner_id, plan_id, ext_place_id, ext_source, title, address, lat, lng, verification_level) VALUES ('STB_1275', 'brand_starbucks', '01ARZ3NDEKTSV4RRFFQ69G5FAV', 'free', 'STB_OFFICIAL_1275', 'starbucks_official', 'スターバックス コーヒー ゆめタウン廿日市店', '広島県 廿日市市 下平良2-2-1', 34.3459360072, 132.335273925, 1);
INSERT OR REPLACE INTO service_category_rel (service_id, category_id) VALUES ('STB_1275', 'cat_cafe');
INSERT OR REPLACE INTO service_cafe_details (service_id, has_wifi) VALUES ('STB_1275', 1);
INSERT OR REPLACE INTO services (service_id, brand_id, owner_id, plan_id, ext_place_id, ext_source, title, address, lat, lng, verification_level) VALUES ('STB_1354', 'brand_starbucks', '01ARZ3NDEKTSV4RRFFQ69G5FAV', 'free', 'STB_OFFICIAL_1354', 'starbucks_official', 'スターバックス コーヒー 厳島表参道店', '広島県 廿日市市 宮島町459-2', 34.2978711693, 132.320578192, 1);
INSERT OR REPLACE INTO service_category_rel (service_id, category_id) VALUES ('STB_1354', 'cat_cafe');
INSERT OR REPLACE INTO service_cafe_details (service_id, has_wifi) VALUES ('STB_1354', 1);
INSERT OR REPLACE INTO services (service_id, brand_id, owner_id, plan_id, ext_place_id, ext_source, title, address, lat, lng, verification_level) VALUES ('STB_1410', 'brand_starbucks', '01ARZ3NDEKTSV4RRFFQ69G5FAV', 'free', 'STB_OFFICIAL_1410', 'starbucks_official', 'スターバックス コーヒー 小谷サービスエリア(上り線)店', '広島県 東広島市 高屋町小谷5661 小谷サービスエリア(上り線)', 34.4320408336, 132.836694984, 1);
INSERT OR REPLACE INTO service_category_rel (service_id, category_id) VALUES ('STB_1410', 'cat_cafe');
INSERT OR REPLACE INTO service_cafe_details (service_id, has_wifi) VALUES ('STB_1410', 1);
INSERT OR REPLACE INTO services (service_id, brand_id, owner_id, plan_id, ext_place_id, ext_source, title, address, lat, lng, verification_level) VALUES ('STB_1535', 'brand_starbucks', '01ARZ3NDEKTSV4RRFFQ69G5FAV', 'free', 'STB_OFFICIAL_1535', 'starbucks_official', 'スターバックス コーヒー JR福山駅店', '広島県 福山市 三之丸町30-1 福山駅構内', 34.4895133222, 133.362902526, 1);
INSERT OR REPLACE INTO service_category_rel (service_id, category_id) VALUES ('STB_1535', 'cat_cafe');
INSERT OR REPLACE INTO service_cafe_details (service_id, has_wifi) VALUES ('STB_1535', 1);
INSERT OR REPLACE INTO services (service_id, brand_id, owner_id, plan_id, ext_place_id, ext_source, title, address, lat, lng, verification_level) VALUES ('STB_1553', 'brand_starbucks', '01ARZ3NDEKTSV4RRFFQ69G5FAV', 'free', 'STB_OFFICIAL_1553', 'starbucks_official', 'スターバックス コーヒー ミナモア広島2階店', '広島県 広島市南区 松原町1-2 ミナモア広島2階', 34.3977082048, 132.475958746, 1);
INSERT OR REPLACE INTO service_category_rel (service_id, category_id) VALUES ('STB_1553', 'cat_cafe');
INSERT OR REPLACE INTO service_cafe_details (service_id, has_wifi) VALUES ('STB_1553', 1);
INSERT OR REPLACE INTO services (service_id, brand_id, owner_id, plan_id, ext_place_id, ext_source, title, address, lat, lng, verification_level) VALUES ('STB_1561', 'brand_starbucks', '01ARZ3NDEKTSV4RRFFQ69G5FAV', 'free', 'STB_OFFICIAL_1561', 'starbucks_official', 'スターバックス コーヒー ジ アウトレット広島店', '広島県 広島市佐伯区 石内東4-1-1 THE OUTLETS HIROSHIMA', 34.4088206295, 132.396570383, 1);
INSERT OR REPLACE INTO service_category_rel (service_id, category_id) VALUES ('STB_1561', 'cat_cafe');
INSERT OR REPLACE INTO service_cafe_details (service_id, has_wifi) VALUES ('STB_1561', 1);
INSERT OR REPLACE INTO services (service_id, brand_id, owner_id, plan_id, ext_place_id, ext_source, title, address, lat, lng, verification_level) VALUES ('STB_1656', 'brand_starbucks', '01ARZ3NDEKTSV4RRFFQ69G5FAV', 'free', 'STB_OFFICIAL_1656', 'starbucks_official', 'スターバックス コーヒー 福山多治米店', '広島県 福山市 多治米町4-12-12', 34.4670154222, 133.377165433, 1);
INSERT OR REPLACE INTO service_category_rel (service_id, category_id) VALUES ('STB_1656', 'cat_cafe');
INSERT OR REPLACE INTO service_cafe_details (service_id, has_wifi) VALUES ('STB_1656', 1);
INSERT OR REPLACE INTO services (service_id, brand_id, owner_id, plan_id, ext_place_id, ext_source, title, address, lat, lng, verification_level) VALUES ('STB_1772', 'brand_starbucks', '01ARZ3NDEKTSV4RRFFQ69G5FAV', 'free', 'STB_OFFICIAL_1772', 'starbucks_official', 'スターバックス コーヒー 広島パルコ店', '広島県 広島市中区 新天地2-1 広島パルコ 新館5階', 34.3921430113, 132.4626115, 1);
INSERT OR REPLACE INTO service_category_rel (service_id, category_id) VALUES ('STB_1772', 'cat_cafe');
INSERT OR REPLACE INTO service_cafe_details (service_id, has_wifi) VALUES ('STB_1772', 1);
INSERT OR REPLACE INTO services (service_id, brand_id, owner_id, plan_id, ext_place_id, ext_source, title, address, lat, lng, verification_level) VALUES ('STB_1811', 'brand_starbucks', '01ARZ3NDEKTSV4RRFFQ69G5FAV', 'free', 'STB_OFFICIAL_1811', 'starbucks_official', 'スターバックス コーヒー 広島三越店', '広島県 広島市中区 胡町5-1 広島三越', 34.3932309803, 132.464315752, 1);
INSERT OR REPLACE INTO service_category_rel (service_id, category_id) VALUES ('STB_1811', 'cat_cafe');
INSERT OR REPLACE INTO service_cafe_details (service_id, has_wifi) VALUES ('STB_1811', 1);
INSERT OR REPLACE INTO services (service_id, brand_id, owner_id, plan_id, ext_place_id, ext_source, title, address, lat, lng, verification_level) VALUES ('STB_1829', 'brand_starbucks', '01ARZ3NDEKTSV4RRFFQ69G5FAV', 'free', 'STB_OFFICIAL_1829', 'starbucks_official', 'スターバックス コーヒー イオンモール広島府中 3階店', '広島県 安芸郡 府中町大須2-1-1 イオンモール広島府中', 34.3938815193, 132.49915644, 1);
INSERT OR REPLACE INTO service_category_rel (service_id, category_id) VALUES ('STB_1829', 'cat_cafe');
INSERT OR REPLACE INTO service_cafe_details (service_id, has_wifi) VALUES ('STB_1829', 1);
INSERT OR REPLACE INTO services (service_id, brand_id, owner_id, plan_id, ext_place_id, ext_source, title, address, lat, lng, verification_level) VALUES ('STB_2085', 'brand_starbucks', '01ARZ3NDEKTSV4RRFFQ69G5FAV', 'free', 'STB_OFFICIAL_2085', 'starbucks_official', 'スターバックス コーヒー 広島 蔦屋家電店', '広島県 広島市南区 松原町3-1-1', 34.3958548004, 132.476447124, 1);
INSERT OR REPLACE INTO service_category_rel (service_id, category_id) VALUES ('STB_2085', 'cat_cafe');
INSERT OR REPLACE INTO service_cafe_details (service_id, has_wifi) VALUES ('STB_2085', 1);
INSERT OR REPLACE INTO services (service_id, brand_id, owner_id, plan_id, ext_place_id, ext_source, title, address, lat, lng, verification_level) VALUES ('STB_2095', 'brand_starbucks', '01ARZ3NDEKTSV4RRFFQ69G5FAV', 'free', 'STB_OFFICIAL_2095', 'starbucks_official', 'スターバックス コーヒー 広島 蔦屋書店', '広島県 広島市西区 扇2-1-45', 34.3728857641, 132.406872016, 1);
INSERT OR REPLACE INTO service_category_rel (service_id, category_id) VALUES ('STB_2095', 'cat_cafe');
INSERT OR REPLACE INTO service_cafe_details (service_id, has_wifi) VALUES ('STB_2095', 0);
INSERT OR REPLACE INTO services (service_id, brand_id, owner_id, plan_id, ext_place_id, ext_source, title, address, lat, lng, verification_level) VALUES ('STB_2151', 'brand_starbucks', '01ARZ3NDEKTSV4RRFFQ69G5FAV', 'free', 'STB_OFFICIAL_2151', 'starbucks_official', 'スターバックス コーヒー TSUTAYA 駅家店', '広島県 福山市 駅家町近田104', 34.5431209874, 133.318960929, 1);
INSERT OR REPLACE INTO service_category_rel (service_id, category_id) VALUES ('STB_2151', 'cat_cafe');
INSERT OR REPLACE INTO service_cafe_details (service_id, has_wifi) VALUES ('STB_2151', 0);
INSERT OR REPLACE INTO services (service_id, brand_id, owner_id, plan_id, ext_place_id, ext_source, title, address, lat, lng, verification_level) VALUES ('STB_2158', 'brand_starbucks', '01ARZ3NDEKTSV4RRFFQ69G5FAV', 'free', 'STB_OFFICIAL_2158', 'starbucks_official', 'スターバックス コーヒー TSUTAYA 伊勢丘店', '広島県 福山市 伊勢丘3-1-1', 34.5026843589, 133.423392173, 1);
INSERT OR REPLACE INTO service_category_rel (service_id, category_id) VALUES ('STB_2158', 'cat_cafe');
INSERT OR REPLACE INTO service_cafe_details (service_id, has_wifi) VALUES ('STB_2158', 0);
INSERT OR REPLACE INTO services (service_id, brand_id, owner_id, plan_id, ext_place_id, ext_source, title, address, lat, lng, verification_level) VALUES ('STB_2234', 'brand_starbucks', '01ARZ3NDEKTSV4RRFFQ69G5FAV', 'free', 'STB_OFFICIAL_2234', 'starbucks_official', 'スターバックス コーヒー 広島赤十字・原爆病院店', '広島県 広島市中区 千田町1-9-6', 34.3807337904, 132.45325058, 1);
INSERT OR REPLACE INTO service_category_rel (service_id, category_id) VALUES ('STB_2234', 'cat_cafe');
INSERT OR REPLACE INTO service_cafe_details (service_id, has_wifi) VALUES ('STB_2234', 0);
INSERT OR REPLACE INTO services (service_id, brand_id, owner_id, plan_id, ext_place_id, ext_source, title, address, lat, lng, verification_level) VALUES ('STB_2242', 'brand_starbucks', '01ARZ3NDEKTSV4RRFFQ69G5FAV', 'free', 'STB_OFFICIAL_2242', 'starbucks_official', 'スターバックス コーヒー TSUTAYA BOOKSTORE ラクア緑井店', '広島県 広島市安佐南区 緑井5-22-1 ラクア緑井', 34.4669897205, 132.478092879, 1);
INSERT OR REPLACE INTO service_category_rel (service_id, category_id) VALUES ('STB_2242', 'cat_cafe');
INSERT OR REPLACE INTO service_cafe_details (service_id, has_wifi) VALUES ('STB_2242', 1);
INSERT OR REPLACE INTO services (service_id, brand_id, owner_id, plan_id, ext_place_id, ext_source, title, address, lat, lng, verification_level) VALUES ('STB_2262', 'brand_starbucks', '01ARZ3NDEKTSV4RRFFQ69G5FAV', 'free', 'STB_OFFICIAL_2262', 'starbucks_official', 'スターバックス コーヒー TSUTAYA 新涯店', '広島県 福山市 新涯町3-21-11', 34.4611388486, 133.394217343, 1);
INSERT OR REPLACE INTO service_category_rel (service_id, category_id) VALUES ('STB_2262', 'cat_cafe');
INSERT OR REPLACE INTO service_cafe_details (service_id, has_wifi) VALUES ('STB_2262', 1);
INSERT OR REPLACE INTO services (service_id, brand_id, owner_id, plan_id, ext_place_id, ext_source, title, address, lat, lng, verification_level) VALUES ('STB_2358', 'brand_starbucks', '01ARZ3NDEKTSV4RRFFQ69G5FAV', 'free', 'STB_OFFICIAL_2358', 'starbucks_official', 'スターバックス コーヒー JR広島駅中央口店', '広島県 広島市南区 松原町2-37 ミナモア広島2階', 34.3975068269, 132.475358527, 1);
INSERT OR REPLACE INTO service_category_rel (service_id, category_id) VALUES ('STB_2358', 'cat_cafe');
INSERT OR REPLACE INTO service_cafe_details (service_id, has_wifi) VALUES ('STB_2358', 1);
INSERT OR REPLACE INTO services (service_id, brand_id, owner_id, plan_id, ext_place_id, ext_source, title, address, lat, lng, verification_level) VALUES ('STB_4028', 'brand_starbucks', '01ARZ3NDEKTSV4RRFFQ69G5FAV', 'free', 'STB_OFFICIAL_4028', 'starbucks_official', 'スターバックス コーヒー 尾道高須店', '広島県 尾道市 高須町4789-1', 34.4328502378, 133.236912265, 1);
INSERT OR REPLACE INTO service_category_rel (service_id, category_id) VALUES ('STB_4028', 'cat_cafe');
INSERT OR REPLACE INTO service_cafe_details (service_id, has_wifi) VALUES ('STB_4028', 1);
INSERT OR REPLACE INTO services (service_id, brand_id, owner_id, plan_id, ext_place_id, ext_source, title, address, lat, lng, verification_level) VALUES ('STB_4089', 'brand_starbucks', '01ARZ3NDEKTSV4RRFFQ69G5FAV', 'free', 'STB_OFFICIAL_4089', 'starbucks_official', 'スターバックス コーヒー ゆめモール西条店', '広島県 東広島市 西条町助実原比1212-1', 34.4242099819, 132.755884834, 1);
INSERT OR REPLACE INTO service_category_rel (service_id, category_id) VALUES ('STB_4089', 'cat_cafe');
INSERT OR REPLACE INTO service_cafe_details (service_id, has_wifi) VALUES ('STB_4089', 1);
INSERT OR REPLACE INTO services (service_id, brand_id, owner_id, plan_id, ext_place_id, ext_source, title, address, lat, lng, verification_level) VALUES ('STB_4153', 'brand_starbucks', '01ARZ3NDEKTSV4RRFFQ69G5FAV', 'free', 'STB_OFFICIAL_4153', 'starbucks_official', 'スターバックス コーヒー 福山南蔵王182号店', '広島県 福山市 南蔵王町2-26-46', 34.5030516546, 133.398040095, 1);
INSERT OR REPLACE INTO service_category_rel (service_id, category_id) VALUES ('STB_4153', 'cat_cafe');
INSERT OR REPLACE INTO service_cafe_details (service_id, has_wifi) VALUES ('STB_4153', 1);
INSERT OR REPLACE INTO services (service_id, brand_id, owner_id, plan_id, ext_place_id, ext_source, title, address, lat, lng, verification_level) VALUES ('STB_4154', 'brand_starbucks', '01ARZ3NDEKTSV4RRFFQ69G5FAV', 'free', 'STB_OFFICIAL_4154', 'starbucks_official', 'スターバックス コーヒー 福山サービスエリア（下り線）店', '広島県 福山市 津之郷町津之郷333-2 山陽自動車道 福山サービスエリア(下り線)', 34.4912234263, 133.315723032, 1);
INSERT OR REPLACE INTO service_category_rel (service_id, category_id) VALUES ('STB_4154', 'cat_cafe');
INSERT OR REPLACE INTO service_cafe_details (service_id, has_wifi) VALUES ('STB_4154', 1);
INSERT OR REPLACE INTO services (service_id, brand_id, owner_id, plan_id, ext_place_id, ext_source, title, address, lat, lng, verification_level) VALUES ('STB_4173', 'brand_starbucks', '01ARZ3NDEKTSV4RRFFQ69G5FAV', 'free', 'STB_OFFICIAL_4173', 'starbucks_official', 'スターバックス コーヒー 広島大宮店', '広島県 広島市西区 大宮1-26-4', 34.4196735789, 132.456950147, 1);
INSERT OR REPLACE INTO service_category_rel (service_id, category_id) VALUES ('STB_4173', 'cat_cafe');
INSERT OR REPLACE INTO service_cafe_details (service_id, has_wifi) VALUES ('STB_4173', 1);
INSERT OR REPLACE INTO services (service_id, brand_id, owner_id, plan_id, ext_place_id, ext_source, title, address, lat, lng, verification_level) VALUES ('STB_4248', 'brand_starbucks', '01ARZ3NDEKTSV4RRFFQ69G5FAV', 'free', 'STB_OFFICIAL_4248', 'starbucks_official', 'スターバックス コーヒー 広島市中央公園店', '広島県 広島市中区 基町5-25 SHIMINT HIROSHIMA F棟', 34.3973128674, 132.45422668, 1);
INSERT OR REPLACE INTO service_category_rel (service_id, category_id) VALUES ('STB_4248', 'cat_cafe');
INSERT OR REPLACE INTO service_cafe_details (service_id, has_wifi) VALUES ('STB_4248', 1);
INSERT OR REPLACE INTO services (service_id, brand_id, owner_id, plan_id, ext_place_id, ext_source, title, address, lat, lng, verification_level) VALUES ('STB_4275', 'brand_starbucks', '01ARZ3NDEKTSV4RRFFQ69G5FAV', 'free', 'STB_OFFICIAL_4275', 'starbucks_official', 'スターバックス コーヒー 三原店', '広島県 三原市 皆実2-3-14', 34.3926562443, 133.064312616, 1);
INSERT OR REPLACE INTO service_category_rel (service_id, category_id) VALUES ('STB_4275', 'cat_cafe');
INSERT OR REPLACE INTO service_cafe_details (service_id, has_wifi) VALUES ('STB_4275', 1);
INSERT OR REPLACE INTO services (service_id, brand_id, owner_id, plan_id, ext_place_id, ext_source, title, address, lat, lng, verification_level) VALUES ('STB_4396', 'brand_starbucks', '01ARZ3NDEKTSV4RRFFQ69G5FAV', 'free', 'STB_OFFICIAL_4396', 'starbucks_official', 'スターバックス コーヒー イオンタウン楽々園店', '広島県 広島市佐伯区 楽々園4-14-25', 34.3623609232, 132.351528763, 1);
INSERT OR REPLACE INTO service_category_rel (service_id, category_id) VALUES ('STB_4396', 'cat_cafe');
INSERT OR REPLACE INTO service_cafe_details (service_id, has_wifi) VALUES ('STB_4396', 1);
INSERT OR REPLACE INTO services (service_id, brand_id, owner_id, plan_id, ext_place_id, ext_source, title, address, lat, lng, verification_level) VALUES ('STB_4425', 'brand_starbucks', '01ARZ3NDEKTSV4RRFFQ69G5FAV', 'free', 'STB_OFFICIAL_4425', 'starbucks_official', 'スターバックス コーヒー スターバックス ティー＆カフェ ミナモア広島4階店', '広島県 広島市南区 松原町2-37 ミナモア広島4階', 34.3968074639, 132.475735473, 1);
INSERT OR REPLACE INTO service_category_rel (service_id, category_id) VALUES ('STB_4425', 'cat_cafe');
INSERT OR REPLACE INTO service_cafe_details (service_id, has_wifi) VALUES ('STB_4425', 1);
INSERT OR REPLACE INTO services (service_id, brand_id, owner_id, plan_id, ext_place_id, ext_source, title, address, lat, lng, verification_level) VALUES ('STB_4506', 'brand_starbucks', '01ARZ3NDEKTSV4RRFFQ69G5FAV', 'free', 'STB_OFFICIAL_4506', 'starbucks_official', 'スターバックス コーヒー アーバンサイクルパークス広島店', '広島県 広島市南区 宇品海岸3-6-40 アーバンサイクルパークス広島内', 34.3562580691, 132.468817081, 1);
INSERT OR REPLACE INTO service_category_rel (service_id, category_id) VALUES ('STB_4506', 'cat_cafe');
INSERT OR REPLACE INTO service_cafe_details (service_id, has_wifi) VALUES ('STB_4506', 0);
INSERT OR REPLACE INTO services (service_id, brand_id, owner_id, plan_id, ext_place_id, ext_source, title, address, lat, lng, verification_level) VALUES ('STB_4530', 'brand_starbucks', '01ARZ3NDEKTSV4RRFFQ69G5FAV', 'free', 'STB_OFFICIAL_4530', 'starbucks_official', 'スターバックス コーヒー 広島東雲店', '広島県 広島市南区 仁保新町1-4-34', 34.3784844011, 132.49034177, 1);
INSERT OR REPLACE INTO service_category_rel (service_id, category_id) VALUES ('STB_4530', 'cat_cafe');
INSERT OR REPLACE INTO service_cafe_details (service_id, has_wifi) VALUES ('STB_4530', 1);
INSERT OR REPLACE INTO services (service_id, brand_id, owner_id, plan_id, ext_place_id, ext_source, title, address, lat, lng, verification_level) VALUES ('STB_4532', 'brand_starbucks', '01ARZ3NDEKTSV4RRFFQ69G5FAV', 'free', 'STB_OFFICIAL_4532', 'starbucks_official', 'スターバックス コーヒー ゆめタウン呉店', '広島県 呉市 宝町5-10 ゆめタウン呉2階', 34.2422367998, 132.556688923, 1);
INSERT OR REPLACE INTO service_category_rel (service_id, category_id) VALUES ('STB_4532', 'cat_cafe');
INSERT OR REPLACE INTO service_cafe_details (service_id, has_wifi) VALUES ('STB_4532', 1);
INSERT OR REPLACE INTO services (service_id, brand_id, owner_id, plan_id, ext_place_id, ext_source, title, address, lat, lng, verification_level) VALUES ('STB_4593', 'brand_starbucks', '01ARZ3NDEKTSV4RRFFQ69G5FAV', 'free', 'STB_OFFICIAL_4593', 'starbucks_official', 'スターバックス コーヒー 広島駅北口店', '広島県 広島市東区 若草町12-1 アクティブインターシティ広島 2階', 34.3980484719, 132.477430553, 1);
INSERT OR REPLACE INTO service_category_rel (service_id, category_id) VALUES ('STB_4593', 'cat_cafe');
INSERT OR REPLACE INTO service_cafe_details (service_id, has_wifi) VALUES ('STB_4593', 1);
INSERT OR REPLACE INTO services (service_id, brand_id, owner_id, plan_id, ext_place_id, ext_source, title, address, lat, lng, verification_level) VALUES ('STB_4596', 'brand_starbucks', '01ARZ3NDEKTSV4RRFFQ69G5FAV', 'free', 'STB_OFFICIAL_4596', 'starbucks_official', 'スターバックス コーヒー 福屋 広島駅前店', '広島県 広島市南区 松原町9-1 エールエール HIROSHIMA 2階', 34.3962411049, 132.4739812, 1);
INSERT OR REPLACE INTO service_category_rel (service_id, category_id) VALUES ('STB_4596', 'cat_cafe');
INSERT OR REPLACE INTO service_cafe_details (service_id, has_wifi) VALUES ('STB_4596', 1);
INSERT OR REPLACE INTO services (service_id, brand_id, owner_id, plan_id, ext_place_id, ext_source, title, address, lat, lng, verification_level) VALUES ('STB_485', 'brand_starbucks', '01ARZ3NDEKTSV4RRFFQ69G5FAV', 'free', 'STB_OFFICIAL_485', 'starbucks_official', 'スターバックス コーヒー 大丸下関店', '山口県 下関市 竹崎町4-4-10 大丸下関', 33.9498995349, 130.923156936, 1);
INSERT OR REPLACE INTO service_category_rel (service_id, category_id) VALUES ('STB_485', 'cat_cafe');
INSERT OR REPLACE INTO service_cafe_details (service_id, has_wifi) VALUES ('STB_485', 1);
INSERT OR REPLACE INTO services (service_id, brand_id, owner_id, plan_id, ext_place_id, ext_source, title, address, lat, lng, verification_level) VALUES ('STB_849', 'brand_starbucks', '01ARZ3NDEKTSV4RRFFQ69G5FAV', 'free', 'STB_OFFICIAL_849', 'starbucks_official', 'スターバックス コーヒー おのだサンパーク店', '山口県 山陽小野田市 中川6-4-1 おのだサンパーク', 33.9855456158, 131.171510225, 1);
INSERT OR REPLACE INTO service_category_rel (service_id, category_id) VALUES ('STB_849', 'cat_cafe');
INSERT OR REPLACE INTO service_cafe_details (service_id, has_wifi) VALUES ('STB_849', 1);
INSERT OR REPLACE INTO services (service_id, brand_id, owner_id, plan_id, ext_place_id, ext_source, title, address, lat, lng, verification_level) VALUES ('STB_1158', 'brand_starbucks', '01ARZ3NDEKTSV4RRFFQ69G5FAV', 'free', 'STB_OFFICIAL_1158', 'starbucks_official', 'スターバックス コーヒー 下関あるかぽーと店', '山口県 下関市 あるかぽーと2-28', 33.9537902557, 130.940535591, 1);
INSERT OR REPLACE INTO service_category_rel (service_id, category_id) VALUES ('STB_1158', 'cat_cafe');
INSERT OR REPLACE INTO service_cafe_details (service_id, has_wifi) VALUES ('STB_1158', 1);
INSERT OR REPLACE INTO services (service_id, brand_id, owner_id, plan_id, ext_place_id, ext_source, title, address, lat, lng, verification_level) VALUES ('STB_1359', 'brand_starbucks', '01ARZ3NDEKTSV4RRFFQ69G5FAV', 'free', 'STB_OFFICIAL_1359', 'starbucks_official', 'スターバックス コーヒー ゆめシティ新下関店', '山口県 下関市 伊倉新町3-1-1 ゆめシティ', 34.0068250298, 130.934306167, 1);
INSERT OR REPLACE INTO service_category_rel (service_id, category_id) VALUES ('STB_1359', 'cat_cafe');
INSERT OR REPLACE INTO service_cafe_details (service_id, has_wifi) VALUES ('STB_1359', 1);
INSERT OR REPLACE INTO services (service_id, brand_id, owner_id, plan_id, ext_place_id, ext_source, title, address, lat, lng, verification_level) VALUES ('STB_1477', 'brand_starbucks', '01ARZ3NDEKTSV4RRFFQ69G5FAV', 'free', 'STB_OFFICIAL_1477', 'starbucks_official', 'スターバックス コーヒー 山口市中央公園店', '山口県 山口市 中園町7-10', 34.1687386676, 131.46613121, 1);
INSERT OR REPLACE INTO service_category_rel (service_id, category_id) VALUES ('STB_1477', 'cat_cafe');
INSERT OR REPLACE INTO service_cafe_details (service_id, has_wifi) VALUES ('STB_1477', 1);
INSERT OR REPLACE INTO services (service_id, brand_id, owner_id, plan_id, ext_place_id, ext_source, title, address, lat, lng, verification_level) VALUES ('STB_1747', 'brand_starbucks', '01ARZ3NDEKTSV4RRFFQ69G5FAV', 'free', 'STB_OFFICIAL_1747', 'starbucks_official', 'スターバックス コーヒー 防府店', '山口県 防府市 開出西町23-3', 34.0515826072, 131.546768241, 1);
INSERT OR REPLACE INTO service_category_rel (service_id, category_id) VALUES ('STB_1747', 'cat_cafe');
INSERT OR REPLACE INTO service_cafe_details (service_id, has_wifi) VALUES ('STB_1747', 1);
INSERT OR REPLACE INTO services (service_id, brand_id, owner_id, plan_id, ext_place_id, ext_source, title, address, lat, lng, verification_level) VALUES ('STB_2103', 'brand_starbucks', '01ARZ3NDEKTSV4RRFFQ69G5FAV', 'free', 'STB_OFFICIAL_2103', 'starbucks_official', 'スターバックス コーヒー 蔦屋書店 周南市立徳山駅前図書館店', '山口県 周南市 御幸通2-28-2', 34.0512954483, 131.803075302, 1);
INSERT OR REPLACE INTO service_category_rel (service_id, category_id) VALUES ('STB_2103', 'cat_cafe');
INSERT OR REPLACE INTO service_cafe_details (service_id, has_wifi) VALUES ('STB_2103', 1);
INSERT OR REPLACE INTO services (service_id, brand_id, owner_id, plan_id, ext_place_id, ext_source, title, address, lat, lng, verification_level) VALUES ('STB_4013', 'brand_starbucks', '01ARZ3NDEKTSV4RRFFQ69G5FAV', 'free', 'STB_OFFICIAL_4013', 'starbucks_official', 'スターバックス コーヒー ゆめタウン山口店', '山口県 山口市 大内千坊6-9-1 ゆめタウン山口', 34.1608866148, 131.491356421, 1);
INSERT OR REPLACE INTO service_category_rel (service_id, category_id) VALUES ('STB_4013', 'cat_cafe');
INSERT OR REPLACE INTO service_cafe_details (service_id, has_wifi) VALUES ('STB_4013', 1);
INSERT OR REPLACE INTO services (service_id, brand_id, owner_id, plan_id, ext_place_id, ext_source, title, address, lat, lng, verification_level) VALUES ('STB_4044', 'brand_starbucks', '01ARZ3NDEKTSV4RRFFQ69G5FAV', 'free', 'STB_OFFICIAL_4044', 'starbucks_official', 'スターバックス コーヒー 宇部琴芝店', '山口県 宇部市 東琴芝1-4-53', 33.9571798635, 131.256896106, 1);
INSERT OR REPLACE INTO service_category_rel (service_id, category_id) VALUES ('STB_4044', 'cat_cafe');
INSERT OR REPLACE INTO service_cafe_details (service_id, has_wifi) VALUES ('STB_4044', 1);
INSERT OR REPLACE INTO services (service_id, brand_id, owner_id, plan_id, ext_place_id, ext_source, title, address, lat, lng, verification_level) VALUES ('STB_4336', 'brand_starbucks', '01ARZ3NDEKTSV4RRFFQ69G5FAV', 'free', 'STB_OFFICIAL_4336', 'starbucks_official', 'スターバックス コーヒー 下関一の宮町店', '山口県 下関市 一の宮町2-17-8', 34.0000654953, 130.951370339, 1);
INSERT OR REPLACE INTO service_category_rel (service_id, category_id) VALUES ('STB_4336', 'cat_cafe');
INSERT OR REPLACE INTO service_cafe_details (service_id, has_wifi) VALUES ('STB_4336', 1);
INSERT OR REPLACE INTO services (service_id, brand_id, owner_id, plan_id, ext_place_id, ext_source, title, address, lat, lng, verification_level) VALUES ('STB_976', 'brand_starbucks', '01ARZ3NDEKTSV4RRFFQ69G5FAV', 'free', 'STB_OFFICIAL_976', 'starbucks_official', 'スターバックス コーヒー 徳島駅クレメントプラザ店', '徳島県 徳島市 寺島本町西1-61 徳島駅クレメントプラザ', 34.0741482327, 134.551442389, 1);
INSERT OR REPLACE INTO service_category_rel (service_id, category_id) VALUES ('STB_976', 'cat_cafe');
INSERT OR REPLACE INTO service_cafe_details (service_id, has_wifi) VALUES ('STB_976', 1);
INSERT OR REPLACE INTO services (service_id, brand_id, owner_id, plan_id, ext_place_id, ext_source, title, address, lat, lng, verification_level) VALUES ('STB_1043', 'brand_starbucks', '01ARZ3NDEKTSV4RRFFQ69G5FAV', 'free', 'STB_OFFICIAL_1043', 'starbucks_official', 'スターバックス コーヒー 徳島沖浜店', '徳島県 徳島市 沖浜2-5', 34.0528546989, 134.552694654, 1);
INSERT OR REPLACE INTO service_category_rel (service_id, category_id) VALUES ('STB_1043', 'cat_cafe');
INSERT OR REPLACE INTO service_cafe_details (service_id, has_wifi) VALUES ('STB_1043', 1);
INSERT OR REPLACE INTO services (service_id, brand_id, owner_id, plan_id, ext_place_id, ext_source, title, address, lat, lng, verification_level) VALUES ('STB_1054', 'brand_starbucks', '01ARZ3NDEKTSV4RRFFQ69G5FAV', 'free', 'STB_OFFICIAL_1054', 'starbucks_official', 'スターバックス コーヒー ゆめタウン徳島店', '徳島県 板野郡 藍住町奥野東中須88-1 ゆめタウン徳島', 34.1195299844, 134.500247329, 1);
INSERT OR REPLACE INTO service_category_rel (service_id, category_id) VALUES ('STB_1054', 'cat_cafe');
INSERT OR REPLACE INTO service_cafe_details (service_id, has_wifi) VALUES ('STB_1054', 1);
INSERT OR REPLACE INTO services (service_id, brand_id, owner_id, plan_id, ext_place_id, ext_source, title, address, lat, lng, verification_level) VALUES ('STB_1474', 'brand_starbucks', '01ARZ3NDEKTSV4RRFFQ69G5FAV', 'free', 'STB_OFFICIAL_1474', 'starbucks_official', 'スターバックス コーヒー イオンモール徳島店', '徳島県 徳島市 南末広町4-1', 34.0615002423, 134.573137559, 1);
INSERT OR REPLACE INTO service_category_rel (service_id, category_id) VALUES ('STB_1474', 'cat_cafe');
INSERT OR REPLACE INTO service_cafe_details (service_id, has_wifi) VALUES ('STB_1474', 1);
INSERT OR REPLACE INTO services (service_id, brand_id, owner_id, plan_id, ext_place_id, ext_source, title, address, lat, lng, verification_level) VALUES ('STB_1884', 'brand_starbucks', '01ARZ3NDEKTSV4RRFFQ69G5FAV', 'free', 'STB_OFFICIAL_1884', 'starbucks_official', 'スターバックス コーヒー 徳島北田宮店', '徳島県 徳島市 北田宮2-1-8', 34.0869225718, 134.54411852, 1);
INSERT OR REPLACE INTO service_category_rel (service_id, category_id) VALUES ('STB_1884', 'cat_cafe');
INSERT OR REPLACE INTO service_cafe_details (service_id, has_wifi) VALUES ('STB_1884', 1);
INSERT OR REPLACE INTO services (service_id, brand_id, owner_id, plan_id, ext_place_id, ext_source, title, address, lat, lng, verification_level) VALUES ('STB_4135', 'brand_starbucks', '01ARZ3NDEKTSV4RRFFQ69G5FAV', 'free', 'STB_OFFICIAL_4135', 'starbucks_official', 'スターバックス コーヒー 徳島万代店', '徳島県 徳島市 万代町5-8-2-1', 34.0642384041, 134.56417901, 1);
INSERT OR REPLACE INTO service_category_rel (service_id, category_id) VALUES ('STB_4135', 'cat_cafe');
INSERT OR REPLACE INTO service_cafe_details (service_id, has_wifi) VALUES ('STB_4135', 1);
INSERT OR REPLACE INTO services (service_id, brand_id, owner_id, plan_id, ext_place_id, ext_source, title, address, lat, lng, verification_level) VALUES ('STB_336', 'brand_starbucks', '01ARZ3NDEKTSV4RRFFQ69G5FAV', 'free', 'STB_OFFICIAL_336', 'starbucks_official', 'スターバックス コーヒー 高松丸亀町フェスタ店', '香川県 高松市 丸亀町6-1 フェスタ河野１', 34.3430204329, 134.049746951, 1);
INSERT OR REPLACE INTO service_category_rel (service_id, category_id) VALUES ('STB_336', 'cat_cafe');
INSERT OR REPLACE INTO service_cafe_details (service_id, has_wifi) VALUES ('STB_336', 1);
INSERT OR REPLACE INTO services (service_id, brand_id, owner_id, plan_id, ext_place_id, ext_source, title, address, lat, lng, verification_level) VALUES ('STB_344', 'brand_starbucks', '01ARZ3NDEKTSV4RRFFQ69G5FAV', 'free', 'STB_OFFICIAL_344', 'starbucks_official', 'スターバックス コーヒー 高松瓦町駅店', '香川県 高松市 常磐町1-3-1 琴電瓦町ビル', 34.3392753269, 134.05254828, 1);
INSERT OR REPLACE INTO service_category_rel (service_id, category_id) VALUES ('STB_344', 'cat_cafe');
INSERT OR REPLACE INTO service_cafe_details (service_id, has_wifi) VALUES ('STB_344', 1);
INSERT OR REPLACE INTO services (service_id, brand_id, owner_id, plan_id, ext_place_id, ext_source, title, address, lat, lng, verification_level) VALUES ('STB_390', 'brand_starbucks', '01ARZ3NDEKTSV4RRFFQ69G5FAV', 'free', 'STB_OFFICIAL_390', 'starbucks_official', 'スターバックス コーヒー ゆめタウン高松 1階店', '香川県 高松市 三条町中所608-1 ゆめタウン高松', 34.3166436578, 134.0410475, 1);
INSERT OR REPLACE INTO service_category_rel (service_id, category_id) VALUES ('STB_390', 'cat_cafe');
INSERT OR REPLACE INTO service_cafe_details (service_id, has_wifi) VALUES ('STB_390', 1);
INSERT OR REPLACE INTO services (service_id, brand_id, owner_id, plan_id, ext_place_id, ext_source, title, address, lat, lng, verification_level) VALUES ('STB_704', 'brand_starbucks', '01ARZ3NDEKTSV4RRFFQ69G5FAV', 'free', 'STB_OFFICIAL_704', 'starbucks_official', 'スターバックス コーヒー 香川大学病院店', '香川県 木田郡 三木町池戸1750-1 香川大学医学部付属病院', 34.2921657609, 134.122878775, 1);
INSERT OR REPLACE INTO service_category_rel (service_id, category_id) VALUES ('STB_704', 'cat_cafe');
INSERT OR REPLACE INTO service_cafe_details (service_id, has_wifi) VALUES ('STB_704', 1);
INSERT OR REPLACE INTO services (service_id, brand_id, owner_id, plan_id, ext_place_id, ext_source, title, address, lat, lng, verification_level) VALUES ('STB_762', 'brand_starbucks', '01ARZ3NDEKTSV4RRFFQ69G5FAV', 'free', 'STB_OFFICIAL_762', 'starbucks_official', 'スターバックス コーヒー イオンモール高松店', '香川県 高松市 香西本町1-1 イオンモール高松', 34.3516448259, 134.004192282, 1);
INSERT OR REPLACE INTO service_category_rel (service_id, category_id) VALUES ('STB_762', 'cat_cafe');
INSERT OR REPLACE INTO service_cafe_details (service_id, has_wifi) VALUES ('STB_762', 1);
INSERT OR REPLACE INTO services (service_id, brand_id, owner_id, plan_id, ext_place_id, ext_source, title, address, lat, lng, verification_level) VALUES ('STB_950', 'brand_starbucks', '01ARZ3NDEKTSV4RRFFQ69G5FAV', 'free', 'STB_OFFICIAL_950', 'starbucks_official', 'スターバックス コーヒー 高松レインボーロード店', '香川県 高松市 伏石町2084-5 ヤマダ電機テックランドNew高松', 34.3118364538, 134.060359728, 1);
INSERT OR REPLACE INTO service_category_rel (service_id, category_id) VALUES ('STB_950', 'cat_cafe');
INSERT OR REPLACE INTO service_cafe_details (service_id, has_wifi) VALUES ('STB_950', 1);
INSERT OR REPLACE INTO services (service_id, brand_id, owner_id, plan_id, ext_place_id, ext_source, title, address, lat, lng, verification_level) VALUES ('STB_1177', 'brand_starbucks', '01ARZ3NDEKTSV4RRFFQ69G5FAV', 'free', 'STB_OFFICIAL_1177', 'starbucks_official', 'スターバックス コーヒー 高松サン・フラワー通り店', '香川県 高松市 太田下町3010-3', 34.3040849124, 134.051868846, 1);
INSERT OR REPLACE INTO service_category_rel (service_id, category_id) VALUES ('STB_1177', 'cat_cafe');
INSERT OR REPLACE INTO service_cafe_details (service_id, has_wifi) VALUES ('STB_1177', 1);
INSERT OR REPLACE INTO services (service_id, brand_id, owner_id, plan_id, ext_place_id, ext_source, title, address, lat, lng, verification_level) VALUES ('STB_1632', 'brand_starbucks', '01ARZ3NDEKTSV4RRFFQ69G5FAV', 'free', 'STB_OFFICIAL_1632', 'starbucks_official', 'スターバックス コーヒー JR高松駅店', '香川県 高松市 浜ノ町1-20 COM高松', 34.3507042794, 134.046658521, 1);
INSERT OR REPLACE INTO service_category_rel (service_id, category_id) VALUES ('STB_1632', 'cat_cafe');
INSERT OR REPLACE INTO service_cafe_details (service_id, has_wifi) VALUES ('STB_1632', 1);
INSERT OR REPLACE INTO services (service_id, brand_id, owner_id, plan_id, ext_place_id, ext_source, title, address, lat, lng, verification_level) VALUES ('STB_1692', 'brand_starbucks', '01ARZ3NDEKTSV4RRFFQ69G5FAV', 'free', 'STB_OFFICIAL_1692', 'starbucks_official', 'スターバックス コーヒー イオンモール綾川店', '香川県 綾歌郡 綾川町萱原822-1 イオンモール綾川', 34.251706454, 133.930708264, 1);
INSERT OR REPLACE INTO service_category_rel (service_id, category_id) VALUES ('STB_1692', 'cat_cafe');
INSERT OR REPLACE INTO service_cafe_details (service_id, has_wifi) VALUES ('STB_1692', 1);
INSERT OR REPLACE INTO services (service_id, brand_id, owner_id, plan_id, ext_place_id, ext_source, title, address, lat, lng, verification_level) VALUES ('STB_1786', 'brand_starbucks', '01ARZ3NDEKTSV4RRFFQ69G5FAV', 'free', 'STB_OFFICIAL_1786', 'starbucks_official', 'スターバックス コーヒー ゆめタウン高松 東館3階店', '香川県 高松市 三条町608-1 ゆめタウン高松 東館3階', 34.3159734865, 134.043035699, 1);
INSERT OR REPLACE INTO service_category_rel (service_id, category_id) VALUES ('STB_1786', 'cat_cafe');
INSERT OR REPLACE INTO service_cafe_details (service_id, has_wifi) VALUES ('STB_1786', 1);
INSERT OR REPLACE INTO services (service_id, brand_id, owner_id, plan_id, ext_place_id, ext_source, title, address, lat, lng, verification_level) VALUES ('STB_1797', 'brand_starbucks', '01ARZ3NDEKTSV4RRFFQ69G5FAV', 'free', 'STB_OFFICIAL_1797', 'starbucks_official', 'スターバックス コーヒー 丸亀新田店', '香川県 丸亀市 新田町179-3', 34.2749053312, 133.785847005, 1);
INSERT OR REPLACE INTO service_category_rel (service_id, category_id) VALUES ('STB_1797', 'cat_cafe');
INSERT OR REPLACE INTO service_cafe_details (service_id, has_wifi) VALUES ('STB_1797', 1);
INSERT OR REPLACE INTO services (service_id, brand_id, owner_id, plan_id, ext_place_id, ext_source, title, address, lat, lng, verification_level) VALUES ('STB_2065', 'brand_starbucks', '01ARZ3NDEKTSV4RRFFQ69G5FAV', 'free', 'STB_OFFICIAL_2065', 'starbucks_official', 'スターバックス コーヒー TSUTAYA 宇多津店', '香川県 綾歌郡 宇多津町浜3-21-2', 34.3109280636, 133.813003368, 1);
INSERT OR REPLACE INTO service_category_rel (service_id, category_id) VALUES ('STB_2065', 'cat_cafe');
INSERT OR REPLACE INTO service_cafe_details (service_id, has_wifi) VALUES ('STB_2065', 1);
INSERT OR REPLACE INTO services (service_id, brand_id, owner_id, plan_id, ext_place_id, ext_source, title, address, lat, lng, verification_level) VALUES ('STB_2173', 'brand_starbucks', '01ARZ3NDEKTSV4RRFFQ69G5FAV', 'free', 'STB_OFFICIAL_2173', 'starbucks_official', 'スターバックス コーヒー 丸亀マルタス店', '香川県 丸亀市 大手町2-4-11 丸亀市市民交流活動センター マルタス', 34.2895545439, 133.79867582, 1);
INSERT OR REPLACE INTO service_category_rel (service_id, category_id) VALUES ('STB_2173', 'cat_cafe');
INSERT OR REPLACE INTO service_cafe_details (service_id, has_wifi) VALUES ('STB_2173', 0);
INSERT OR REPLACE INTO services (service_id, brand_id, owner_id, plan_id, ext_place_id, ext_source, title, address, lat, lng, verification_level) VALUES ('STB_4189', 'brand_starbucks', '01ARZ3NDEKTSV4RRFFQ69G5FAV', 'free', 'STB_OFFICIAL_4189', 'starbucks_official', 'スターバックス コーヒー 高松伏石店', '香川県 高松市 伏石町2149-8', 34.3068390013, 134.064285466, 1);
INSERT OR REPLACE INTO service_category_rel (service_id, category_id) VALUES ('STB_4189', 'cat_cafe');
INSERT OR REPLACE INTO service_cafe_details (service_id, has_wifi) VALUES ('STB_4189', 1);
INSERT OR REPLACE INTO services (service_id, brand_id, owner_id, plan_id, ext_place_id, ext_source, title, address, lat, lng, verification_level) VALUES ('STB_4195', 'brand_starbucks', '01ARZ3NDEKTSV4RRFFQ69G5FAV', 'free', 'STB_OFFICIAL_4195', 'starbucks_official', 'スターバックス コーヒー 坂出久米店', '香川県 坂出市 久米町１-26-1', 34.3190826591, 133.855682782, 1);
INSERT OR REPLACE INTO service_category_rel (service_id, category_id) VALUES ('STB_4195', 'cat_cafe');
INSERT OR REPLACE INTO service_cafe_details (service_id, has_wifi) VALUES ('STB_4195', 1);
INSERT OR REPLACE INTO services (service_id, brand_id, owner_id, plan_id, ext_place_id, ext_source, title, address, lat, lng, verification_level) VALUES ('STB_4397', 'brand_starbucks', '01ARZ3NDEKTSV4RRFFQ69G5FAV', 'free', 'STB_OFFICIAL_4397', 'starbucks_official', 'スターバックス コーヒー 高松西宝町店', '香川県 高松市 西宝町1-5-15', 34.3418291057, 134.030080862, 1);
INSERT OR REPLACE INTO service_category_rel (service_id, category_id) VALUES ('STB_4397', 'cat_cafe');
INSERT OR REPLACE INTO service_cafe_details (service_id, has_wifi) VALUES ('STB_4397', 1);
INSERT OR REPLACE INTO services (service_id, brand_id, owner_id, plan_id, ext_place_id, ext_source, title, address, lat, lng, verification_level) VALUES ('STB_4427', 'brand_starbucks', '01ARZ3NDEKTSV4RRFFQ69G5FAV', 'free', 'STB_OFFICIAL_4427', 'starbucks_official', 'スターバックス コーヒー 高松上福岡店', '香川県 高松市 上福岡町2021-5', 34.3270712861, 134.064538124, 1);
INSERT OR REPLACE INTO service_category_rel (service_id, category_id) VALUES ('STB_4427', 'cat_cafe');
INSERT OR REPLACE INTO service_cafe_details (service_id, has_wifi) VALUES ('STB_4427', 1);
INSERT OR REPLACE INTO services (service_id, brand_id, owner_id, plan_id, ext_place_id, ext_source, title, address, lat, lng, verification_level) VALUES ('STB_744', 'brand_starbucks', '01ARZ3NDEKTSV4RRFFQ69G5FAV', 'free', 'STB_OFFICIAL_744', 'starbucks_official', 'スターバックス コーヒー 松山湊町店', '愛媛県 松山市 湊町7-1-29', 33.8352463532, 132.75829092, 1);
INSERT OR REPLACE INTO service_category_rel (service_id, category_id) VALUES ('STB_744', 'cat_cafe');
INSERT OR REPLACE INTO service_cafe_details (service_id, has_wifi) VALUES ('STB_744', 1);
INSERT OR REPLACE INTO services (service_id, brand_id, owner_id, plan_id, ext_place_id, ext_source, title, address, lat, lng, verification_level) VALUES ('STB_1157', 'brand_starbucks', '01ARZ3NDEKTSV4RRFFQ69G5FAV', 'free', 'STB_OFFICIAL_1157', 'starbucks_official', 'スターバックス コーヒー 松山中央店', '愛媛県 松山市 中央1-4-12', 33.8541789652, 132.753415454, 1);
INSERT OR REPLACE INTO service_category_rel (service_id, category_id) VALUES ('STB_1157', 'cat_cafe');
INSERT OR REPLACE INTO service_cafe_details (service_id, has_wifi) VALUES ('STB_1157', 1);
INSERT OR REPLACE INTO services (service_id, brand_id, owner_id, plan_id, ext_place_id, ext_source, title, address, lat, lng, verification_level) VALUES ('STB_1312', 'brand_starbucks', '01ARZ3NDEKTSV4RRFFQ69G5FAV', 'free', 'STB_OFFICIAL_1312', 'starbucks_official', 'スターバックス コーヒー 松山はなみずき通り店', '愛媛県 松山市 古川北3-7-28', 33.8104485736, 132.765365641, 1);
INSERT OR REPLACE INTO service_category_rel (service_id, category_id) VALUES ('STB_1312', 'cat_cafe');
INSERT OR REPLACE INTO service_cafe_details (service_id, has_wifi) VALUES ('STB_1312', 1);
INSERT OR REPLACE INTO services (service_id, brand_id, owner_id, plan_id, ext_place_id, ext_source, title, address, lat, lng, verification_level) VALUES ('STB_1380', 'brand_starbucks', '01ARZ3NDEKTSV4RRFFQ69G5FAV', 'free', 'STB_OFFICIAL_1380', 'starbucks_official', 'スターバックス コーヒー イオンモール今治新都市店', '愛媛県 今治市 にぎわい広場1-1', 34.04383177, 132.962131331, 1);
INSERT OR REPLACE INTO service_category_rel (service_id, category_id) VALUES ('STB_1380', 'cat_cafe');
INSERT OR REPLACE INTO service_cafe_details (service_id, has_wifi) VALUES ('STB_1380', 1);
INSERT OR REPLACE INTO services (service_id, brand_id, owner_id, plan_id, ext_place_id, ext_source, title, address, lat, lng, verification_level) VALUES ('STB_1458', 'brand_starbucks', '01ARZ3NDEKTSV4RRFFQ69G5FAV', 'free', 'STB_OFFICIAL_1458', 'starbucks_official', 'スターバックス コーヒー 松山市駅前店', '愛媛県 松山市 湊町4-4-1', 33.835604751, 132.76417486, 1);
INSERT OR REPLACE INTO service_category_rel (service_id, category_id) VALUES ('STB_1458', 'cat_cafe');
INSERT OR REPLACE INTO service_cafe_details (service_id, has_wifi) VALUES ('STB_1458', 1);
INSERT OR REPLACE INTO services (service_id, brand_id, owner_id, plan_id, ext_place_id, ext_source, title, address, lat, lng, verification_level) VALUES ('STB_1577', 'brand_starbucks', '01ARZ3NDEKTSV4RRFFQ69G5FAV', 'free', 'STB_OFFICIAL_1577', 'starbucks_official', 'スターバックス コーヒー 道後温泉駅舎店', '愛媛県 松山市 道後町１-10-12', 33.8503527036, 132.78498273, 1);
INSERT OR REPLACE INTO service_category_rel (service_id, category_id) VALUES ('STB_1577', 'cat_cafe');
INSERT OR REPLACE INTO service_cafe_details (service_id, has_wifi) VALUES ('STB_1577', 1);
INSERT OR REPLACE INTO services (service_id, brand_id, owner_id, plan_id, ext_place_id, ext_source, title, address, lat, lng, verification_level) VALUES ('STB_2094', 'brand_starbucks', '01ARZ3NDEKTSV4RRFFQ69G5FAV', 'free', 'STB_OFFICIAL_2094', 'starbucks_official', 'スターバックス コーヒー TSUTAYA BOOK STORE 重信店', '愛媛県 東温市 野田3-1-13 フジグラン重信', 33.7951458447, 132.833487911, 1);
INSERT OR REPLACE INTO service_category_rel (service_id, category_id) VALUES ('STB_2094', 'cat_cafe');
INSERT OR REPLACE INTO service_cafe_details (service_id, has_wifi) VALUES ('STB_2094', 1);
INSERT OR REPLACE INTO services (service_id, brand_id, owner_id, plan_id, ext_place_id, ext_source, title, address, lat, lng, verification_level) VALUES ('STB_2177', 'brand_starbucks', '01ARZ3NDEKTSV4RRFFQ69G5FAV', 'free', 'STB_OFFICIAL_2177', 'starbucks_official', 'スターバックス コーヒー TSUTAYA BOOKSTORE エミフルMASAKI店', '愛媛県 伊予郡 松前町筒井850 エミフルMASAKI エミモール2F', 33.789893787, 132.715327132, 1);
INSERT OR REPLACE INTO service_category_rel (service_id, category_id) VALUES ('STB_2177', 'cat_cafe');
INSERT OR REPLACE INTO service_cafe_details (service_id, has_wifi) VALUES ('STB_2177', 0);
INSERT OR REPLACE INTO services (service_id, brand_id, owner_id, plan_id, ext_place_id, ext_source, title, address, lat, lng, verification_level) VALUES ('STB_4102', 'brand_starbucks', '01ARZ3NDEKTSV4RRFFQ69G5FAV', 'free', 'STB_OFFICIAL_4102', 'starbucks_official', 'スターバックス コーヒー 松山平田店', '愛媛県 松山市 平田町17-2', 33.8830066966, 132.752356436, 1);
INSERT OR REPLACE INTO service_category_rel (service_id, category_id) VALUES ('STB_4102', 'cat_cafe');
INSERT OR REPLACE INTO service_cafe_details (service_id, has_wifi) VALUES ('STB_4102', 1);
INSERT OR REPLACE INTO services (service_id, brand_id, owner_id, plan_id, ext_place_id, ext_source, title, address, lat, lng, verification_level) VALUES ('STB_4180', 'brand_starbucks', '01ARZ3NDEKTSV4RRFFQ69G5FAV', 'free', 'STB_OFFICIAL_4180', 'starbucks_official', 'スターバックス コーヒー イオンタウン川之江店', '愛媛県 四国中央市 妻鳥町1769 イオンタウン川之江', 33.9867779661, 133.571793882, 1);
INSERT OR REPLACE INTO service_category_rel (service_id, category_id) VALUES ('STB_4180', 'cat_cafe');
INSERT OR REPLACE INTO service_cafe_details (service_id, has_wifi) VALUES ('STB_4180', 1);
INSERT OR REPLACE INTO services (service_id, brand_id, owner_id, plan_id, ext_place_id, ext_source, title, address, lat, lng, verification_level) VALUES ('STB_4191', 'brand_starbucks', '01ARZ3NDEKTSV4RRFFQ69G5FAV', 'free', 'STB_OFFICIAL_4191', 'starbucks_official', 'スターバックス コーヒー 西条新田店', '愛媛県 西条市 新田141-2', 33.9300093584, 133.192562435, 1);
INSERT OR REPLACE INTO service_category_rel (service_id, category_id) VALUES ('STB_4191', 'cat_cafe');
INSERT OR REPLACE INTO service_cafe_details (service_id, has_wifi) VALUES ('STB_4191', 1);
INSERT OR REPLACE INTO services (service_id, brand_id, owner_id, plan_id, ext_place_id, ext_source, title, address, lat, lng, verification_level) VALUES ('STB_4213', 'brand_starbucks', '01ARZ3NDEKTSV4RRFFQ69G5FAV', 'free', 'STB_OFFICIAL_4213', 'starbucks_official', 'スターバックス コーヒー 今治鳥生店', '愛媛県 今治市 北高下町1-5-13', 34.0534810871, 133.013929919, 1);
INSERT OR REPLACE INTO service_category_rel (service_id, category_id) VALUES ('STB_4213', 'cat_cafe');
INSERT OR REPLACE INTO service_cafe_details (service_id, has_wifi) VALUES ('STB_4213', 1);
INSERT OR REPLACE INTO services (service_id, brand_id, owner_id, plan_id, ext_place_id, ext_source, title, address, lat, lng, verification_level) VALUES ('STB_4286', 'brand_starbucks', '01ARZ3NDEKTSV4RRFFQ69G5FAV', 'free', 'STB_OFFICIAL_4286', 'starbucks_official', 'スターバックス コーヒー イオンモール新居浜店', '愛媛県 新居浜市 前田町8-8 イオンモール新居浜', 33.9544372363, 133.268366126, 1);
INSERT OR REPLACE INTO service_category_rel (service_id, category_id) VALUES ('STB_4286', 'cat_cafe');
INSERT OR REPLACE INTO service_cafe_details (service_id, has_wifi) VALUES ('STB_4286', 1);
INSERT OR REPLACE INTO services (service_id, brand_id, owner_id, plan_id, ext_place_id, ext_source, title, address, lat, lng, verification_level) VALUES ('STB_4407', 'brand_starbucks', '01ARZ3NDEKTSV4RRFFQ69G5FAV', 'free', 'STB_OFFICIAL_4407', 'starbucks_official', 'スターバックス コーヒー 松山古川北店', '愛媛県 松山市 古川北2-21-14', 33.8129182344, 132.761067829, 1);
INSERT OR REPLACE INTO service_category_rel (service_id, category_id) VALUES ('STB_4407', 'cat_cafe');
INSERT OR REPLACE INTO service_cafe_details (service_id, has_wifi) VALUES ('STB_4407', 1);
INSERT OR REPLACE INTO services (service_id, brand_id, owner_id, plan_id, ext_place_id, ext_source, title, address, lat, lng, verification_level) VALUES ('STB_778', 'brand_starbucks', '01ARZ3NDEKTSV4RRFFQ69G5FAV', 'free', 'STB_OFFICIAL_778', 'starbucks_official', 'スターバックス コーヒー 高知あぞの店', '高知県 高知市 薊野北町1-9-39', 33.5788348887, 133.553338366, 1);
INSERT OR REPLACE INTO service_category_rel (service_id, category_id) VALUES ('STB_778', 'cat_cafe');
INSERT OR REPLACE INTO service_cafe_details (service_id, has_wifi) VALUES ('STB_778', 1);
INSERT OR REPLACE INTO services (service_id, brand_id, owner_id, plan_id, ext_place_id, ext_source, title, address, lat, lng, verification_level) VALUES ('STB_805', 'brand_starbucks', '01ARZ3NDEKTSV4RRFFQ69G5FAV', 'free', 'STB_OFFICIAL_805', 'starbucks_official', 'スターバックス コーヒー 高知潮江店', '高知県 高知市 潮新町2-13-28', 33.5487269563, 133.550955228, 1);
INSERT OR REPLACE INTO service_category_rel (service_id, category_id) VALUES ('STB_805', 'cat_cafe');
INSERT OR REPLACE INTO service_cafe_details (service_id, has_wifi) VALUES ('STB_805', 1);
INSERT OR REPLACE INTO services (service_id, brand_id, owner_id, plan_id, ext_place_id, ext_source, title, address, lat, lng, verification_level) VALUES ('STB_1176', 'brand_starbucks', '01ARZ3NDEKTSV4RRFFQ69G5FAV', 'free', 'STB_OFFICIAL_1176', 'starbucks_official', 'スターバックス コーヒー イオンモール高知1階店', '高知県 高知市 秦南町1-4-8 イオンモール高知 1階', 33.5766918662, 133.542111342, 1);
INSERT OR REPLACE INTO service_category_rel (service_id, category_id) VALUES ('STB_1176', 'cat_cafe');
INSERT OR REPLACE INTO service_cafe_details (service_id, has_wifi) VALUES ('STB_1176', 1);
INSERT OR REPLACE INTO services (service_id, brand_id, owner_id, plan_id, ext_place_id, ext_source, title, address, lat, lng, verification_level) VALUES ('STB_1273', 'brand_starbucks', '01ARZ3NDEKTSV4RRFFQ69G5FAV', 'free', 'STB_OFFICIAL_1273', 'starbucks_official', 'スターバックス コーヒー 高知帯屋町店', '高知県 高知市 帯屋町2-2-14 岡村帯屋町ビル', 33.5602779742, 133.536836424, 1);
INSERT OR REPLACE INTO service_category_rel (service_id, category_id) VALUES ('STB_1273', 'cat_cafe');
INSERT OR REPLACE INTO service_cafe_details (service_id, has_wifi) VALUES ('STB_1273', 1);
INSERT OR REPLACE INTO services (service_id, brand_id, owner_id, plan_id, ext_place_id, ext_source, title, address, lat, lng, verification_level) VALUES ('STB_2115', 'brand_starbucks', '01ARZ3NDEKTSV4RRFFQ69G5FAV', 'free', 'STB_OFFICIAL_2115', 'starbucks_official', 'スターバックス コーヒー 高知 蔦屋書店', '高知県 高知市 南御座90-1', 33.5667732912, 133.562951734, 1);
INSERT OR REPLACE INTO service_category_rel (service_id, category_id) VALUES ('STB_2115', 'cat_cafe');
INSERT OR REPLACE INTO service_cafe_details (service_id, has_wifi) VALUES ('STB_2115', 1);
INSERT OR REPLACE INTO services (service_id, brand_id, owner_id, plan_id, ext_place_id, ext_source, title, address, lat, lng, verification_level) VALUES ('STB_4023', 'brand_starbucks', '01ARZ3NDEKTSV4RRFFQ69G5FAV', 'free', 'STB_OFFICIAL_4023', 'starbucks_official', 'スターバックス コーヒー イオンモール高知2階店', '高知県 高知市 秦南町1-4-8 イオンモール高知 2階', 33.5766666009, 133.542670463, 1);
INSERT OR REPLACE INTO service_category_rel (service_id, category_id) VALUES ('STB_4023', 'cat_cafe');
INSERT OR REPLACE INTO service_cafe_details (service_id, has_wifi) VALUES ('STB_4023', 1);
INSERT OR REPLACE INTO services (service_id, brand_id, owner_id, plan_id, ext_place_id, ext_source, title, address, lat, lng, verification_level) VALUES ('STB_4145', 'brand_starbucks', '01ARZ3NDEKTSV4RRFFQ69G5FAV', 'free', 'STB_OFFICIAL_4145', 'starbucks_official', 'スターバックス コーヒー 高知知寄店', '高知県 高知市 小倉町1-40', 33.5577690314, 133.566094388, 1);
INSERT OR REPLACE INTO service_category_rel (service_id, category_id) VALUES ('STB_4145', 'cat_cafe');
INSERT OR REPLACE INTO service_cafe_details (service_id, has_wifi) VALUES ('STB_4145', 1);
INSERT OR REPLACE INTO services (service_id, brand_id, owner_id, plan_id, ext_place_id, ext_source, title, address, lat, lng, verification_level) VALUES ('STB_141', 'brand_starbucks', '01ARZ3NDEKTSV4RRFFQ69G5FAV', 'free', 'STB_OFFICIAL_141', 'starbucks_official', 'スターバックス コーヒー キャナルシティ博多店', '福岡県 福岡市博多区 住吉1-2-22 キャナルシティＯＰＡ B1F', 33.5897743952, 130.41153212, 1);
INSERT OR REPLACE INTO service_category_rel (service_id, category_id) VALUES ('STB_141', 'cat_cafe');
INSERT OR REPLACE INTO service_cafe_details (service_id, has_wifi) VALUES ('STB_141', 1);
INSERT OR REPLACE INTO services (service_id, brand_id, owner_id, plan_id, ext_place_id, ext_source, title, address, lat, lng, verification_level) VALUES ('STB_211', 'brand_starbucks', '01ARZ3NDEKTSV4RRFFQ69G5FAV', 'free', 'STB_OFFICIAL_211', 'starbucks_official', 'スターバックス コーヒー オリエンタルホテル福岡博多ステーション店', '福岡県 福岡市博多区 博多駅中央街4-23 オリエンタルホテル福岡博多ステーション 1F', 33.5906039331, 130.421962882, 1);
INSERT OR REPLACE INTO service_category_rel (service_id, category_id) VALUES ('STB_211', 'cat_cafe');
INSERT OR REPLACE INTO service_cafe_details (service_id, has_wifi) VALUES ('STB_211', 1);
INSERT OR REPLACE INTO services (service_id, brand_id, owner_id, plan_id, ext_place_id, ext_source, title, address, lat, lng, verification_level) VALUES ('STB_288', 'brand_starbucks', '01ARZ3NDEKTSV4RRFFQ69G5FAV', 'free', 'STB_OFFICIAL_288', 'starbucks_official', 'スターバックス コーヒー 福岡朝日ビル店', '福岡県 福岡市博多区 博多駅前2-1-1 福岡朝日ビル 1F', 33.5906541443, 130.418457615, 1);
INSERT OR REPLACE INTO service_category_rel (service_id, category_id) VALUES ('STB_288', 'cat_cafe');
INSERT OR REPLACE INTO service_cafe_details (service_id, has_wifi) VALUES ('STB_288', 1);
INSERT OR REPLACE INTO services (service_id, brand_id, owner_id, plan_id, ext_place_id, ext_source, title, address, lat, lng, verification_level) VALUES ('STB_317', 'brand_starbucks', '01ARZ3NDEKTSV4RRFFQ69G5FAV', 'free', 'STB_OFFICIAL_317', 'starbucks_official', 'スターバックス コーヒー ゆめタウン大牟田店', '福岡県 大牟田市 旭町2-28 ゆめタウン大牟田', 33.0366984608, 130.453989061, 1);
INSERT OR REPLACE INTO service_category_rel (service_id, category_id) VALUES ('STB_317', 'cat_cafe');
INSERT OR REPLACE INTO service_cafe_details (service_id, has_wifi) VALUES ('STB_317', 1);
INSERT OR REPLACE INTO services (service_id, brand_id, owner_id, plan_id, ext_place_id, ext_source, title, address, lat, lng, verification_level) VALUES ('STB_345', 'brand_starbucks', '01ARZ3NDEKTSV4RRFFQ69G5FAV', 'free', 'STB_OFFICIAL_345', 'starbucks_official', 'スターバックス コーヒー 福岡赤坂門店', '福岡県 福岡市中央区 大名2-4-22 新日本ビル 1F', 33.5888119164, 130.390948874, 1);
INSERT OR REPLACE INTO service_category_rel (service_id, category_id) VALUES ('STB_345', 'cat_cafe');
INSERT OR REPLACE INTO service_cafe_details (service_id, has_wifi) VALUES ('STB_345', 1);
INSERT OR REPLACE INTO services (service_id, brand_id, owner_id, plan_id, ext_place_id, ext_source, title, address, lat, lng, verification_level) VALUES ('STB_442', 'brand_starbucks', '01ARZ3NDEKTSV4RRFFQ69G5FAV', 'free', 'STB_OFFICIAL_442', 'starbucks_official', 'スターバックス コーヒー イオン若松店', '福岡県 北九州市若松区 二島1-3-1 イオン若松ショッピングセンター', 33.8919389853, 130.743508414, 1);
INSERT OR REPLACE INTO service_category_rel (service_id, category_id) VALUES ('STB_442', 'cat_cafe');
INSERT OR REPLACE INTO service_cafe_details (service_id, has_wifi) VALUES ('STB_442', 1);
INSERT OR REPLACE INTO services (service_id, brand_id, owner_id, plan_id, ext_place_id, ext_source, title, address, lat, lng, verification_level) VALUES ('STB_475', 'brand_starbucks', '01ARZ3NDEKTSV4RRFFQ69G5FAV', 'free', 'STB_OFFICIAL_475', 'starbucks_official', 'スターバックス コーヒー 小倉京町店', '福岡県 北九州市小倉北区 京町2-7-3 ユニバース京町ビル', 33.8856190103, 130.881166994, 1);
INSERT OR REPLACE INTO service_category_rel (service_id, category_id) VALUES ('STB_475', 'cat_cafe');
INSERT OR REPLACE INTO service_cafe_details (service_id, has_wifi) VALUES ('STB_475', 1);
INSERT OR REPLACE INTO services (service_id, brand_id, owner_id, plan_id, ext_place_id, ext_source, title, address, lat, lng, verification_level) VALUES ('STB_495', 'brand_starbucks', '01ARZ3NDEKTSV4RRFFQ69G5FAV', 'free', 'STB_OFFICIAL_495', 'starbucks_official', 'スターバックス コーヒー リバーウォーク北九州デコシティ店', '福岡県 北九州市小倉北区 室町1-1-1 リバーウォーク北九州 デコシティ1F', 33.8855208633, 130.875331095, 1);
INSERT OR REPLACE INTO service_category_rel (service_id, category_id) VALUES ('STB_495', 'cat_cafe');
INSERT OR REPLACE INTO service_cafe_details (service_id, has_wifi) VALUES ('STB_495', 1);
INSERT OR REPLACE INTO services (service_id, brand_id, owner_id, plan_id, ext_place_id, ext_source, title, address, lat, lng, verification_level) VALUES ('STB_517', 'brand_starbucks', '01ARZ3NDEKTSV4RRFFQ69G5FAV', 'free', 'STB_OFFICIAL_517', 'starbucks_official', 'スターバックス コーヒー ゆめタウン久留米店', '福岡県 久留米市 新合川1-2-1 ゆめタウン久留米', 33.322230215, 130.537660353, 1);
INSERT OR REPLACE INTO service_category_rel (service_id, category_id) VALUES ('STB_517', 'cat_cafe');
INSERT OR REPLACE INTO service_cafe_details (service_id, has_wifi) VALUES ('STB_517', 1);
INSERT OR REPLACE INTO services (service_id, brand_id, owner_id, plan_id, ext_place_id, ext_source, title, address, lat, lng, verification_level) VALUES ('STB_534', 'brand_starbucks', '01ARZ3NDEKTSV4RRFFQ69G5FAV', 'free', 'STB_OFFICIAL_534', 'starbucks_official', 'スターバックス コーヒー イオンモール香椎浜店', '福岡県 福岡市東区 香椎浜3-12-1 イオンモール香椎浜', 33.6575296959, 130.430170785, 1);
INSERT OR REPLACE INTO service_category_rel (service_id, category_id) VALUES ('STB_534', 'cat_cafe');
INSERT OR REPLACE INTO service_cafe_details (service_id, has_wifi) VALUES ('STB_534', 1);
INSERT OR REPLACE INTO services (service_id, brand_id, owner_id, plan_id, ext_place_id, ext_source, title, address, lat, lng, verification_level) VALUES ('STB_561', 'brand_starbucks', '01ARZ3NDEKTSV4RRFFQ69G5FAV', 'free', 'STB_OFFICIAL_561', 'starbucks_official', 'スターバックス コーヒー イオンモール福岡1階店', '福岡県 糟屋郡 粕屋町大字酒殿字老ノ木192-1 イオンモール福岡', 33.597064267, 130.480634101, 1);
INSERT OR REPLACE INTO service_category_rel (service_id, category_id) VALUES ('STB_561', 'cat_cafe');
INSERT OR REPLACE INTO service_cafe_details (service_id, has_wifi) VALUES ('STB_561', 1);
INSERT OR REPLACE INTO services (service_id, brand_id, owner_id, plan_id, ext_place_id, ext_source, title, address, lat, lng, verification_level) VALUES ('STB_596', 'brand_starbucks', '01ARZ3NDEKTSV4RRFFQ69G5FAV', 'free', 'STB_OFFICIAL_596', 'starbucks_official', 'スターバックス コーヒー サンリブシティ小倉店', '福岡県 北九州市小倉南区 上葛原2-14-１ サンリブシティ小倉', 33.8386745013, 130.908060256, 1);
INSERT OR REPLACE INTO service_category_rel (service_id, category_id) VALUES ('STB_596', 'cat_cafe');
INSERT OR REPLACE INTO service_cafe_details (service_id, has_wifi) VALUES ('STB_596', 1);
INSERT OR REPLACE INTO services (service_id, brand_id, owner_id, plan_id, ext_place_id, ext_source, title, address, lat, lng, verification_level) VALUES ('STB_608', 'brand_starbucks', '01ARZ3NDEKTSV4RRFFQ69G5FAV', 'free', 'STB_OFFICIAL_608', 'starbucks_official', 'スターバックス コーヒー イオンモール直方店', '福岡県 直方市 湯野原2-1-1', 33.7683364836, 130.749861633, 1);
INSERT OR REPLACE INTO service_category_rel (service_id, category_id) VALUES ('STB_608', 'cat_cafe');
INSERT OR REPLACE INTO service_cafe_details (service_id, has_wifi) VALUES ('STB_608', 1);
INSERT OR REPLACE INTO services (service_id, brand_id, owner_id, plan_id, ext_place_id, ext_source, title, address, lat, lng, verification_level) VALUES ('STB_640', 'brand_starbucks', '01ARZ3NDEKTSV4RRFFQ69G5FAV', 'free', 'STB_OFFICIAL_640', 'starbucks_official', 'スターバックス コーヒー 太宰府向佐野店', '福岡県 太宰府市 向佐野1-10-20', 33.5094877752, 130.495065268, 1);
INSERT OR REPLACE INTO service_category_rel (service_id, category_id) VALUES ('STB_640', 'cat_cafe');
INSERT OR REPLACE INTO service_cafe_details (service_id, has_wifi) VALUES ('STB_640', 1);
INSERT OR REPLACE INTO services (service_id, brand_id, owner_id, plan_id, ext_place_id, ext_source, title, address, lat, lng, verification_level) VALUES ('STB_641', 'brand_starbucks', '01ARZ3NDEKTSV4RRFFQ69G5FAV', 'free', 'STB_OFFICIAL_641', 'starbucks_official', 'スターバックス コーヒー 天神西通り店', '福岡県 福岡市中央区 大名1-13-25', 33.5878943375, 130.396713715, 1);
INSERT OR REPLACE INTO service_category_rel (service_id, category_id) VALUES ('STB_641', 'cat_cafe');
INSERT OR REPLACE INTO service_cafe_details (service_id, has_wifi) VALUES ('STB_641', 1);
INSERT OR REPLACE INTO services (service_id, brand_id, owner_id, plan_id, ext_place_id, ext_source, title, address, lat, lng, verification_level) VALUES ('STB_679', 'brand_starbucks', '01ARZ3NDEKTSV4RRFFQ69G5FAV', 'free', 'STB_OFFICIAL_679', 'starbucks_official', 'スターバックス コーヒー イオンモール福岡伊都店', '福岡県 福岡市西区 北原1-2-1 イオンモール福岡伊都', 33.5777105101, 130.258363174, 1);
INSERT OR REPLACE INTO service_category_rel (service_id, category_id) VALUES ('STB_679', 'cat_cafe');
INSERT OR REPLACE INTO service_cafe_details (service_id, has_wifi) VALUES ('STB_679', 1);
INSERT OR REPLACE INTO services (service_id, brand_id, owner_id, plan_id, ext_place_id, ext_source, title, address, lat, lng, verification_level) VALUES ('STB_714', 'brand_starbucks', '01ARZ3NDEKTSV4RRFFQ69G5FAV', 'free', 'STB_OFFICIAL_714', 'starbucks_official', 'スターバックス コーヒー 福岡次郎丸店', '福岡県 福岡市早良区 次郎丸2-10-10', 33.552942448, 130.328958729, 1);
INSERT OR REPLACE INTO service_category_rel (service_id, category_id) VALUES ('STB_714', 'cat_cafe');
INSERT OR REPLACE INTO service_cafe_details (service_id, has_wifi) VALUES ('STB_714', 1);
INSERT OR REPLACE INTO services (service_id, brand_id, owner_id, plan_id, ext_place_id, ext_source, title, address, lat, lng, verification_level) VALUES ('STB_726', 'brand_starbucks', '01ARZ3NDEKTSV4RRFFQ69G5FAV', 'free', 'STB_OFFICIAL_726', 'starbucks_official', 'スターバックス コーヒー イオンモール八幡東店', '福岡県 北九州市八幡東区 東田3-2-102 イオンモール八幡東', 33.8702386078, 130.811648476, 1);
INSERT OR REPLACE INTO service_category_rel (service_id, category_id) VALUES ('STB_726', 'cat_cafe');
INSERT OR REPLACE INTO service_cafe_details (service_id, has_wifi) VALUES ('STB_726', 1);
INSERT OR REPLACE INTO services (service_id, brand_id, owner_id, plan_id, ext_place_id, ext_source, title, address, lat, lng, verification_level) VALUES ('STB_737', 'brand_starbucks', '01ARZ3NDEKTSV4RRFFQ69G5FAV', 'free', 'STB_OFFICIAL_737', 'starbucks_official', 'スターバックス コーヒー 天神地下街店', '福岡県 福岡市中央区 天神2丁目地下０号 天神地下街', 33.58797163, 130.401212782, 1);
INSERT OR REPLACE INTO service_category_rel (service_id, category_id) VALUES ('STB_737', 'cat_cafe');
INSERT OR REPLACE INTO service_cafe_details (service_id, has_wifi) VALUES ('STB_737', 1);
INSERT OR REPLACE INTO services (service_id, brand_id, owner_id, plan_id, ext_place_id, ext_source, title, address, lat, lng, verification_level) VALUES ('STB_756', 'brand_starbucks', '01ARZ3NDEKTSV4RRFFQ69G5FAV', 'free', 'STB_OFFICIAL_756', 'starbucks_official', 'スターバックス コーヒー ゆめタウン博多店', '福岡県 福岡市東区 東浜1-1-1 ゆめタウン博多', 33.6125239248, 130.412589873, 1);
INSERT OR REPLACE INTO service_category_rel (service_id, category_id) VALUES ('STB_756', 'cat_cafe');
INSERT OR REPLACE INTO service_cafe_details (service_id, has_wifi) VALUES ('STB_756', 1);
INSERT OR REPLACE INTO services (service_id, brand_id, owner_id, plan_id, ext_place_id, ext_source, title, address, lat, lng, verification_level) VALUES ('STB_795', 'brand_starbucks', '01ARZ3NDEKTSV4RRFFQ69G5FAV', 'free', 'STB_OFFICIAL_795', 'starbucks_official', 'スターバックス コーヒー 久留米上津バイパス店', '福岡県 久留米市 野伏間1-7-25', 33.2854492404, 130.511079532, 1);
INSERT OR REPLACE INTO service_category_rel (service_id, category_id) VALUES ('STB_795', 'cat_cafe');
INSERT OR REPLACE INTO service_cafe_details (service_id, has_wifi) VALUES ('STB_795', 1);
INSERT OR REPLACE INTO services (service_id, brand_id, owner_id, plan_id, ext_place_id, ext_source, title, address, lat, lng, verification_level) VALUES ('STB_962', 'brand_starbucks', '01ARZ3NDEKTSV4RRFFQ69G5FAV', 'free', 'STB_OFFICIAL_962', 'starbucks_official', 'スターバックス コーヒー 福岡大濠公園店', '福岡県 福岡市中央区 大濠公園1-8', 33.5870988183, 130.378025859, 1);
INSERT OR REPLACE INTO service_category_rel (service_id, category_id) VALUES ('STB_962', 'cat_cafe');
INSERT OR REPLACE INTO service_cafe_details (service_id, has_wifi) VALUES ('STB_962', 1);
INSERT OR REPLACE INTO services (service_id, brand_id, owner_id, plan_id, ext_place_id, ext_source, title, address, lat, lng, verification_level) VALUES ('STB_1009', 'brand_starbucks', '01ARZ3NDEKTSV4RRFFQ69G5FAV', 'free', 'STB_OFFICIAL_1009', 'starbucks_official', 'スターバックス コーヒー 福岡新宮店', '福岡県 糟屋郡 新宮町中央駅前2-5-15', 33.708997957, 130.454955524, 1);
INSERT OR REPLACE INTO service_category_rel (service_id, category_id) VALUES ('STB_1009', 'cat_cafe');
INSERT OR REPLACE INTO service_cafe_details (service_id, has_wifi) VALUES ('STB_1009', 1);
INSERT OR REPLACE INTO services (service_id, brand_id, owner_id, plan_id, ext_place_id, ext_source, title, address, lat, lng, verification_level) VALUES ('STB_1017', 'brand_starbucks', '01ARZ3NDEKTSV4RRFFQ69G5FAV', 'free', 'STB_OFFICIAL_1017', 'starbucks_official', 'スターバックス コーヒー 福岡春日店', '福岡県 春日市 春日6-14', 33.5186507889, 130.469266989, 1);
INSERT OR REPLACE INTO service_category_rel (service_id, category_id) VALUES ('STB_1017', 'cat_cafe');
INSERT OR REPLACE INTO service_cafe_details (service_id, has_wifi) VALUES ('STB_1017', 1);
INSERT OR REPLACE INTO services (service_id, brand_id, owner_id, plan_id, ext_place_id, ext_source, title, address, lat, lng, verification_level) VALUES ('STB_1033', 'brand_starbucks', '01ARZ3NDEKTSV4RRFFQ69G5FAV', 'free', 'STB_OFFICIAL_1033', 'starbucks_official', 'スターバックス コーヒー 木の葉モール橋本店', '福岡県 福岡市西区 橋本2-27-2 木の葉モール橋本', 33.5558522866, 130.321631703, 1);
INSERT OR REPLACE INTO service_category_rel (service_id, category_id) VALUES ('STB_1033', 'cat_cafe');
INSERT OR REPLACE INTO service_cafe_details (service_id, has_wifi) VALUES ('STB_1033', 1);
INSERT OR REPLACE INTO services (service_id, brand_id, owner_id, plan_id, ext_place_id, ext_source, title, address, lat, lng, verification_level) VALUES ('STB_1058', 'brand_starbucks', '01ARZ3NDEKTSV4RRFFQ69G5FAV', 'free', 'STB_OFFICIAL_1058', 'starbucks_official', 'スターバックス コーヒー 太宰府天満宮表参道店', '福岡県 太宰府市 宰府3-2-43', 33.5196326373, 130.533390785, 1);
INSERT OR REPLACE INTO service_category_rel (service_id, category_id) VALUES ('STB_1058', 'cat_cafe');
INSERT OR REPLACE INTO service_cafe_details (service_id, has_wifi) VALUES ('STB_1058', 1);
INSERT OR REPLACE INTO services (service_id, brand_id, owner_id, plan_id, ext_place_id, ext_source, title, address, lat, lng, verification_level) VALUES ('STB_1059', 'brand_starbucks', '01ARZ3NDEKTSV4RRFFQ69G5FAV', 'free', 'STB_OFFICIAL_1059', 'starbucks_official', 'スターバックス コーヒー 天神南渡辺通り店', '福岡県 福岡市中央区 渡辺通4-9-18 福酒ビル', 33.5873258665, 130.401258364, 1);
INSERT OR REPLACE INTO service_category_rel (service_id, category_id) VALUES ('STB_1059', 'cat_cafe');
INSERT OR REPLACE INTO service_cafe_details (service_id, has_wifi) VALUES ('STB_1059', 1);
INSERT OR REPLACE INTO services (service_id, brand_id, owner_id, plan_id, ext_place_id, ext_source, title, address, lat, lng, verification_level) VALUES ('STB_1080', 'brand_starbucks', '01ARZ3NDEKTSV4RRFFQ69G5FAV', 'free', 'STB_OFFICIAL_1080', 'starbucks_official', 'スターバックス コーヒー イオンモール福津店', '福岡県 福津市 日蒔野6-16-1 イオンモール福津', 33.7543593576, 130.494850399, 1);
INSERT OR REPLACE INTO service_category_rel (service_id, category_id) VALUES ('STB_1080', 'cat_cafe');
INSERT OR REPLACE INTO service_cafe_details (service_id, has_wifi) VALUES ('STB_1080', 1);
INSERT OR REPLACE INTO services (service_id, brand_id, owner_id, plan_id, ext_place_id, ext_source, title, address, lat, lng, verification_level) VALUES ('STB_1168', 'brand_starbucks', '01ARZ3NDEKTSV4RRFFQ69G5FAV', 'free', 'STB_OFFICIAL_1168', 'starbucks_official', 'スターバックス コーヒー 久留米東櫛原店', '福岡県 久留米市 東櫛原町413-1', 33.3256579142, 130.522345079, 1);
INSERT OR REPLACE INTO service_category_rel (service_id, category_id) VALUES ('STB_1168', 'cat_cafe');
INSERT OR REPLACE INTO service_cafe_details (service_id, has_wifi) VALUES ('STB_1168', 1);
INSERT OR REPLACE INTO services (service_id, brand_id, owner_id, plan_id, ext_place_id, ext_source, title, address, lat, lng, verification_level) VALUES ('STB_1206', 'brand_starbucks', '01ARZ3NDEKTSV4RRFFQ69G5FAV', 'free', 'STB_OFFICIAL_1206', 'starbucks_official', 'スターバックス コーヒー アミュプラザ博多 3階店', '福岡県 福岡市博多区 博多駅中央街1-1 アミュプラザ博多 3F', 33.5902336594, 130.419928901, 1);
INSERT OR REPLACE INTO service_category_rel (service_id, category_id) VALUES ('STB_1206', 'cat_cafe');
INSERT OR REPLACE INTO service_cafe_details (service_id, has_wifi) VALUES ('STB_1206', 1);
INSERT OR REPLACE INTO services (service_id, brand_id, owner_id, plan_id, ext_place_id, ext_source, title, address, lat, lng, verification_level) VALUES ('STB_1219', 'brand_starbucks', '01ARZ3NDEKTSV4RRFFQ69G5FAV', 'free', 'STB_OFFICIAL_1219', 'starbucks_official', 'スターバックス コーヒー 天神VIORO店', '福岡県 福岡市中央区 天神2-10-3 天神VIORO', 33.5895219694, 130.398328506, 1);
INSERT OR REPLACE INTO service_category_rel (service_id, category_id) VALUES ('STB_1219', 'cat_cafe');
INSERT OR REPLACE INTO service_cafe_details (service_id, has_wifi) VALUES ('STB_1219', 1);
INSERT OR REPLACE INTO services (service_id, brand_id, owner_id, plan_id, ext_place_id, ext_source, title, address, lat, lng, verification_level) VALUES ('STB_1220', 'brand_starbucks', '01ARZ3NDEKTSV4RRFFQ69G5FAV', 'free', 'STB_OFFICIAL_1220', 'starbucks_official', 'スターバックス コーヒー 福岡パルコ店', '福岡県 福岡市中央区 天神2-11-1 福岡パルコ新館', 33.5910040287, 130.398079847, 1);
INSERT OR REPLACE INTO service_category_rel (service_id, category_id) VALUES ('STB_1220', 'cat_cafe');
INSERT OR REPLACE INTO service_cafe_details (service_id, has_wifi) VALUES ('STB_1220', 1);
INSERT OR REPLACE INTO services (service_id, brand_id, owner_id, plan_id, ext_place_id, ext_source, title, address, lat, lng, verification_level) VALUES ('STB_1247', 'brand_starbucks', '01ARZ3NDEKTSV4RRFFQ69G5FAV', 'free', 'STB_OFFICIAL_1247', 'starbucks_official', 'スターバックス コーヒー 天神ソラリアステージ店', '福岡県 福岡市中央区 天神2-11-3 ソラリアステージ', 33.5900988592, 130.398736223, 1);
INSERT OR REPLACE INTO service_category_rel (service_id, category_id) VALUES ('STB_1247', 'cat_cafe');
INSERT OR REPLACE INTO service_cafe_details (service_id, has_wifi) VALUES ('STB_1247', 1);
INSERT OR REPLACE INTO services (service_id, brand_id, owner_id, plan_id, ext_place_id, ext_source, title, address, lat, lng, verification_level) VALUES ('STB_1279', 'brand_starbucks', '01ARZ3NDEKTSV4RRFFQ69G5FAV', 'free', 'STB_OFFICIAL_1279', 'starbucks_official', 'スターバックス コーヒー 西鉄天神高速バスターミナル店', '福岡県 福岡市中央区 天神2-1-1 ソラリアターミナルビル 3階', 33.5889209475, 130.399760359, 1);
INSERT OR REPLACE INTO service_category_rel (service_id, category_id) VALUES ('STB_1279', 'cat_cafe');
INSERT OR REPLACE INTO service_cafe_details (service_id, has_wifi) VALUES ('STB_1279', 1);
INSERT OR REPLACE INTO services (service_id, brand_id, owner_id, plan_id, ext_place_id, ext_source, title, address, lat, lng, verification_level) VALUES ('STB_1365', 'brand_starbucks', '01ARZ3NDEKTSV4RRFFQ69G5FAV', 'free', 'STB_OFFICIAL_1365', 'starbucks_official', 'スターバックス コーヒー ＫＩＴＴＥ博多店', '福岡県 福岡市博多区 博多駅中央街9-1', 33.5889332304, 130.419212354, 1);
INSERT OR REPLACE INTO service_category_rel (service_id, category_id) VALUES ('STB_1365', 'cat_cafe');
INSERT OR REPLACE INTO service_cafe_details (service_id, has_wifi) VALUES ('STB_1365', 1);
INSERT OR REPLACE INTO services (service_id, brand_id, owner_id, plan_id, ext_place_id, ext_source, title, address, lat, lng, verification_level) VALUES ('STB_1366', 'brand_starbucks', '01ARZ3NDEKTSV4RRFFQ69G5FAV', 'free', 'STB_OFFICIAL_1366', 'starbucks_official', 'スターバックス コーヒー JRJP博多ビル店', '福岡県 福岡市博多区 博多駅中央街8-1', 33.5880058251, 130.41895103, 1);
INSERT OR REPLACE INTO service_category_rel (service_id, category_id) VALUES ('STB_1366', 'cat_cafe');
INSERT OR REPLACE INTO service_cafe_details (service_id, has_wifi) VALUES ('STB_1366', 1);
INSERT OR REPLACE INTO services (service_id, brand_id, owner_id, plan_id, ext_place_id, ext_source, title, address, lat, lng, verification_level) VALUES ('STB_1367', 'brand_starbucks', '01ARZ3NDEKTSV4RRFFQ69G5FAV', 'free', 'STB_OFFICIAL_1367', 'starbucks_official', 'スターバックス コーヒー 博多の森店', '福岡県 福岡市博多区 東平尾1-71-9', 33.5895752303, 130.458121871, 1);
INSERT OR REPLACE INTO service_category_rel (service_id, category_id) VALUES ('STB_1367', 'cat_cafe');
INSERT OR REPLACE INTO service_cafe_details (service_id, has_wifi) VALUES ('STB_1367', 1);
INSERT OR REPLACE INTO services (service_id, brand_id, owner_id, plan_id, ext_place_id, ext_source, title, address, lat, lng, verification_level) VALUES ('STB_1424', 'brand_starbucks', '01ARZ3NDEKTSV4RRFFQ69G5FAV', 'free', 'STB_OFFICIAL_1424', 'starbucks_official', 'スターバックス コーヒー ウエストコート姪浜店', '福岡県 福岡市西区 内浜1-7-7', 33.5813223694, 130.323313447, 1);
INSERT OR REPLACE INTO service_category_rel (service_id, category_id) VALUES ('STB_1424', 'cat_cafe');
INSERT OR REPLACE INTO service_cafe_details (service_id, has_wifi) VALUES ('STB_1424', 1);
INSERT OR REPLACE INTO services (service_id, brand_id, owner_id, plan_id, ext_place_id, ext_source, title, address, lat, lng, verification_level) VALUES ('STB_1496', 'brand_starbucks', '01ARZ3NDEKTSV4RRFFQ69G5FAV', 'free', 'STB_OFFICIAL_1496', 'starbucks_official', 'スターバックス コーヒー 福岡空港国際線ターミナル店', '福岡県 福岡市博多区 青木739', 33.5847363424, 130.444449896, 1);
INSERT OR REPLACE INTO service_category_rel (service_id, category_id) VALUES ('STB_1496', 'cat_cafe');
INSERT OR REPLACE INTO service_cafe_details (service_id, has_wifi) VALUES ('STB_1496', 0);
INSERT OR REPLACE INTO services (service_id, brand_id, owner_id, plan_id, ext_place_id, ext_source, title, address, lat, lng, verification_level) VALUES ('STB_1581', 'brand_starbucks', '01ARZ3NDEKTSV4RRFFQ69G5FAV', 'free', 'STB_OFFICIAL_1581', 'starbucks_official', 'スターバックス コーヒー マークイズ福岡ももち店', '福岡県 福岡市中央区 地行浜2-2-1 マークイズ福岡ももち', 33.5924527045, 130.362945476, 1);
INSERT OR REPLACE INTO service_category_rel (service_id, category_id) VALUES ('STB_1581', 'cat_cafe');
INSERT OR REPLACE INTO service_cafe_details (service_id, has_wifi) VALUES ('STB_1581', 1);
INSERT OR REPLACE INTO services (service_id, brand_id, owner_id, plan_id, ext_place_id, ext_source, title, address, lat, lng, verification_level) VALUES ('STB_1594', 'brand_starbucks', '01ARZ3NDEKTSV4RRFFQ69G5FAV', 'free', 'STB_OFFICIAL_1594', 'starbucks_official', 'スターバックス コーヒー 西鉄大橋駅店', '福岡県 福岡市南区 大橋1-5-1', 33.5593290248, 130.426531998, 1);
INSERT OR REPLACE INTO service_category_rel (service_id, category_id) VALUES ('STB_1594', 'cat_cafe');
INSERT OR REPLACE INTO service_cafe_details (service_id, has_wifi) VALUES ('STB_1594', 1);
INSERT OR REPLACE INTO services (service_id, brand_id, owner_id, plan_id, ext_place_id, ext_source, title, address, lat, lng, verification_level) VALUES ('STB_1595', 'brand_starbucks', '01ARZ3NDEKTSV4RRFFQ69G5FAV', 'free', 'STB_OFFICIAL_1595', 'starbucks_official', 'スターバックス コーヒー 西鉄久留米駅店', '福岡県 久留米市 東町上天神田316-2 エマックス・クルメ', 33.3122907099, 130.521031914, 1);
INSERT OR REPLACE INTO service_category_rel (service_id, category_id) VALUES ('STB_1595', 'cat_cafe');
INSERT OR REPLACE INTO service_cafe_details (service_id, has_wifi) VALUES ('STB_1595', 1);
INSERT OR REPLACE INTO services (service_id, brand_id, owner_id, plan_id, ext_place_id, ext_source, title, address, lat, lng, verification_level) VALUES ('STB_1628', 'brand_starbucks', '01ARZ3NDEKTSV4RRFFQ69G5FAV', 'free', 'STB_OFFICIAL_1628', 'starbucks_official', 'スターバックス コーヒー ゆめタウン行橋店', '福岡県 行橋市 西宮市3-8-1 ゆめタウン行橋', 33.7205748358, 130.967360769, 1);
INSERT OR REPLACE INTO service_category_rel (service_id, category_id) VALUES ('STB_1628', 'cat_cafe');
INSERT OR REPLACE INTO service_cafe_details (service_id, has_wifi) VALUES ('STB_1628', 1);
INSERT OR REPLACE INTO services (service_id, brand_id, owner_id, plan_id, ext_place_id, ext_source, title, address, lat, lng, verification_level) VALUES ('STB_1685', 'brand_starbucks', '01ARZ3NDEKTSV4RRFFQ69G5FAV', 'free', 'STB_OFFICIAL_1685', 'starbucks_official', 'スターバックス コーヒー 福岡空港国内線ターミナル3階店', '福岡県 福岡市博多区 下臼井767-1 福岡空港国内線ターミナルビル', 33.5964379306, 130.448003506, 1);
INSERT OR REPLACE INTO service_category_rel (service_id, category_id) VALUES ('STB_1685', 'cat_cafe');
INSERT OR REPLACE INTO service_cafe_details (service_id, has_wifi) VALUES ('STB_1685', 1);
INSERT OR REPLACE INTO services (service_id, brand_id, owner_id, plan_id, ext_place_id, ext_source, title, address, lat, lng, verification_level) VALUES ('STB_1708', 'brand_starbucks', '01ARZ3NDEKTSV4RRFFQ69G5FAV', 'free', 'STB_OFFICIAL_1708', 'starbucks_official', 'スターバックス コーヒー 博多駅前ビジネスセンター店', '福岡県 福岡市博多区 博多駅前3-25-21 博多駅前ビジネスセンター', 33.589533139, 130.417650512, 1);
INSERT OR REPLACE INTO service_category_rel (service_id, category_id) VALUES ('STB_1708', 'cat_cafe');
INSERT OR REPLACE INTO service_cafe_details (service_id, has_wifi) VALUES ('STB_1708', 1);
INSERT OR REPLACE INTO services (service_id, brand_id, owner_id, plan_id, ext_place_id, ext_source, title, address, lat, lng, verification_level) VALUES ('STB_1824', 'brand_starbucks', '01ARZ3NDEKTSV4RRFFQ69G5FAV', 'free', 'STB_OFFICIAL_1824', 'starbucks_official', 'スターバックス コーヒー IWATAYA本店新館店', '福岡県 福岡市中央区 天神2-5-35 岩田屋本店新館', 33.5894761336, 130.397911876, 1);
INSERT OR REPLACE INTO service_category_rel (service_id, category_id) VALUES ('STB_1824', 'cat_cafe');
INSERT OR REPLACE INTO service_cafe_details (service_id, has_wifi) VALUES ('STB_1824', 1);
INSERT OR REPLACE INTO services (service_id, brand_id, owner_id, plan_id, ext_place_id, ext_source, title, address, lat, lng, verification_level) VALUES ('STB_1860', 'brand_starbucks', '01ARZ3NDEKTSV4RRFFQ69G5FAV', 'free', 'STB_OFFICIAL_1860', 'starbucks_official', 'スターバックス コーヒー パセオ野間大池店', '福岡県 福岡市南区 柳河内1-2-1 パセオ野間大池', 33.5541206241, 130.406687219, 1);
INSERT OR REPLACE INTO service_category_rel (service_id, category_id) VALUES ('STB_1860', 'cat_cafe');
INSERT OR REPLACE INTO service_cafe_details (service_id, has_wifi) VALUES ('STB_1860', 1);
INSERT OR REPLACE INTO services (service_id, brand_id, owner_id, plan_id, ext_place_id, ext_source, title, address, lat, lng, verification_level) VALUES ('STB_2033', 'brand_starbucks', '01ARZ3NDEKTSV4RRFFQ69G5FAV', 'free', 'STB_OFFICIAL_2033', 'starbucks_official', 'スターバックス コーヒー 福岡大学病院店', '福岡県 福岡市城南区 七隈7-45-1 福岡大学病院新館', 33.5473538926, 130.361534892, 1);
INSERT OR REPLACE INTO service_category_rel (service_id, category_id) VALUES ('STB_2033', 'cat_cafe');
INSERT OR REPLACE INTO service_cafe_details (service_id, has_wifi) VALUES ('STB_2033', 0);
INSERT OR REPLACE INTO services (service_id, brand_id, owner_id, plan_id, ext_place_id, ext_source, title, address, lat, lng, verification_level) VALUES ('STB_2102', 'brand_starbucks', '01ARZ3NDEKTSV4RRFFQ69G5FAV', 'free', 'STB_OFFICIAL_2102', 'starbucks_official', 'スターバックス コーヒー 六本松 蔦屋書店', '福岡県 福岡市中央区 六本松4-2-1', 33.5774545659, 130.377667166, 1);
INSERT OR REPLACE INTO service_category_rel (service_id, category_id) VALUES ('STB_2102', 'cat_cafe');
INSERT OR REPLACE INTO service_cafe_details (service_id, has_wifi) VALUES ('STB_2102', 0);
INSERT OR REPLACE INTO services (service_id, brand_id, owner_id, plan_id, ext_place_id, ext_source, title, address, lat, lng, verification_level) VALUES ('STB_2124', 'brand_starbucks', '01ARZ3NDEKTSV4RRFFQ69G5FAV', 'free', 'STB_OFFICIAL_2124', 'starbucks_official', 'スターバックス コーヒー アミュプラザ小倉店', '福岡県 北九州市小倉北区 浅野1-1-1 アミュプラザ小倉', 33.8865536524, 130.882305746, 1);
INSERT OR REPLACE INTO service_category_rel (service_id, category_id) VALUES ('STB_2124', 'cat_cafe');
INSERT OR REPLACE INTO service_cafe_details (service_id, has_wifi) VALUES ('STB_2124', 1);
INSERT OR REPLACE INTO services (service_id, brand_id, owner_id, plan_id, ext_place_id, ext_source, title, address, lat, lng, verification_level) VALUES ('STB_2126', 'brand_starbucks', '01ARZ3NDEKTSV4RRFFQ69G5FAV', 'free', 'STB_OFFICIAL_2126', 'starbucks_official', 'スターバックス コーヒー TSUTAYA マークイズ 福岡ももち店', '福岡県 福岡市中央区 地行浜2-2-1 マークイズ福岡ももち', 33.5930081958, 130.362667696, 1);
INSERT OR REPLACE INTO service_category_rel (service_id, category_id) VALUES ('STB_2126', 'cat_cafe');
INSERT OR REPLACE INTO service_cafe_details (service_id, has_wifi) VALUES ('STB_2126', 1);
INSERT OR REPLACE INTO services (service_id, brand_id, owner_id, plan_id, ext_place_id, ext_source, title, address, lat, lng, verification_level) VALUES ('STB_2137', 'brand_starbucks', '01ARZ3NDEKTSV4RRFFQ69G5FAV', 'free', 'STB_OFFICIAL_2137', 'starbucks_official', 'スターバックス コーヒー 門司港駅店', '福岡県 北九州市門司区 西海岸1-5-31', 33.9452720893, 130.961545905, 1);
INSERT OR REPLACE INTO service_category_rel (service_id, category_id) VALUES ('STB_2137', 'cat_cafe');
INSERT OR REPLACE INTO service_cafe_details (service_id, has_wifi) VALUES ('STB_2137', 1);
INSERT OR REPLACE INTO services (service_id, brand_id, owner_id, plan_id, ext_place_id, ext_source, title, address, lat, lng, verification_level) VALUES ('STB_2139', 'brand_starbucks', '01ARZ3NDEKTSV4RRFFQ69G5FAV', 'free', 'STB_OFFICIAL_2139', 'starbucks_official', 'スターバックス コーヒー 黒崎駅店', '福岡県 北九州市八幡西区 黒崎3-15-1', 33.8669748288, 130.766148516, 1);
INSERT OR REPLACE INTO service_category_rel (service_id, category_id) VALUES ('STB_2139', 'cat_cafe');
INSERT OR REPLACE INTO service_cafe_details (service_id, has_wifi) VALUES ('STB_2139', 1);
INSERT OR REPLACE INTO services (service_id, brand_id, owner_id, plan_id, ext_place_id, ext_source, title, address, lat, lng, verification_level) VALUES ('STB_2140', 'brand_starbucks', '01ARZ3NDEKTSV4RRFFQ69G5FAV', 'free', 'STB_OFFICIAL_2140', 'starbucks_official', 'スターバックス コーヒー ザ・ブラッサム博多プレミア店', '福岡県 福岡市博多区 博多駅前2-8-12 THE BLOSSOM HAKATA Premier', 33.5900885737, 130.414131056, 1);
INSERT OR REPLACE INTO service_category_rel (service_id, category_id) VALUES ('STB_2140', 'cat_cafe');
INSERT OR REPLACE INTO service_cafe_details (service_id, has_wifi) VALUES ('STB_2140', 1);
INSERT OR REPLACE INTO services (service_id, brand_id, owner_id, plan_id, ext_place_id, ext_source, title, address, lat, lng, verification_level) VALUES ('STB_2191', 'brand_starbucks', '01ARZ3NDEKTSV4RRFFQ69G5FAV', 'free', 'STB_OFFICIAL_2191', 'starbucks_official', 'スターバックス コーヒー 折尾駅店', '福岡県 北九州市八幡西区 北鷹見町13-17 えきマチ1丁目折尾1階', 33.8639214477, 130.712915855, 1);
INSERT OR REPLACE INTO service_category_rel (service_id, category_id) VALUES ('STB_2191', 'cat_cafe');
INSERT OR REPLACE INTO service_cafe_details (service_id, has_wifi) VALUES ('STB_2191', 1);
INSERT OR REPLACE INTO services (service_id, brand_id, owner_id, plan_id, ext_place_id, ext_source, title, address, lat, lng, verification_level) VALUES ('STB_2241', 'brand_starbucks', '01ARZ3NDEKTSV4RRFFQ69G5FAV', 'free', 'STB_OFFICIAL_2241', 'starbucks_official', 'スターバックス コーヒー ABURAYAMA FUKUOKA店', '福岡県 福岡市南区 柏原710-2 ABURAYAMA FUKUOKA', 33.5089832747, 130.377452004, 1);
INSERT OR REPLACE INTO service_category_rel (service_id, category_id) VALUES ('STB_2241', 'cat_cafe');
INSERT OR REPLACE INTO service_cafe_details (service_id, has_wifi) VALUES ('STB_2241', 1);
INSERT OR REPLACE INTO services (service_id, brand_id, owner_id, plan_id, ext_place_id, ext_source, title, address, lat, lng, verification_level) VALUES ('STB_2288', 'brand_starbucks', '01ARZ3NDEKTSV4RRFFQ69G5FAV', 'free', 'STB_OFFICIAL_2288', 'starbucks_official', 'スターバックス コーヒー 博多駅新幹線改札内店', '福岡県 福岡市博多区 博多駅中央街1-1 JR博多駅新幹線構内2階', 33.5899287151, 130.42124825, 1);
INSERT OR REPLACE INTO service_category_rel (service_id, category_id) VALUES ('STB_2288', 'cat_cafe');
INSERT OR REPLACE INTO service_cafe_details (service_id, has_wifi) VALUES ('STB_2288', 1);
INSERT OR REPLACE INTO services (service_id, brand_id, owner_id, plan_id, ext_place_id, ext_source, title, address, lat, lng, verification_level) VALUES ('STB_2292', 'brand_starbucks', '01ARZ3NDEKTSV4RRFFQ69G5FAV', 'free', 'STB_OFFICIAL_2292', 'starbucks_official', 'スターバックス コーヒー 博多デイトスアネックス店', '福岡県 福岡市博多区 博多駅中央街1-1 博多デイトスアネックス2階', 33.5906092054, 130.421677628, 1);
INSERT OR REPLACE INTO service_category_rel (service_id, category_id) VALUES ('STB_2292', 'cat_cafe');
INSERT OR REPLACE INTO service_cafe_details (service_id, has_wifi) VALUES ('STB_2292', 1);
INSERT OR REPLACE INTO services (service_id, brand_id, owner_id, plan_id, ext_place_id, ext_source, title, address, lat, lng, verification_level) VALUES ('STB_2294', 'brand_starbucks', '01ARZ3NDEKTSV4RRFFQ69G5FAV', 'free', 'STB_OFFICIAL_2294', 'starbucks_official', 'スターバックス コーヒー 福岡天神 蔦屋書店', '福岡県 福岡市中央区 天神1-11-1 ONE FUKUOKA BLDG. 4階', 33.5912556912, 130.399380005, 1);
INSERT OR REPLACE INTO service_category_rel (service_id, category_id) VALUES ('STB_2294', 'cat_cafe');
INSERT OR REPLACE INTO service_cafe_details (service_id, has_wifi) VALUES ('STB_2294', 1);
INSERT OR REPLACE INTO services (service_id, brand_id, owner_id, plan_id, ext_place_id, ext_source, title, address, lat, lng, verification_level) VALUES ('STB_2355', 'brand_starbucks', '01ARZ3NDEKTSV4RRFFQ69G5FAV', 'free', 'STB_OFFICIAL_2355', 'starbucks_official', 'スターバックス コーヒー スターバックス ティー＆カフェ アミュプラザ博多 2階店', '福岡県 福岡市博多区 博多駅中央街1-1 アミュプラザ博多 2F', 33.5902997643, 130.419974172, 1);
INSERT OR REPLACE INTO service_category_rel (service_id, category_id) VALUES ('STB_2355', 'cat_cafe');
INSERT OR REPLACE INTO service_cafe_details (service_id, has_wifi) VALUES ('STB_2355', 0);
INSERT OR REPLACE INTO services (service_id, brand_id, owner_id, plan_id, ext_place_id, ext_source, title, address, lat, lng, verification_level) VALUES ('STB_4009', 'brand_starbucks', '01ARZ3NDEKTSV4RRFFQ69G5FAV', 'free', 'STB_OFFICIAL_4009', 'starbucks_official', 'スターバックス コーヒー イオンモール大牟田店', '福岡県 大牟田市 岬町3-4 イオンモール大牟田', 33.0305144989, 130.427844017, 1);
INSERT OR REPLACE INTO service_category_rel (service_id, category_id) VALUES ('STB_4009', 'cat_cafe');
INSERT OR REPLACE INTO service_cafe_details (service_id, has_wifi) VALUES ('STB_4009', 1);
INSERT OR REPLACE INTO services (service_id, brand_id, owner_id, plan_id, ext_place_id, ext_source, title, address, lat, lng, verification_level) VALUES ('STB_4026', 'brand_starbucks', '01ARZ3NDEKTSV4RRFFQ69G5FAV', 'free', 'STB_OFFICIAL_4026', 'starbucks_official', 'スターバックス コーヒー ららぽーと福岡店', '福岡県 福岡市博多区 那珂6-23-1 ららぽーと福岡', 33.5651825191, 130.439786183, 1);
INSERT OR REPLACE INTO service_category_rel (service_id, category_id) VALUES ('STB_4026', 'cat_cafe');
INSERT OR REPLACE INTO service_cafe_details (service_id, has_wifi) VALUES ('STB_4026', 1);
INSERT OR REPLACE INTO services (service_id, brand_id, owner_id, plan_id, ext_place_id, ext_source, title, address, lat, lng, verification_level) VALUES ('STB_4045', 'brand_starbucks', '01ARZ3NDEKTSV4RRFFQ69G5FAV', 'free', 'STB_OFFICIAL_4045', 'starbucks_official', 'スターバックス コーヒー 福岡星見ヶ丘店', '福岡県 春日市 星見ヶ丘5-250-2', 33.5066664635, 130.450405774, 1);
INSERT OR REPLACE INTO service_category_rel (service_id, category_id) VALUES ('STB_4045', 'cat_cafe');
INSERT OR REPLACE INTO service_cafe_details (service_id, has_wifi) VALUES ('STB_4045', 1);
INSERT OR REPLACE INTO services (service_id, brand_id, owner_id, plan_id, ext_place_id, ext_source, title, address, lat, lng, verification_level) VALUES ('STB_4052', 'brand_starbucks', '01ARZ3NDEKTSV4RRFFQ69G5FAV', 'free', 'STB_OFFICIAL_4052', 'starbucks_official', 'スターバックス コーヒー 宗像店', '福岡県 宗像市 原町古森141-1', 33.7857970983, 130.558017317, 1);
INSERT OR REPLACE INTO service_category_rel (service_id, category_id) VALUES ('STB_4052', 'cat_cafe');
INSERT OR REPLACE INTO service_cafe_details (service_id, has_wifi) VALUES ('STB_4052', 1);
INSERT OR REPLACE INTO services (service_id, brand_id, owner_id, plan_id, ext_place_id, ext_source, title, address, lat, lng, verification_level) VALUES ('STB_4055', 'brand_starbucks', '01ARZ3NDEKTSV4RRFFQ69G5FAV', 'free', 'STB_OFFICIAL_4055', 'starbucks_official', 'スターバックス コーヒー 福岡香椎店', '福岡県 福岡市東区 香椎駅東3-30-11', 33.662100683, 130.451062451, 1);
INSERT OR REPLACE INTO service_category_rel (service_id, category_id) VALUES ('STB_4055', 'cat_cafe');
INSERT OR REPLACE INTO service_cafe_details (service_id, has_wifi) VALUES ('STB_4055', 1);
INSERT OR REPLACE INTO services (service_id, brand_id, owner_id, plan_id, ext_place_id, ext_source, title, address, lat, lng, verification_level) VALUES ('STB_4064', 'brand_starbucks', '01ARZ3NDEKTSV4RRFFQ69G5FAV', 'free', 'STB_OFFICIAL_4064', 'starbucks_official', 'スターバックス コーヒー 博多千代県庁口店', '福岡県 福岡市博多区 千代1-21-42', 33.6018912485, 130.416900838, 1);
INSERT OR REPLACE INTO service_category_rel (service_id, category_id) VALUES ('STB_4064', 'cat_cafe');
INSERT OR REPLACE INTO service_cafe_details (service_id, has_wifi) VALUES ('STB_4064', 1);
INSERT OR REPLACE INTO services (service_id, brand_id, owner_id, plan_id, ext_place_id, ext_source, title, address, lat, lng, verification_level) VALUES ('STB_4073', 'brand_starbucks', '01ARZ3NDEKTSV4RRFFQ69G5FAV', 'free', 'STB_OFFICIAL_4073', 'starbucks_official', 'スターバックス コーヒー ジ アウトレット北九州店', '福岡県 北九州市八幡東区 東田4-1-1 ジ アウトレット北九州', 33.8727502754, 130.81117951, 1);
INSERT OR REPLACE INTO service_category_rel (service_id, category_id) VALUES ('STB_4073', 'cat_cafe');
INSERT OR REPLACE INTO service_cafe_details (service_id, has_wifi) VALUES ('STB_4073', 1);
INSERT OR REPLACE INTO services (service_id, brand_id, owner_id, plan_id, ext_place_id, ext_source, title, address, lat, lng, verification_level) VALUES ('STB_4112', 'brand_starbucks', '01ARZ3NDEKTSV4RRFFQ69G5FAV', 'free', 'STB_OFFICIAL_4112', 'starbucks_official', 'スターバックス コーヒー 福岡周船寺店', '福岡県 福岡市西区 北原2-4-6', 33.5785106141, 130.253310223, 1);
INSERT OR REPLACE INTO service_category_rel (service_id, category_id) VALUES ('STB_4112', 'cat_cafe');
INSERT OR REPLACE INTO service_cafe_details (service_id, has_wifi) VALUES ('STB_4112', 1);
INSERT OR REPLACE INTO services (service_id, brand_id, owner_id, plan_id, ext_place_id, ext_source, title, address, lat, lng, verification_level) VALUES ('STB_4113', 'brand_starbucks', '01ARZ3NDEKTSV4RRFFQ69G5FAV', 'free', 'STB_OFFICIAL_4113', 'starbucks_official', 'スターバックス コーヒー イオンモール筑紫野店', '福岡県 筑紫野市 立明寺434-1 イオンモール筑紫野', 33.4804553095, 130.525988759, 1);
INSERT OR REPLACE INTO service_category_rel (service_id, category_id) VALUES ('STB_4113', 'cat_cafe');
INSERT OR REPLACE INTO service_cafe_details (service_id, has_wifi) VALUES ('STB_4113', 1);
INSERT OR REPLACE INTO services (service_id, brand_id, owner_id, plan_id, ext_place_id, ext_source, title, address, lat, lng, verification_level) VALUES ('STB_4130', 'brand_starbucks', '01ARZ3NDEKTSV4RRFFQ69G5FAV', 'free', 'STB_OFFICIAL_4130', 'starbucks_official', 'スターバックス コーヒー 筑後店', '福岡県 筑後市 前津31-1', 33.2165925305, 130.516336989, 1);
INSERT OR REPLACE INTO service_category_rel (service_id, category_id) VALUES ('STB_4130', 'cat_cafe');
INSERT OR REPLACE INTO service_cafe_details (service_id, has_wifi) VALUES ('STB_4130', 1);
INSERT OR REPLACE INTO services (service_id, brand_id, owner_id, plan_id, ext_place_id, ext_source, title, address, lat, lng, verification_level) VALUES ('STB_4131', 'brand_starbucks', '01ARZ3NDEKTSV4RRFFQ69G5FAV', 'free', 'STB_OFFICIAL_4131', 'starbucks_official', 'スターバックス コーヒー 福岡古賀店', '福岡県 古賀市 美明3-5-12', 33.7192786542, 130.462407765, 1);
INSERT OR REPLACE INTO service_category_rel (service_id, category_id) VALUES ('STB_4131', 'cat_cafe');
INSERT OR REPLACE INTO service_cafe_details (service_id, has_wifi) VALUES ('STB_4131', 1);
INSERT OR REPLACE INTO services (service_id, brand_id, owner_id, plan_id, ext_place_id, ext_source, title, address, lat, lng, verification_level) VALUES ('STB_4172', 'brand_starbucks', '01ARZ3NDEKTSV4RRFFQ69G5FAV', 'free', 'STB_OFFICIAL_4172', 'starbucks_official', 'スターバックス コーヒー 九大　いとLab＋', '福岡県 福岡市西区 九大新町5-1 いとLab＋', 33.5941193579, 130.229269279, 1);
INSERT OR REPLACE INTO service_category_rel (service_id, category_id) VALUES ('STB_4172', 'cat_cafe');
INSERT OR REPLACE INTO service_cafe_details (service_id, has_wifi) VALUES ('STB_4172', 1);
INSERT OR REPLACE INTO services (service_id, brand_id, owner_id, plan_id, ext_place_id, ext_source, title, address, lat, lng, verification_level) VALUES ('STB_4188', 'brand_starbucks', '01ARZ3NDEKTSV4RRFFQ69G5FAV', 'free', 'STB_OFFICIAL_4188', 'starbucks_official', 'スターバックス コーヒー 到津の森公園店', '福岡県 北九州市小倉北区 上到津4-1-13 到津の森公園', 33.8717957236, 130.846897144, 1);
INSERT OR REPLACE INTO service_category_rel (service_id, category_id) VALUES ('STB_4188', 'cat_cafe');
INSERT OR REPLACE INTO service_cafe_details (service_id, has_wifi) VALUES ('STB_4188', 1);
INSERT OR REPLACE INTO services (service_id, brand_id, owner_id, plan_id, ext_place_id, ext_source, title, address, lat, lng, verification_level) VALUES ('STB_4255', 'brand_starbucks', '01ARZ3NDEKTSV4RRFFQ69G5FAV', 'free', 'STB_OFFICIAL_4255', 'starbucks_official', 'スターバックス コーヒー ゆめタウン飯塚店', '福岡県 飯塚市 菰田西3-6-1 ゆめタウン飯塚1階', 33.6317013631, 130.68551799, 1);
INSERT OR REPLACE INTO service_category_rel (service_id, category_id) VALUES ('STB_4255', 'cat_cafe');
INSERT OR REPLACE INTO service_cafe_details (service_id, has_wifi) VALUES ('STB_4255', 1);
INSERT OR REPLACE INTO services (service_id, brand_id, owner_id, plan_id, ext_place_id, ext_source, title, address, lat, lng, verification_level) VALUES ('STB_4267', 'brand_starbucks', '01ARZ3NDEKTSV4RRFFQ69G5FAV', 'free', 'STB_OFFICIAL_4267', 'starbucks_official', 'スターバックス コーヒー ミーナ天神店', '福岡県 福岡市中央区 天神4-3-8 ミーナ天神', 33.5926821893, 130.398464738, 1);
INSERT OR REPLACE INTO service_category_rel (service_id, category_id) VALUES ('STB_4267', 'cat_cafe');
INSERT OR REPLACE INTO service_cafe_details (service_id, has_wifi) VALUES ('STB_4267', 1);
INSERT OR REPLACE INTO services (service_id, brand_id, owner_id, plan_id, ext_place_id, ext_source, title, address, lat, lng, verification_level) VALUES ('STB_4269', 'brand_starbucks', '01ARZ3NDEKTSV4RRFFQ69G5FAV', 'free', 'STB_OFFICIAL_4269', 'starbucks_official', 'スターバックス コーヒー 八幡永犬丸店', '福岡県 北九州市八幡西区 永犬丸4-6-27', 33.8421274596, 130.732808262, 1);
INSERT OR REPLACE INTO service_category_rel (service_id, category_id) VALUES ('STB_4269', 'cat_cafe');
INSERT OR REPLACE INTO service_cafe_details (service_id, has_wifi) VALUES ('STB_4269', 1);
INSERT OR REPLACE INTO services (service_id, brand_id, owner_id, plan_id, ext_place_id, ext_source, title, address, lat, lng, verification_level) VALUES ('STB_4274', 'brand_starbucks', '01ARZ3NDEKTSV4RRFFQ69G5FAV', 'free', 'STB_OFFICIAL_4274', 'starbucks_official', 'スターバックス コーヒー イオンなかま店', '福岡県 中間市 上蓮花寺1-1-2 イオンなかま', 33.8244113931, 130.722289674, 1);
INSERT OR REPLACE INTO service_category_rel (service_id, category_id) VALUES ('STB_4274', 'cat_cafe');
INSERT OR REPLACE INTO service_cafe_details (service_id, has_wifi) VALUES ('STB_4274', 1);
INSERT OR REPLACE INTO services (service_id, brand_id, owner_id, plan_id, ext_place_id, ext_source, title, address, lat, lng, verification_level) VALUES ('STB_4301', 'brand_starbucks', '01ARZ3NDEKTSV4RRFFQ69G5FAV', 'free', 'STB_OFFICIAL_4301', 'starbucks_official', 'スターバックス コーヒー 八幡平野店', '福岡県 北九州市八幡東区 平野3-2-60 皿倉テラス', 33.8610042284, 130.790630647, 1);
INSERT OR REPLACE INTO service_category_rel (service_id, category_id) VALUES ('STB_4301', 'cat_cafe');
INSERT OR REPLACE INTO service_cafe_details (service_id, has_wifi) VALUES ('STB_4301', 1);
INSERT OR REPLACE INTO services (service_id, brand_id, owner_id, plan_id, ext_place_id, ext_source, title, address, lat, lng, verification_level) VALUES ('STB_4348', 'brand_starbucks', '01ARZ3NDEKTSV4RRFFQ69G5FAV', 'free', 'STB_OFFICIAL_4348', 'starbucks_official', 'スターバックス コーヒー ガーデンズ千早東店', '福岡県 福岡市東区 千早3-6-36 エディオン ガーデンズ千早東店1階', 33.6507408179, 130.436932759, 1);
INSERT OR REPLACE INTO service_category_rel (service_id, category_id) VALUES ('STB_4348', 'cat_cafe');
INSERT OR REPLACE INTO service_cafe_details (service_id, has_wifi) VALUES ('STB_4348', 1);
INSERT OR REPLACE INTO services (service_id, brand_id, owner_id, plan_id, ext_place_id, ext_source, title, address, lat, lng, verification_level) VALUES ('STB_4362', 'brand_starbucks', '01ARZ3NDEKTSV4RRFFQ69G5FAV', 'free', 'STB_OFFICIAL_4362', 'starbucks_official', 'スターバックス コーヒー 都ホテル 博多店', '福岡県 福岡市博多区 博多駅東2-1-1 都ホテル 博多1階', 33.589744595, 130.422785631, 1);
INSERT OR REPLACE INTO service_category_rel (service_id, category_id) VALUES ('STB_4362', 'cat_cafe');
INSERT OR REPLACE INTO service_cafe_details (service_id, has_wifi) VALUES ('STB_4362', 1);
INSERT OR REPLACE INTO services (service_id, brand_id, owner_id, plan_id, ext_place_id, ext_source, title, address, lat, lng, verification_level) VALUES ('STB_4433', 'brand_starbucks', '01ARZ3NDEKTSV4RRFFQ69G5FAV', 'free', 'STB_OFFICIAL_4433', 'starbucks_official', 'スターバックス コーヒー 久留米合川店', '福岡県 久留米市 合川町309-1', 33.3152351626, 130.53953302, 1);
INSERT OR REPLACE INTO service_category_rel (service_id, category_id) VALUES ('STB_4433', 'cat_cafe');
INSERT OR REPLACE INTO service_cafe_details (service_id, has_wifi) VALUES ('STB_4433', 1);
INSERT OR REPLACE INTO services (service_id, brand_id, owner_id, plan_id, ext_place_id, ext_source, title, address, lat, lng, verification_level) VALUES ('STB_4438', 'brand_starbucks', '01ARZ3NDEKTSV4RRFFQ69G5FAV', 'free', 'STB_OFFICIAL_4438', 'starbucks_official', 'スターバックス コーヒー スターバックス ティー＆カフェ 天神駅店', '福岡県 福岡市中央区 天神2丁目 福岡市地下鉄天神駅東改札前', 33.591614833, 130.40015548, 1);
INSERT OR REPLACE INTO service_category_rel (service_id, category_id) VALUES ('STB_4438', 'cat_cafe');
INSERT OR REPLACE INTO service_cafe_details (service_id, has_wifi) VALUES ('STB_4438', 1);
INSERT OR REPLACE INTO services (service_id, brand_id, owner_id, plan_id, ext_place_id, ext_source, title, address, lat, lng, verification_level) VALUES ('STB_4469', 'brand_starbucks', '01ARZ3NDEKTSV4RRFFQ69G5FAV', 'free', 'STB_OFFICIAL_4469', 'starbucks_official', 'スターバックス コーヒー 直方店', '福岡県 直方市 下境894-1', 33.7369539294, 130.745419836, 1);
INSERT OR REPLACE INTO service_category_rel (service_id, category_id) VALUES ('STB_4469', 'cat_cafe');
INSERT OR REPLACE INTO service_cafe_details (service_id, has_wifi) VALUES ('STB_4469', 1);
INSERT OR REPLACE INTO services (service_id, brand_id, owner_id, plan_id, ext_place_id, ext_source, title, address, lat, lng, verification_level) VALUES ('STB_4482', 'brand_starbucks', '01ARZ3NDEKTSV4RRFFQ69G5FAV', 'free', 'STB_OFFICIAL_4482', 'starbucks_official', 'スターバックス コーヒー 福岡小戸店', '福岡県 福岡市西区 小戸3-25-25', 33.5908103815, 130.315315063, 1);
INSERT OR REPLACE INTO service_category_rel (service_id, category_id) VALUES ('STB_4482', 'cat_cafe');
INSERT OR REPLACE INTO service_cafe_details (service_id, has_wifi) VALUES ('STB_4482', 1);
INSERT OR REPLACE INTO services (service_id, brand_id, owner_id, plan_id, ext_place_id, ext_source, title, address, lat, lng, verification_level) VALUES ('STB_4526', 'brand_starbucks', '01ARZ3NDEKTSV4RRFFQ69G5FAV', 'free', 'STB_OFFICIAL_4526', 'starbucks_official', 'スターバックス コーヒー 天神住友生命FJビジネスセンター店', '福岡県 福岡市中央区 天神2-8-35 天神住友生命FJビジネスセンター', 33.5905423777, 130.396146695, 1);
INSERT OR REPLACE INTO service_category_rel (service_id, category_id) VALUES ('STB_4526', 'cat_cafe');
INSERT OR REPLACE INTO service_cafe_details (service_id, has_wifi) VALUES ('STB_4526', 1);
INSERT OR REPLACE INTO services (service_id, brand_id, owner_id, plan_id, ext_place_id, ext_source, title, address, lat, lng, verification_level) VALUES ('STB_4538', 'brand_starbucks', '01ARZ3NDEKTSV4RRFFQ69G5FAV', 'free', 'STB_OFFICIAL_4538', 'starbucks_official', 'スターバックス コーヒー 博多リバレインモール店', '福岡県 福岡市博多区 下川端町3-1 博多リバレインモール 1階', 33.5948679185, 130.405889854, 1);
INSERT OR REPLACE INTO service_category_rel (service_id, category_id) VALUES ('STB_4538', 'cat_cafe');
INSERT OR REPLACE INTO service_cafe_details (service_id, has_wifi) VALUES ('STB_4538', 1);
INSERT OR REPLACE INTO services (service_id, brand_id, owner_id, plan_id, ext_place_id, ext_source, title, address, lat, lng, verification_level) VALUES ('STB_4540', 'brand_starbucks', '01ARZ3NDEKTSV4RRFFQ69G5FAV', 'free', 'STB_OFFICIAL_4540', 'starbucks_official', 'スターバックス コーヒー 柳川店', '福岡県 柳川市 三橋町高畑211', 33.1699793804, 130.41632133, 1);
INSERT OR REPLACE INTO service_category_rel (service_id, category_id) VALUES ('STB_4540', 'cat_cafe');
INSERT OR REPLACE INTO service_cafe_details (service_id, has_wifi) VALUES ('STB_4540', 1);
INSERT OR REPLACE INTO services (service_id, brand_id, owner_id, plan_id, ext_place_id, ext_source, title, address, lat, lng, verification_level) VALUES ('STB_4552', 'brand_starbucks', '01ARZ3NDEKTSV4RRFFQ69G5FAV', 'free', 'STB_OFFICIAL_4552', 'starbucks_official', 'スターバックス コーヒー スターバックス ティー＆カフェ 天神ソラリアプラザ地下2階店', '福岡県 福岡市中央区 天神2-2-43 ソラリアプラザ 地下2階', 33.5892842217, 130.398598216, 1);
INSERT OR REPLACE INTO service_category_rel (service_id, category_id) VALUES ('STB_4552', 'cat_cafe');
INSERT OR REPLACE INTO service_cafe_details (service_id, has_wifi) VALUES ('STB_4552', 1);
INSERT OR REPLACE INTO services (service_id, brand_id, owner_id, plan_id, ext_place_id, ext_source, title, address, lat, lng, verification_level) VALUES ('STB_4556', 'brand_starbucks', '01ARZ3NDEKTSV4RRFFQ69G5FAV', 'free', 'STB_OFFICIAL_4556', 'starbucks_official', 'スターバックス コーヒー 宗像ユリックス店', '福岡県 宗像市 久原400', 33.7903316854, 130.546244475, 1);
INSERT OR REPLACE INTO service_category_rel (service_id, category_id) VALUES ('STB_4556', 'cat_cafe');
INSERT OR REPLACE INTO service_cafe_details (service_id, has_wifi) VALUES ('STB_4556', 1);
INSERT OR REPLACE INTO services (service_id, brand_id, owner_id, plan_id, ext_place_id, ext_source, title, address, lat, lng, verification_level) VALUES ('STB_4565', 'brand_starbucks', '01ARZ3NDEKTSV4RRFFQ69G5FAV', 'free', 'STB_OFFICIAL_4565', 'starbucks_official', 'スターバックス コーヒー PRALIVA西新店', '福岡県 福岡市早良区 西新4-1-1 PRALIVA 2階', 33.583479165, 130.359802817, 1);
INSERT OR REPLACE INTO service_category_rel (service_id, category_id) VALUES ('STB_4565', 'cat_cafe');
INSERT OR REPLACE INTO service_cafe_details (service_id, has_wifi) VALUES ('STB_4565', 1);
INSERT OR REPLACE INTO services (service_id, brand_id, owner_id, plan_id, ext_place_id, ext_source, title, address, lat, lng, verification_level) VALUES ('STB_4602', 'brand_starbucks', '01ARZ3NDEKTSV4RRFFQ69G5FAV', 'free', 'STB_OFFICIAL_4602', 'starbucks_official', 'スターバックス コーヒー イオンモール福岡2階店', '福岡県 糟屋郡 粕屋町大字酒殿字老ノ木192-1 イオンモール福岡2階', 33.5971778417, 130.479246155, 1);
INSERT OR REPLACE INTO service_category_rel (service_id, category_id) VALUES ('STB_4602', 'cat_cafe');
INSERT OR REPLACE INTO service_cafe_details (service_id, has_wifi) VALUES ('STB_4602', 1);
INSERT OR REPLACE INTO services (service_id, brand_id, owner_id, plan_id, ext_place_id, ext_source, title, address, lat, lng, verification_level) VALUES ('STB_729', 'brand_starbucks', '01ARZ3NDEKTSV4RRFFQ69G5FAV', 'free', 'STB_OFFICIAL_729', 'starbucks_official', 'スターバックス コーヒー ゆめタウン佐賀店', '佐賀県 佐賀市 兵庫北5-14-1 ゆめタウン佐賀', 33.2756514666, 130.308187945, 1);
INSERT OR REPLACE INTO service_category_rel (service_id, category_id) VALUES ('STB_729', 'cat_cafe');
INSERT OR REPLACE INTO service_cafe_details (service_id, has_wifi) VALUES ('STB_729', 1);
INSERT OR REPLACE INTO services (service_id, brand_id, owner_id, plan_id, ext_place_id, ext_source, title, address, lat, lng, verification_level) VALUES ('STB_926', 'brand_starbucks', '01ARZ3NDEKTSV4RRFFQ69G5FAV', 'free', 'STB_OFFICIAL_926', 'starbucks_official', 'スターバックス コーヒー 金立サービスエリア（下り線）店', '佐賀県 佐賀市 金立町金立1197-57 金立サービスエリア（下り線）', 33.3284233805, 130.311528015, 1);
INSERT OR REPLACE INTO service_category_rel (service_id, category_id) VALUES ('STB_926', 'cat_cafe');
INSERT OR REPLACE INTO service_cafe_details (service_id, has_wifi) VALUES ('STB_926', 0);
INSERT OR REPLACE INTO services (service_id, brand_id, owner_id, plan_id, ext_place_id, ext_source, title, address, lat, lng, verification_level) VALUES ('STB_931', 'brand_starbucks', '01ARZ3NDEKTSV4RRFFQ69G5FAV', 'free', 'STB_OFFICIAL_931', 'starbucks_official', 'スターバックス コーヒー 基山パーキングエリア（上り線）店', '佐賀県 三養基郡 基山町小倉2097-1 基山パーキングエリア（上り線）', 33.4408154555, 130.530150517, 1);
INSERT OR REPLACE INTO service_category_rel (service_id, category_id) VALUES ('STB_931', 'cat_cafe');
INSERT OR REPLACE INTO service_cafe_details (service_id, has_wifi) VALUES ('STB_931', 1);
INSERT OR REPLACE INTO services (service_id, brand_id, owner_id, plan_id, ext_place_id, ext_source, title, address, lat, lng, verification_level) VALUES ('STB_1167', 'brand_starbucks', '01ARZ3NDEKTSV4RRFFQ69G5FAV', 'free', 'STB_OFFICIAL_1167', 'starbucks_official', 'スターバックス コーヒー 佐賀南バイパス店', '佐賀県 佐賀市 本庄町袋306-6', 33.2387694143, 130.298800422, 1);
INSERT OR REPLACE INTO service_category_rel (service_id, category_id) VALUES ('STB_1167', 'cat_cafe');
INSERT OR REPLACE INTO service_cafe_details (service_id, has_wifi) VALUES ('STB_1167', 1);
INSERT OR REPLACE INTO services (service_id, brand_id, owner_id, plan_id, ext_place_id, ext_source, title, address, lat, lng, verification_level) VALUES ('STB_1364', 'brand_starbucks', '01ARZ3NDEKTSV4RRFFQ69G5FAV', 'free', 'STB_OFFICIAL_1364', 'starbucks_official', 'スターバックス コーヒー 佐賀大学通り店', '佐賀県 佐賀市 与賀町70-1 TSUTAYA積文館書店 佐大通り店', 33.2484146642, 130.292657711, 1);
INSERT OR REPLACE INTO service_category_rel (service_id, category_id) VALUES ('STB_1364', 'cat_cafe');
INSERT OR REPLACE INTO service_cafe_details (service_id, has_wifi) VALUES ('STB_1364', 1);
INSERT OR REPLACE INTO services (service_id, brand_id, owner_id, plan_id, ext_place_id, ext_source, title, address, lat, lng, verification_level) VALUES ('STB_1425', 'brand_starbucks', '01ARZ3NDEKTSV4RRFFQ69G5FAV', 'free', 'STB_OFFICIAL_1425', 'starbucks_official', 'スターバックス コーヒー 鳥栖蔵上町店', '佐賀県 鳥栖市 蔵上町662-5', 33.3760343322, 130.498530292, 1);
INSERT OR REPLACE INTO service_category_rel (service_id, category_id) VALUES ('STB_1425', 'cat_cafe');
INSERT OR REPLACE INTO service_cafe_details (service_id, has_wifi) VALUES ('STB_1425', 1);
INSERT OR REPLACE INTO services (service_id, brand_id, owner_id, plan_id, ext_place_id, ext_source, title, address, lat, lng, verification_level) VALUES ('STB_1521', 'brand_starbucks', '01ARZ3NDEKTSV4RRFFQ69G5FAV', 'free', 'STB_OFFICIAL_1521', 'starbucks_official', 'スターバックス コーヒー 佐賀武雄店', '佐賀県 武雄市 武雄町昭和277', 33.1934050809, 130.027372553, 1);
INSERT OR REPLACE INTO service_category_rel (service_id, category_id) VALUES ('STB_1521', 'cat_cafe');
INSERT OR REPLACE INTO service_cafe_details (service_id, has_wifi) VALUES ('STB_1521', 1);
INSERT OR REPLACE INTO services (service_id, brand_id, owner_id, plan_id, ext_place_id, ext_source, title, address, lat, lng, verification_level) VALUES ('STB_1705', 'brand_starbucks', '01ARZ3NDEKTSV4RRFFQ69G5FAV', 'free', 'STB_OFFICIAL_1705', 'starbucks_official', 'スターバックス コーヒー 鳥栖プレミアム・アウトレット店', '佐賀県 鳥栖市 弥生が丘8-1 鳥栖プレミアム・アウトレット', 33.4043540472, 130.512506994, 1);
INSERT OR REPLACE INTO service_category_rel (service_id, category_id) VALUES ('STB_1705', 'cat_cafe');
INSERT OR REPLACE INTO service_cafe_details (service_id, has_wifi) VALUES ('STB_1705', 1);
INSERT OR REPLACE INTO services (service_id, brand_id, owner_id, plan_id, ext_place_id, ext_source, title, address, lat, lng, verification_level) VALUES ('STB_2021', 'brand_starbucks', '01ARZ3NDEKTSV4RRFFQ69G5FAV', 'free', 'STB_OFFICIAL_2021', 'starbucks_official', 'スターバックス コーヒー TSUTAYA 鳥栖店', '佐賀県 鳥栖市 本鳥栖町537-1', 33.3764032236, 130.516837644, 1);
INSERT OR REPLACE INTO service_category_rel (service_id, category_id) VALUES ('STB_2021', 'cat_cafe');
INSERT OR REPLACE INTO service_cafe_details (service_id, has_wifi) VALUES ('STB_2021', 1);
INSERT OR REPLACE INTO services (service_id, brand_id, owner_id, plan_id, ext_place_id, ext_source, title, address, lat, lng, verification_level) VALUES ('STB_2049', 'brand_starbucks', '01ARZ3NDEKTSV4RRFFQ69G5FAV', 'free', 'STB_OFFICIAL_2049', 'starbucks_official', 'スターバックス コーヒー 蔦屋書店 武雄市図書館店', '佐賀県 武雄市 武雄町武雄5304-1', 33.1891368632, 130.023759161, 1);
INSERT OR REPLACE INTO service_category_rel (service_id, category_id) VALUES ('STB_2049', 'cat_cafe');
INSERT OR REPLACE INTO service_cafe_details (service_id, has_wifi) VALUES ('STB_2049', 1);
INSERT OR REPLACE INTO services (service_id, brand_id, owner_id, plan_id, ext_place_id, ext_source, title, address, lat, lng, verification_level) VALUES ('STB_2348', 'brand_starbucks', '01ARZ3NDEKTSV4RRFFQ69G5FAV', 'free', 'STB_OFFICIAL_2348', 'starbucks_official', 'スターバックス コーヒー TSUTAYA BOOKSTORE 伊万里店', '佐賀県 伊万里市 二里町八谷搦1274', 33.2768100452, 129.868141103, 1);
INSERT OR REPLACE INTO service_category_rel (service_id, category_id) VALUES ('STB_2348', 'cat_cafe');
INSERT OR REPLACE INTO service_cafe_details (service_id, has_wifi) VALUES ('STB_2348', 1);
INSERT OR REPLACE INTO services (service_id, brand_id, owner_id, plan_id, ext_place_id, ext_source, title, address, lat, lng, verification_level) VALUES ('STB_4051', 'brand_starbucks', '01ARZ3NDEKTSV4RRFFQ69G5FAV', 'free', 'STB_OFFICIAL_4051', 'starbucks_official', 'スターバックス コーヒー 唐津店', '佐賀県 唐津市 和多田西山1-46-1', 33.4305894761, 129.982089281, 1);
INSERT OR REPLACE INTO service_category_rel (service_id, category_id) VALUES ('STB_4051', 'cat_cafe');
INSERT OR REPLACE INTO service_cafe_details (service_id, has_wifi) VALUES ('STB_4051', 1);
INSERT OR REPLACE INTO services (service_id, brand_id, owner_id, plan_id, ext_place_id, ext_source, title, address, lat, lng, verification_level) VALUES ('STB_4474', 'brand_starbucks', '01ARZ3NDEKTSV4RRFFQ69G5FAV', 'free', 'STB_OFFICIAL_4474', 'starbucks_official', 'スターバックス コーヒー 佐賀兵庫店', '佐賀県 佐賀市 兵庫町藤木1192-1', 33.2762102053, 130.303009738, 1);
INSERT OR REPLACE INTO service_category_rel (service_id, category_id) VALUES ('STB_4474', 'cat_cafe');
INSERT OR REPLACE INTO service_cafe_details (service_id, has_wifi) VALUES ('STB_4474', 1);
INSERT OR REPLACE INTO services (service_id, brand_id, owner_id, plan_id, ext_place_id, ext_source, title, address, lat, lng, verification_level) VALUES ('STB_4476', 'brand_starbucks', '01ARZ3NDEKTSV4RRFFQ69G5FAV', 'free', 'STB_OFFICIAL_4476', 'starbucks_official', 'スターバックス コーヒー 吉野ヶ里歴史公園店', '佐賀県 神埼市 神埼町鶴612-1', 33.3241266804, 130.378721521, 1);
INSERT OR REPLACE INTO service_category_rel (service_id, category_id) VALUES ('STB_4476', 'cat_cafe');
INSERT OR REPLACE INTO service_cafe_details (service_id, has_wifi) VALUES ('STB_4476', 1);
INSERT OR REPLACE INTO services (service_id, brand_id, owner_id, plan_id, ext_place_id, ext_source, title, address, lat, lng, verification_level) VALUES ('STB_392', 'brand_starbucks', '01ARZ3NDEKTSV4RRFFQ69G5FAV', 'free', 'STB_OFFICIAL_392', 'starbucks_official', 'スターバックス コーヒー 長崎ゆめタウン夢彩都店', '長崎県 長崎市 元船町10－1 ゆめタウン夢彩都', 32.7464468186, 129.870740864, 1);
INSERT OR REPLACE INTO service_category_rel (service_id, category_id) VALUES ('STB_392', 'cat_cafe');
INSERT OR REPLACE INTO service_cafe_details (service_id, has_wifi) VALUES ('STB_392', 1);
INSERT OR REPLACE INTO services (service_id, brand_id, owner_id, plan_id, ext_place_id, ext_source, title, address, lat, lng, verification_level) VALUES ('STB_538', 'brand_starbucks', '01ARZ3NDEKTSV4RRFFQ69G5FAV', 'free', 'STB_OFFICIAL_538', 'starbucks_official', 'スターバックス コーヒー 佐世保四ヶ町店', '長崎県 佐世保市 島瀬町7-14 柏田ビル', 33.172027289, 129.720726504, 1);
INSERT OR REPLACE INTO service_category_rel (service_id, category_id) VALUES ('STB_538', 'cat_cafe');
INSERT OR REPLACE INTO service_cafe_details (service_id, has_wifi) VALUES ('STB_538', 1);
INSERT OR REPLACE INTO services (service_id, brand_id, owner_id, plan_id, ext_place_id, ext_source, title, address, lat, lng, verification_level) VALUES ('STB_859', 'brand_starbucks', '01ARZ3NDEKTSV4RRFFQ69G5FAV', 'free', 'STB_OFFICIAL_859', 'starbucks_official', 'スターバックス コーヒー 長崎空港店', '長崎県 大村市 箕島町593 長崎空港ビルディング', 32.9126160471, 129.921751477, 1);
INSERT OR REPLACE INTO service_category_rel (service_id, category_id) VALUES ('STB_859', 'cat_cafe');
INSERT OR REPLACE INTO service_cafe_details (service_id, has_wifi) VALUES ('STB_859', 1);
INSERT OR REPLACE INTO services (service_id, brand_id, owner_id, plan_id, ext_place_id, ext_source, title, address, lat, lng, verification_level) VALUES ('STB_877', 'brand_starbucks', '01ARZ3NDEKTSV4RRFFQ69G5FAV', 'free', 'STB_OFFICIAL_877', 'starbucks_official', 'スターバックス コーヒー みらい長崎ココウォーク店', '長崎県 長崎市 茂里町1-55 みらい長崎ココウオーク', 32.7624877739, 129.864633411, 1);
INSERT OR REPLACE INTO service_category_rel (service_id, category_id) VALUES ('STB_877', 'cat_cafe');
INSERT OR REPLACE INTO service_cafe_details (service_id, has_wifi) VALUES ('STB_877', 1);
INSERT OR REPLACE INTO services (service_id, brand_id, owner_id, plan_id, ext_place_id, ext_source, title, address, lat, lng, verification_level) VALUES ('STB_1184', 'brand_starbucks', '01ARZ3NDEKTSV4RRFFQ69G5FAV', 'free', 'STB_OFFICIAL_1184', 'starbucks_official', 'スターバックス コーヒー させぼ五番街店', '長崎県 佐世保市 新港町4-10 させぼ五番街', 33.1644295251, 129.722708634, 1);
INSERT OR REPLACE INTO service_category_rel (service_id, category_id) VALUES ('STB_1184', 'cat_cafe');
INSERT OR REPLACE INTO service_cafe_details (service_id, has_wifi) VALUES ('STB_1184', 1);
INSERT OR REPLACE INTO services (service_id, brand_id, owner_id, plan_id, ext_place_id, ext_source, title, address, lat, lng, verification_level) VALUES ('STB_1683', 'brand_starbucks', '01ARZ3NDEKTSV4RRFFQ69G5FAV', 'free', 'STB_OFFICIAL_1683', 'starbucks_official', 'スターバックス コーヒー 諫早多良見店', '長崎県 諫早市 多良見町市布1546-4', 32.8193701835, 129.96923766, 1);
INSERT OR REPLACE INTO service_category_rel (service_id, category_id) VALUES ('STB_1683', 'cat_cafe');
INSERT OR REPLACE INTO service_cafe_details (service_id, has_wifi) VALUES ('STB_1683', 1);
INSERT OR REPLACE INTO services (service_id, brand_id, owner_id, plan_id, ext_place_id, ext_source, title, address, lat, lng, verification_level) VALUES ('STB_2175', 'brand_starbucks', '01ARZ3NDEKTSV4RRFFQ69G5FAV', 'free', 'STB_OFFICIAL_2175', 'starbucks_official', 'スターバックス コーヒー 諫早駅店', '長崎県 諫早市 永昌町1-2', 32.8519482341, 130.041221015, 1);
INSERT OR REPLACE INTO service_category_rel (service_id, category_id) VALUES ('STB_2175', 'cat_cafe');
INSERT OR REPLACE INTO service_cafe_details (service_id, has_wifi) VALUES ('STB_2175', 1);
INSERT OR REPLACE INTO services (service_id, brand_id, owner_id, plan_id, ext_place_id, ext_source, title, address, lat, lng, verification_level) VALUES ('STB_2268', 'brand_starbucks', '01ARZ3NDEKTSV4RRFFQ69G5FAV', 'free', 'STB_OFFICIAL_2268', 'starbucks_official', 'スターバックス コーヒー アミュプラザ長崎 新館店', '長崎県 長崎市 尾上町1-1 アミュプラザ長崎 新館 5階', 32.7517676215, 129.869774589, 1);
INSERT OR REPLACE INTO service_category_rel (service_id, category_id) VALUES ('STB_2268', 'cat_cafe');
INSERT OR REPLACE INTO service_cafe_details (service_id, has_wifi) VALUES ('STB_2268', 1);
INSERT OR REPLACE INTO services (service_id, brand_id, owner_id, plan_id, ext_place_id, ext_source, title, address, lat, lng, verification_level) VALUES ('STB_2296', 'brand_starbucks', '01ARZ3NDEKTSV4RRFFQ69G5FAV', 'free', 'STB_OFFICIAL_2296', 'starbucks_official', 'スターバックス コーヒー TSUTAYA BOOKSTORE 島原店', '長崎県 島原市 城内3-1600-1', 32.7986334258, 130.36183351, 1);
INSERT OR REPLACE INTO service_category_rel (service_id, category_id) VALUES ('STB_2296', 'cat_cafe');
INSERT OR REPLACE INTO service_cafe_details (service_id, has_wifi) VALUES ('STB_2296', 1);
INSERT OR REPLACE INTO services (service_id, brand_id, owner_id, plan_id, ext_place_id, ext_source, title, address, lat, lng, verification_level) VALUES ('STB_4092', 'brand_starbucks', '01ARZ3NDEKTSV4RRFFQ69G5FAV', 'free', 'STB_OFFICIAL_4092', 'starbucks_official', 'スターバックス コーヒー 長崎時津店', '長崎県 西彼杵郡 時津町浦郷542-2', 32.8318314368, 129.846944742, 1);
INSERT OR REPLACE INTO service_category_rel (service_id, category_id) VALUES ('STB_4092', 'cat_cafe');
INSERT OR REPLACE INTO service_cafe_details (service_id, has_wifi) VALUES ('STB_4092', 1);
INSERT OR REPLACE INTO services (service_id, brand_id, owner_id, plan_id, ext_place_id, ext_source, title, address, lat, lng, verification_level) VALUES ('STB_4122', 'brand_starbucks', '01ARZ3NDEKTSV4RRFFQ69G5FAV', 'free', 'STB_OFFICIAL_4122', 'starbucks_official', 'スターバックス コーヒー 長崎大村店', '長崎県 大村市 幸町25-32', 32.90155092, 129.958037584, 1);
INSERT OR REPLACE INTO service_category_rel (service_id, category_id) VALUES ('STB_4122', 'cat_cafe');
INSERT OR REPLACE INTO service_cafe_details (service_id, has_wifi) VALUES ('STB_4122', 1);
INSERT OR REPLACE INTO services (service_id, brand_id, owner_id, plan_id, ext_place_id, ext_source, title, address, lat, lng, verification_level) VALUES ('STB_4190', 'brand_starbucks', '01ARZ3NDEKTSV4RRFFQ69G5FAV', 'free', 'STB_OFFICIAL_4190', 'starbucks_official', 'スターバックス コーヒー 新大村駅前店', '長崎県 大村市 植松3丁目62番地', 32.9340810712, 129.959152104, 1);
INSERT OR REPLACE INTO service_category_rel (service_id, category_id) VALUES ('STB_4190', 'cat_cafe');
INSERT OR REPLACE INTO service_cafe_details (service_id, has_wifi) VALUES ('STB_4190', 1);
INSERT OR REPLACE INTO services (service_id, brand_id, owner_id, plan_id, ext_place_id, ext_source, title, address, lat, lng, verification_level) VALUES ('STB_4404', 'brand_starbucks', '01ARZ3NDEKTSV4RRFFQ69G5FAV', 'free', 'STB_OFFICIAL_4404', 'starbucks_official', 'スターバックス コーヒー スターバックス ティー＆カフェ アミュプラザ長崎 本館1階店', '長崎県 長崎市 尾上町1-1 アミュプラザ長崎 本館1階', 32.7520803901, 129.871166959, 1);
INSERT OR REPLACE INTO service_category_rel (service_id, category_id) VALUES ('STB_4404', 'cat_cafe');
INSERT OR REPLACE INTO service_cafe_details (service_id, has_wifi) VALUES ('STB_4404', 1);
INSERT OR REPLACE INTO services (service_id, brand_id, owner_id, plan_id, ext_place_id, ext_source, title, address, lat, lng, verification_level) VALUES ('STB_4417', 'brand_starbucks', '01ARZ3NDEKTSV4RRFFQ69G5FAV', 'free', 'STB_OFFICIAL_4417', 'starbucks_official', 'スターバックス コーヒー 長崎スタジアムシティ店', '長崎県 長崎市 幸町7-1 STADIUM CITY SOUTH 2階', 32.7589076148, 129.865405456, 1);
INSERT OR REPLACE INTO service_category_rel (service_id, category_id) VALUES ('STB_4417', 'cat_cafe');
INSERT OR REPLACE INTO service_cafe_details (service_id, has_wifi) VALUES ('STB_4417', 1);
INSERT OR REPLACE INTO services (service_id, brand_id, owner_id, plan_id, ext_place_id, ext_source, title, address, lat, lng, verification_level) VALUES ('STB_4563', 'brand_starbucks', '01ARZ3NDEKTSV4RRFFQ69G5FAV', 'free', 'STB_OFFICIAL_4563', 'starbucks_official', 'スターバックス コーヒー 諫早鷲崎店', '長崎県 諫早市 鷲崎町215-1', 32.833934467, 130.065107638, 1);
INSERT OR REPLACE INTO service_category_rel (service_id, category_id) VALUES ('STB_4563', 'cat_cafe');
INSERT OR REPLACE INTO service_cafe_details (service_id, has_wifi) VALUES ('STB_4563', 1);
INSERT OR REPLACE INTO services (service_id, brand_id, owner_id, plan_id, ext_place_id, ext_source, title, address, lat, lng, verification_level) VALUES ('STB_340', 'brand_starbucks', '01ARZ3NDEKTSV4RRFFQ69G5FAV', 'free', 'STB_OFFICIAL_340', 'starbucks_official', 'スターバックス コーヒー 熊本Ｎｅｗ－Ｓ店', '熊本県 熊本市中央区 上通町2-2 Ｎｅｗ－Ｓ', 32.8031973638, 130.710647109, 1);
INSERT OR REPLACE INTO service_category_rel (service_id, category_id) VALUES ('STB_340', 'cat_cafe');
INSERT OR REPLACE INTO service_cafe_details (service_id, has_wifi) VALUES ('STB_340', 1);
INSERT OR REPLACE INTO services (service_id, brand_id, owner_id, plan_id, ext_place_id, ext_source, title, address, lat, lng, verification_level) VALUES ('STB_425', 'brand_starbucks', '01ARZ3NDEKTSV4RRFFQ69G5FAV', 'free', 'STB_OFFICIAL_425', 'starbucks_official', 'スターバックス コーヒー 熊本シャワー通り店', '熊本県 熊本市中央区 下通2-3-1 エスキュービック', 32.7986889067, 130.707758945, 1);
INSERT OR REPLACE INTO service_category_rel (service_id, category_id) VALUES ('STB_425', 'cat_cafe');
INSERT OR REPLACE INTO service_cafe_details (service_id, has_wifi) VALUES ('STB_425', 1);
INSERT OR REPLACE INTO services (service_id, brand_id, owner_id, plan_id, ext_place_id, ext_source, title, address, lat, lng, verification_level) VALUES ('STB_564', 'brand_starbucks', '01ARZ3NDEKTSV4RRFFQ69G5FAV', 'free', 'STB_OFFICIAL_564', 'starbucks_official', 'スターバックス コーヒー 熊本ゆめタウン光の森店', '熊本県 菊池郡 菊陽町光の森7-39-1 ゆめタウン光の森', 32.8600709091, 130.784792499, 1);
INSERT OR REPLACE INTO service_category_rel (service_id, category_id) VALUES ('STB_564', 'cat_cafe');
INSERT OR REPLACE INTO service_cafe_details (service_id, has_wifi) VALUES ('STB_564', 1);
INSERT OR REPLACE INTO services (service_id, brand_id, owner_id, plan_id, ext_place_id, ext_source, title, address, lat, lng, verification_level) VALUES ('STB_590', 'brand_starbucks', '01ARZ3NDEKTSV4RRFFQ69G5FAV', 'free', 'STB_OFFICIAL_590', 'starbucks_official', 'スターバックス コーヒー 熊本光の森ロードサイド店', '熊本県 菊池郡 菊陽町光の森3-22-2', 32.8625539407, 130.782726167, 1);
INSERT OR REPLACE INTO service_category_rel (service_id, category_id) VALUES ('STB_590', 'cat_cafe');
INSERT OR REPLACE INTO service_cafe_details (service_id, has_wifi) VALUES ('STB_590', 1);
INSERT OR REPLACE INTO services (service_id, brand_id, owner_id, plan_id, ext_place_id, ext_source, title, address, lat, lng, verification_level) VALUES ('STB_621', 'brand_starbucks', '01ARZ3NDEKTSV4RRFFQ69G5FAV', 'free', 'STB_OFFICIAL_621', 'starbucks_official', 'スターバックス コーヒー ゆめタウン八代店', '熊本県 八代市 建馬町3-1 ゆめタウン八代', 32.5057969914, 130.58569618, 1);
INSERT OR REPLACE INTO service_category_rel (service_id, category_id) VALUES ('STB_621', 'cat_cafe');
INSERT OR REPLACE INTO service_cafe_details (service_id, has_wifi) VALUES ('STB_621', 1);
INSERT OR REPLACE INTO services (service_id, brand_id, owner_id, plan_id, ext_place_id, ext_source, title, address, lat, lng, verification_level) VALUES ('STB_634', 'brand_starbucks', '01ARZ3NDEKTSV4RRFFQ69G5FAV', 'free', 'STB_OFFICIAL_634', 'starbucks_official', 'スターバックス コーヒー イオンモール熊本店', '熊本県 上益城郡 嘉島町上島長池2232', 32.7376652262, 130.743580447, 1);
INSERT OR REPLACE INTO service_category_rel (service_id, category_id) VALUES ('STB_634', 'cat_cafe');
INSERT OR REPLACE INTO service_cafe_details (service_id, has_wifi) VALUES ('STB_634', 1);
INSERT OR REPLACE INTO services (service_id, brand_id, owner_id, plan_id, ext_place_id, ext_source, title, address, lat, lng, verification_level) VALUES ('STB_724', 'brand_starbucks', '01ARZ3NDEKTSV4RRFFQ69G5FAV', 'free', 'STB_OFFICIAL_724', 'starbucks_official', 'スターバックス コーヒー 熊本インターチェンジ店', '熊本県 熊本市東区 神園1-1-6', 32.8371304805, 130.778807108, 1);
INSERT OR REPLACE INTO service_category_rel (service_id, category_id) VALUES ('STB_724', 'cat_cafe');
INSERT OR REPLACE INTO service_cafe_details (service_id, has_wifi) VALUES ('STB_724', 1);
INSERT OR REPLACE INTO services (service_id, brand_id, owner_id, plan_id, ext_place_id, ext_source, title, address, lat, lng, verification_level) VALUES ('STB_1181', 'brand_starbucks', '01ARZ3NDEKTSV4RRFFQ69G5FAV', 'free', 'STB_OFFICIAL_1181', 'starbucks_official', 'スターバックス コーヒー 熊本大江店', '熊本県 熊本市中央区 大江3-2-33', 32.8042072455, 130.72595718, 1);
INSERT OR REPLACE INTO service_category_rel (service_id, category_id) VALUES ('STB_1181', 'cat_cafe');
INSERT OR REPLACE INTO service_cafe_details (service_id, has_wifi) VALUES ('STB_1181', 1);
INSERT OR REPLACE INTO services (service_id, brand_id, owner_id, plan_id, ext_place_id, ext_source, title, address, lat, lng, verification_level) VALUES ('STB_1545', 'brand_starbucks', '01ARZ3NDEKTSV4RRFFQ69G5FAV', 'free', 'STB_OFFICIAL_1545', 'starbucks_official', 'スターバックス コーヒー ゆめタウンはません店', '熊本県 熊本市南区 田井島1-2-1 ゆめタウンはません', 32.7716076846, 130.726404199, 1);
INSERT OR REPLACE INTO service_category_rel (service_id, category_id) VALUES ('STB_1545', 'cat_cafe');
INSERT OR REPLACE INTO service_cafe_details (service_id, has_wifi) VALUES ('STB_1545', 1);
INSERT OR REPLACE INTO services (service_id, brand_id, owner_id, plan_id, ext_place_id, ext_source, title, address, lat, lng, verification_level) VALUES ('STB_1672', 'brand_starbucks', '01ARZ3NDEKTSV4RRFFQ69G5FAV', 'free', 'STB_OFFICIAL_1672', 'starbucks_official', 'スターバックス コーヒー サクラマチ 熊本店', '熊本県 熊本市中央区 桜町3-10 SAKURA MACHI Kumamoto', 32.8002850574, 130.703896137, 1);
INSERT OR REPLACE INTO service_category_rel (service_id, category_id) VALUES ('STB_1672', 'cat_cafe');
INSERT OR REPLACE INTO service_cafe_details (service_id, has_wifi) VALUES ('STB_1672', 1);
INSERT OR REPLACE INTO services (service_id, brand_id, owner_id, plan_id, ext_place_id, ext_source, title, address, lat, lng, verification_level) VALUES ('STB_1875', 'brand_starbucks', '01ARZ3NDEKTSV4RRFFQ69G5FAV', 'free', 'STB_OFFICIAL_1875', 'starbucks_official', 'スターバックス コーヒー 熊本菊陽店', '熊本県 菊池郡 菊陽町津久礼2541-1', 32.860281744, 130.802077165, 1);
INSERT OR REPLACE INTO service_category_rel (service_id, category_id) VALUES ('STB_1875', 'cat_cafe');
INSERT OR REPLACE INTO service_cafe_details (service_id, has_wifi) VALUES ('STB_1875', 1);
INSERT OR REPLACE INTO services (service_id, brand_id, owner_id, plan_id, ext_place_id, ext_source, title, address, lat, lng, verification_level) VALUES ('STB_2080', 'brand_starbucks', '01ARZ3NDEKTSV4RRFFQ69G5FAV', 'free', 'STB_OFFICIAL_2080', 'starbucks_official', 'スターバックス コーヒー 蔦屋書店 熊本三年坂店', '熊本県 熊本市中央区 安政町1-2 カリーノ下通 1F', 32.8019141539, 130.709856123, 1);
INSERT OR REPLACE INTO service_category_rel (service_id, category_id) VALUES ('STB_2080', 'cat_cafe');
INSERT OR REPLACE INTO service_cafe_details (service_id, has_wifi) VALUES ('STB_2080', 1);
INSERT OR REPLACE INTO services (service_id, brand_id, owner_id, plan_id, ext_place_id, ext_source, title, address, lat, lng, verification_level) VALUES ('STB_2136', 'brand_starbucks', '01ARZ3NDEKTSV4RRFFQ69G5FAV', 'free', 'STB_OFFICIAL_2136', 'starbucks_official', 'スターバックス コーヒー 熊本駅店', '熊本県 熊本市西区 春日3-15-30', 32.789755919, 130.688746769, 1);
INSERT OR REPLACE INTO service_category_rel (service_id, category_id) VALUES ('STB_2136', 'cat_cafe');
INSERT OR REPLACE INTO service_cafe_details (service_id, has_wifi) VALUES ('STB_2136', 1);
INSERT OR REPLACE INTO services (service_id, brand_id, owner_id, plan_id, ext_place_id, ext_source, title, address, lat, lng, verification_level) VALUES ('STB_2168', 'brand_starbucks', '01ARZ3NDEKTSV4RRFFQ69G5FAV', 'free', 'STB_OFFICIAL_2168', 'starbucks_official', 'スターバックス コーヒー TSUTAYA BOOKSTORE 菊陽店', '熊本県 菊池郡 菊陽町津久礼2746', 32.8630644132, 130.812904193, 1);
INSERT OR REPLACE INTO service_category_rel (service_id, category_id) VALUES ('STB_2168', 'cat_cafe');
INSERT OR REPLACE INTO service_cafe_details (service_id, has_wifi) VALUES ('STB_2168', 0);
INSERT OR REPLACE INTO services (service_id, brand_id, owner_id, plan_id, ext_place_id, ext_source, title, address, lat, lng, verification_level) VALUES ('STB_2179', 'brand_starbucks', '01ARZ3NDEKTSV4RRFFQ69G5FAV', 'free', 'STB_OFFICIAL_2179', 'starbucks_official', 'スターバックス コーヒー アミュプラザくまもと店', '熊本県 熊本市西区 春日3-15-26 アミュプラザくまもと', 32.7892662576, 130.689231196, 1);
INSERT OR REPLACE INTO service_category_rel (service_id, category_id) VALUES ('STB_2179', 'cat_cafe');
INSERT OR REPLACE INTO service_cafe_details (service_id, has_wifi) VALUES ('STB_2179', 1);
INSERT OR REPLACE INTO services (service_id, brand_id, owner_id, plan_id, ext_place_id, ext_source, title, address, lat, lng, verification_level) VALUES ('STB_2222', 'brand_starbucks', '01ARZ3NDEKTSV4RRFFQ69G5FAV', 'free', 'STB_OFFICIAL_2222', 'starbucks_official', 'スターバックス コーヒー 不知火美術館・図書館店', '熊本県 宇城市 不知火町高良2352 不知火美術館・図書館', 32.6470377876, 130.669220796, 1);
INSERT OR REPLACE INTO service_category_rel (service_id, category_id) VALUES ('STB_2222', 'cat_cafe');
INSERT OR REPLACE INTO service_cafe_details (service_id, has_wifi) VALUES ('STB_2222', 0);
INSERT OR REPLACE INTO services (service_id, brand_id, owner_id, plan_id, ext_place_id, ext_source, title, address, lat, lng, verification_level) VALUES ('STB_4022', 'brand_starbucks', '01ARZ3NDEKTSV4RRFFQ69G5FAV', 'free', 'STB_OFFICIAL_4022', 'starbucks_official', 'スターバックス コーヒー 熊本帯山店', '熊本県 熊本市中央区 帯山9-2-5', 32.8048919396, 130.760349848, 1);
INSERT OR REPLACE INTO service_category_rel (service_id, category_id) VALUES ('STB_4022', 'cat_cafe');
INSERT OR REPLACE INTO service_cafe_details (service_id, has_wifi) VALUES ('STB_4022', 1);
INSERT OR REPLACE INTO services (service_id, brand_id, owner_id, plan_id, ext_place_id, ext_source, title, address, lat, lng, verification_level) VALUES ('STB_4158', 'brand_starbucks', '01ARZ3NDEKTSV4RRFFQ69G5FAV', 'free', 'STB_OFFICIAL_4158', 'starbucks_official', 'スターバックス コーヒー 熊本益城インターチェンジ店', '熊本県 熊本市東区 佐土原2-4-160', 32.7907696135, 130.779243095, 1);
INSERT OR REPLACE INTO service_category_rel (service_id, category_id) VALUES ('STB_4158', 'cat_cafe');
INSERT OR REPLACE INTO service_cafe_details (service_id, has_wifi) VALUES ('STB_4158', 1);
INSERT OR REPLACE INTO services (service_id, brand_id, owner_id, plan_id, ext_place_id, ext_source, title, address, lat, lng, verification_level) VALUES ('STB_4182', 'brand_starbucks', '01ARZ3NDEKTSV4RRFFQ69G5FAV', 'free', 'STB_OFFICIAL_4182', 'starbucks_official', 'スターバックス コーヒー 熊本清水店', '熊本県 熊本市北区 高平2-25-39', 32.8358020883, 130.719594309, 1);
INSERT OR REPLACE INTO service_category_rel (service_id, category_id) VALUES ('STB_4182', 'cat_cafe');
INSERT OR REPLACE INTO service_cafe_details (service_id, has_wifi) VALUES ('STB_4182', 1);
INSERT OR REPLACE INTO services (service_id, brand_id, owner_id, plan_id, ext_place_id, ext_source, title, address, lat, lng, verification_level) VALUES ('STB_4229', 'brand_starbucks', '01ARZ3NDEKTSV4RRFFQ69G5FAV', 'free', 'STB_OFFICIAL_4229', 'starbucks_official', 'スターバックス コーヒー 北熊本サービスエリア（上り線）店', '熊本県 熊本市北区 改寄町1199 九州自動車道 北熊本サービスエリア（上り線）内', 32.8940272254, 130.718226186, 1);
INSERT OR REPLACE INTO service_category_rel (service_id, category_id) VALUES ('STB_4229', 'cat_cafe');
INSERT OR REPLACE INTO service_cafe_details (service_id, has_wifi) VALUES ('STB_4229', 1);
INSERT OR REPLACE INTO services (service_id, brand_id, owner_id, plan_id, ext_place_id, ext_source, title, address, lat, lng, verification_level) VALUES ('STB_4323', 'brand_starbucks', '01ARZ3NDEKTSV4RRFFQ69G5FAV', 'free', 'STB_OFFICIAL_4323', 'starbucks_official', 'スターバックス コーヒー 八代北の丸店', '熊本県 八代市 北の丸町1-19', 32.5088749822, 130.600836726, 1);
INSERT OR REPLACE INTO service_category_rel (service_id, category_id) VALUES ('STB_4323', 'cat_cafe');
INSERT OR REPLACE INTO service_cafe_details (service_id, has_wifi) VALUES ('STB_4323', 1);
INSERT OR REPLACE INTO services (service_id, brand_id, owner_id, plan_id, ext_place_id, ext_source, title, address, lat, lng, verification_level) VALUES ('STB_184', 'brand_starbucks', '01ARZ3NDEKTSV4RRFFQ69G5FAV', 'free', 'STB_OFFICIAL_184', 'starbucks_official', 'スターバックス コーヒー 大分わさだトキハ店', '大分県 大分市 玉沢楠本755-1 トキハわさだタウン 1F', 33.1882322269, 131.581604547, 1);
INSERT OR REPLACE INTO service_category_rel (service_id, category_id) VALUES ('STB_184', 'cat_cafe');
INSERT OR REPLACE INTO service_cafe_details (service_id, has_wifi) VALUES ('STB_184', 1);
INSERT OR REPLACE INTO services (service_id, brand_id, owner_id, plan_id, ext_place_id, ext_source, title, address, lat, lng, verification_level) VALUES ('STB_363', 'brand_starbucks', '01ARZ3NDEKTSV4RRFFQ69G5FAV', 'free', 'STB_OFFICIAL_363', 'starbucks_official', 'スターバックス コーヒー パークプレイス大分店', '大分県 大分市 公園通り西2-1 パークプレイス大分', 33.1957099651, 131.656937113, 1);
INSERT OR REPLACE INTO service_category_rel (service_id, category_id) VALUES ('STB_363', 'cat_cafe');
INSERT OR REPLACE INTO service_cafe_details (service_id, has_wifi) VALUES ('STB_363', 1);
INSERT OR REPLACE INTO services (service_id, brand_id, owner_id, plan_id, ext_place_id, ext_source, title, address, lat, lng, verification_level) VALUES ('STB_650', 'brand_starbucks', '01ARZ3NDEKTSV4RRFFQ69G5FAV', 'free', 'STB_OFFICIAL_650', 'starbucks_official', 'スターバックス コーヒー 別府トキハ店', '大分県 別府市 北浜2-9-1 トキハ別府店', 33.2799994218, 131.505863556, 1);
INSERT OR REPLACE INTO service_category_rel (service_id, category_id) VALUES ('STB_650', 'cat_cafe');
INSERT OR REPLACE INTO service_cafe_details (service_id, has_wifi) VALUES ('STB_650', 1);
INSERT OR REPLACE INTO services (service_id, brand_id, owner_id, plan_id, ext_place_id, ext_source, title, address, lat, lng, verification_level) VALUES ('STB_785', 'brand_starbucks', '01ARZ3NDEKTSV4RRFFQ69G5FAV', 'free', 'STB_OFFICIAL_785', 'starbucks_official', 'スターバックス コーヒー 大分大学医学部附属病院店', '大分県 由布市 挾間町医大ヶ丘1-1 大分大学医学部附属病院', 33.2098779875, 131.535056583, 1);
INSERT OR REPLACE INTO service_category_rel (service_id, category_id) VALUES ('STB_785', 'cat_cafe');
INSERT OR REPLACE INTO service_cafe_details (service_id, has_wifi) VALUES ('STB_785', 1);
INSERT OR REPLACE INTO services (service_id, brand_id, owner_id, plan_id, ext_place_id, ext_source, title, address, lat, lng, verification_level) VALUES ('STB_1095', 'brand_starbucks', '01ARZ3NDEKTSV4RRFFQ69G5FAV', 'free', 'STB_OFFICIAL_1095', 'starbucks_official', 'スターバックス コーヒー 大分下郡店', '大分県 大分市 下郡北3-25-16', 33.2302564422, 131.634987068, 1);
INSERT OR REPLACE INTO service_category_rel (service_id, category_id) VALUES ('STB_1095', 'cat_cafe');
INSERT OR REPLACE INTO service_cafe_details (service_id, has_wifi) VALUES ('STB_1095', 1);
INSERT OR REPLACE INTO services (service_id, brand_id, owner_id, plan_id, ext_place_id, ext_source, title, address, lat, lng, verification_level) VALUES ('STB_1231', 'brand_starbucks', '01ARZ3NDEKTSV4RRFFQ69G5FAV', 'free', 'STB_OFFICIAL_1231', 'starbucks_official', 'スターバックス コーヒー アミュプラザおおいた 1階店', '大分県 大分市 要町1-14 アミュプラザおおいた1階', 33.2330909245, 131.606807055, 1);
INSERT OR REPLACE INTO service_category_rel (service_id, category_id) VALUES ('STB_1231', 'cat_cafe');
INSERT OR REPLACE INTO service_cafe_details (service_id, has_wifi) VALUES ('STB_1231', 1);
INSERT OR REPLACE INTO services (service_id, brand_id, owner_id, plan_id, ext_place_id, ext_source, title, address, lat, lng, verification_level) VALUES ('STB_1330', 'brand_starbucks', '01ARZ3NDEKTSV4RRFFQ69G5FAV', 'free', 'STB_OFFICIAL_1330', 'starbucks_official', 'スターバックス コーヒー 大分大道バイパス店', '大分県 大分市 二又町3-2-6', 33.2124026813, 131.596597745, 1);
INSERT OR REPLACE INTO service_category_rel (service_id, category_id) VALUES ('STB_1330', 'cat_cafe');
INSERT OR REPLACE INTO service_cafe_details (service_id, has_wifi) VALUES ('STB_1330', 1);
INSERT OR REPLACE INTO services (service_id, brand_id, owner_id, plan_id, ext_place_id, ext_source, title, address, lat, lng, verification_level) VALUES ('STB_1756', 'brand_starbucks', '01ARZ3NDEKTSV4RRFFQ69G5FAV', 'free', 'STB_OFFICIAL_1756', 'starbucks_official', 'スターバックス コーヒー 大分トキハ本店', '大分県 大分市 府内町2-1-4 トキハ本店', 33.2364991865, 131.607687658, 1);
INSERT OR REPLACE INTO service_category_rel (service_id, category_id) VALUES ('STB_1756', 'cat_cafe');
INSERT OR REPLACE INTO service_cafe_details (service_id, has_wifi) VALUES ('STB_1756', 1);
INSERT OR REPLACE INTO services (service_id, brand_id, owner_id, plan_id, ext_place_id, ext_source, title, address, lat, lng, verification_level) VALUES ('STB_1769', 'brand_starbucks', '01ARZ3NDEKTSV4RRFFQ69G5FAV', 'free', 'STB_OFFICIAL_1769', 'starbucks_official', 'スターバックス コーヒー 別府公園店', '大分県 別府市 西野口町2780-28 別府公園東駐車場', 33.2814562768, 131.493761439, 1);
INSERT OR REPLACE INTO service_category_rel (service_id, category_id) VALUES ('STB_1769', 'cat_cafe');
INSERT OR REPLACE INTO service_cafe_details (service_id, has_wifi) VALUES ('STB_1769', 1);
INSERT OR REPLACE INTO services (service_id, brand_id, owner_id, plan_id, ext_place_id, ext_source, title, address, lat, lng, verification_level) VALUES ('STB_2277', 'brand_starbucks', '01ARZ3NDEKTSV4RRFFQ69G5FAV', 'free', 'STB_OFFICIAL_2277', 'starbucks_official', 'スターバックス コーヒー アミュプラザおおいた 2階店', '大分県 大分市 要町1-14 アミュプラザおおいた2階', 33.2330631511, 131.606882606, 1);
INSERT OR REPLACE INTO service_category_rel (service_id, category_id) VALUES ('STB_2277', 'cat_cafe');
INSERT OR REPLACE INTO service_cafe_details (service_id, has_wifi) VALUES ('STB_2277', 1);
INSERT OR REPLACE INTO services (service_id, brand_id, owner_id, plan_id, ext_place_id, ext_source, title, address, lat, lng, verification_level) VALUES ('STB_4111', 'brand_starbucks', '01ARZ3NDEKTSV4RRFFQ69G5FAV', 'free', 'STB_OFFICIAL_4111', 'starbucks_official', 'スターバックス コーヒー 大分森町店', '大分県 大分市 森町593-1', 33.2250186513, 131.681675931, 1);
INSERT OR REPLACE INTO service_category_rel (service_id, category_id) VALUES ('STB_4111', 'cat_cafe');
INSERT OR REPLACE INTO service_cafe_details (service_id, has_wifi) VALUES ('STB_4111', 1);
INSERT OR REPLACE INTO services (service_id, brand_id, owner_id, plan_id, ext_place_id, ext_source, title, address, lat, lng, verification_level) VALUES ('STB_4152', 'brand_starbucks', '01ARZ3NDEKTSV4RRFFQ69G5FAV', 'free', 'STB_OFFICIAL_4152', 'starbucks_official', 'スターバックス コーヒー 大分高城店', '大分県 大分市 日吉町19-18', 33.2444119217, 131.653705972, 1);
INSERT OR REPLACE INTO service_category_rel (service_id, category_id) VALUES ('STB_4152', 'cat_cafe');
INSERT OR REPLACE INTO service_cafe_details (service_id, has_wifi) VALUES ('STB_4152', 1);
INSERT OR REPLACE INTO services (service_id, brand_id, owner_id, plan_id, ext_place_id, ext_source, title, address, lat, lng, verification_level) VALUES ('STB_4200', 'brand_starbucks', '01ARZ3NDEKTSV4RRFFQ69G5FAV', 'free', 'STB_OFFICIAL_4200', 'starbucks_official', 'スターバックス コーヒー 大分中春日店', '大分県 大分市 中春日町12－24', 33.2398972197, 131.595413244, 1);
INSERT OR REPLACE INTO service_category_rel (service_id, category_id) VALUES ('STB_4200', 'cat_cafe');
INSERT OR REPLACE INTO service_cafe_details (service_id, has_wifi) VALUES ('STB_4200', 1);
INSERT OR REPLACE INTO services (service_id, brand_id, owner_id, plan_id, ext_place_id, ext_source, title, address, lat, lng, verification_level) VALUES ('STB_4316', 'brand_starbucks', '01ARZ3NDEKTSV4RRFFQ69G5FAV', 'free', 'STB_OFFICIAL_4316', 'starbucks_official', 'スターバックス コーヒー 別府上人ケ浜店', '大分県 別府市 上人ヶ浜町2-51', 33.3135985095, 131.500356078, 1);
INSERT OR REPLACE INTO service_category_rel (service_id, category_id) VALUES ('STB_4316', 'cat_cafe');
INSERT OR REPLACE INTO service_cafe_details (service_id, has_wifi) VALUES ('STB_4316', 1);
INSERT OR REPLACE INTO services (service_id, brand_id, owner_id, plan_id, ext_place_id, ext_source, title, address, lat, lng, verification_level) VALUES ('STB_4373', 'brand_starbucks', '01ARZ3NDEKTSV4RRFFQ69G5FAV', 'free', 'STB_OFFICIAL_4373', 'starbucks_official', 'スターバックス コーヒー 日田店', '大分県 日田市 庄手648-6', 33.311937234, 130.924176783, 1);
INSERT OR REPLACE INTO service_category_rel (service_id, category_id) VALUES ('STB_4373', 'cat_cafe');
INSERT OR REPLACE INTO service_cafe_details (service_id, has_wifi) VALUES ('STB_4373', 1);
INSERT OR REPLACE INTO services (service_id, brand_id, owner_id, plan_id, ext_place_id, ext_source, title, address, lat, lng, verification_level) VALUES ('STB_4403', 'brand_starbucks', '01ARZ3NDEKTSV4RRFFQ69G5FAV', 'free', 'STB_OFFICIAL_4403', 'starbucks_official', 'スターバックス コーヒー 中津店', '大分県 中津市 東本町5-6', 33.5953268594, 131.190909637, 1);
INSERT OR REPLACE INTO service_category_rel (service_id, category_id) VALUES ('STB_4403', 'cat_cafe');
INSERT OR REPLACE INTO service_cafe_details (service_id, has_wifi) VALUES ('STB_4403', 1);
INSERT OR REPLACE INTO services (service_id, brand_id, owner_id, plan_id, ext_place_id, ext_source, title, address, lat, lng, verification_level) VALUES ('STB_4551', 'brand_starbucks', '01ARZ3NDEKTSV4RRFFQ69G5FAV', 'free', 'STB_OFFICIAL_4551', 'starbucks_official', 'スターバックス コーヒー イオンモール三光店', '大分県 中津市 三光佐知1032 イオンモール三光1階', 33.5599117803, 131.192156165, 1);
INSERT OR REPLACE INTO service_category_rel (service_id, category_id) VALUES ('STB_4551', 'cat_cafe');
INSERT OR REPLACE INTO service_cafe_details (service_id, has_wifi) VALUES ('STB_4551', 1);
INSERT OR REPLACE INTO services (service_id, brand_id, owner_id, plan_id, ext_place_id, ext_source, title, address, lat, lng, verification_level) VALUES ('STB_700', 'brand_starbucks', '01ARZ3NDEKTSV4RRFFQ69G5FAV', 'free', 'STB_OFFICIAL_700', 'starbucks_official', 'スターバックス コーヒー 宮崎青葉町店', '宮崎県 宮崎市 青葉町121-6', 31.9195948221, 131.435988946, 1);
INSERT OR REPLACE INTO service_category_rel (service_id, category_id) VALUES ('STB_700', 'cat_cafe');
INSERT OR REPLACE INTO service_cafe_details (service_id, has_wifi) VALUES ('STB_700', 1);
INSERT OR REPLACE INTO services (service_id, brand_id, owner_id, plan_id, ext_place_id, ext_source, title, address, lat, lng, verification_level) VALUES ('STB_709', 'brand_starbucks', '01ARZ3NDEKTSV4RRFFQ69G5FAV', 'free', 'STB_OFFICIAL_709', 'starbucks_official', 'スターバックス コーヒー 宮崎山形屋店', '宮崎県 宮崎市 橘通東3-4-12 宮崎山形屋', 31.9161477541, 131.423713735, 1);
INSERT OR REPLACE INTO service_category_rel (service_id, category_id) VALUES ('STB_709', 'cat_cafe');
INSERT OR REPLACE INTO service_cafe_details (service_id, has_wifi) VALUES ('STB_709', 1);
INSERT OR REPLACE INTO services (service_id, brand_id, owner_id, plan_id, ext_place_id, ext_source, title, address, lat, lng, verification_level) VALUES ('STB_1057', 'brand_starbucks', '01ARZ3NDEKTSV4RRFFQ69G5FAV', 'free', 'STB_OFFICIAL_1057', 'starbucks_official', 'スターバックス コーヒー イオンモール宮崎 North Mall 2階店', '宮崎県 宮崎市 新別府町江口862-1 イオンモール宮崎 North Mall 2階', 31.9228026066, 131.456015468, 1);
INSERT OR REPLACE INTO service_category_rel (service_id, category_id) VALUES ('STB_1057', 'cat_cafe');
INSERT OR REPLACE INTO service_cafe_details (service_id, has_wifi) VALUES ('STB_1057', 1);
INSERT OR REPLACE INTO services (service_id, brand_id, owner_id, plan_id, ext_place_id, ext_source, title, address, lat, lng, verification_level) VALUES ('STB_2110', 'brand_starbucks', '01ARZ3NDEKTSV4RRFFQ69G5FAV', 'free', 'STB_OFFICIAL_2110', 'starbucks_official', 'スターバックス コーヒー 蔦屋書店 延岡エンクロス店', '宮崎県 延岡市 幸町3-4266-5 NOBEOKA ENCROSS', 32.5905763534, 131.672617286, 1);
INSERT OR REPLACE INTO service_category_rel (service_id, category_id) VALUES ('STB_2110', 'cat_cafe');
INSERT OR REPLACE INTO service_cafe_details (service_id, has_wifi) VALUES ('STB_2110', 1);
INSERT OR REPLACE INTO services (service_id, brand_id, owner_id, plan_id, ext_place_id, ext_source, title, address, lat, lng, verification_level) VALUES ('STB_2163', 'brand_starbucks', '01ARZ3NDEKTSV4RRFFQ69G5FAV', 'free', 'STB_OFFICIAL_2163', 'starbucks_official', 'スターバックス コーヒー TSUTAYA BOOKSTORE 宮交シティ店', '宮崎県 宮崎市 大淀4-7-30 宮交シティ', 31.8951202079, 131.419528384, 1);
INSERT OR REPLACE INTO service_category_rel (service_id, category_id) VALUES ('STB_2163', 'cat_cafe');
INSERT OR REPLACE INTO service_cafe_details (service_id, has_wifi) VALUES ('STB_2163', 0);
INSERT OR REPLACE INTO services (service_id, brand_id, owner_id, plan_id, ext_place_id, ext_source, title, address, lat, lng, verification_level) VALUES ('STB_2167', 'brand_starbucks', '01ARZ3NDEKTSV4RRFFQ69G5FAV', 'free', 'STB_OFFICIAL_2167', 'starbucks_official', 'スターバックス コーヒー アミュプラザみやざき店', '宮崎県 宮崎市 老松2-2-22 アミュプラザみやざき うみ館', 31.9148746843, 131.431004577, 1);
INSERT OR REPLACE INTO service_category_rel (service_id, category_id) VALUES ('STB_2167', 'cat_cafe');
INSERT OR REPLACE INTO service_cafe_details (service_id, has_wifi) VALUES ('STB_2167', 1);
INSERT OR REPLACE INTO services (service_id, brand_id, owner_id, plan_id, ext_place_id, ext_source, title, address, lat, lng, verification_level) VALUES ('STB_4126', 'brand_starbucks', '01ARZ3NDEKTSV4RRFFQ69G5FAV', 'free', 'STB_OFFICIAL_4126', 'starbucks_official', 'スターバックス コーヒー イオンモール都城駅前店', '宮崎県 都城市 栄町4672－5 イオンモール都城駅前', 31.7349219725, 131.080269492, 1);
INSERT OR REPLACE INTO service_category_rel (service_id, category_id) VALUES ('STB_4126', 'cat_cafe');
INSERT OR REPLACE INTO service_cafe_details (service_id, has_wifi) VALUES ('STB_4126', 1);
INSERT OR REPLACE INTO services (service_id, brand_id, owner_id, plan_id, ext_place_id, ext_source, title, address, lat, lng, verification_level) VALUES ('STB_4144', 'brand_starbucks', '01ARZ3NDEKTSV4RRFFQ69G5FAV', 'free', 'STB_OFFICIAL_4144', 'starbucks_official', 'スターバックス コーヒー 延岡昭和町店', '宮崎県 延岡市 昭和町2-2291-2', 32.586926552, 131.677539546, 1);
INSERT OR REPLACE INTO service_category_rel (service_id, category_id) VALUES ('STB_4144', 'cat_cafe');
INSERT OR REPLACE INTO service_cafe_details (service_id, has_wifi) VALUES ('STB_4144', 1);
INSERT OR REPLACE INTO services (service_id, brand_id, owner_id, plan_id, ext_place_id, ext_source, title, address, lat, lng, verification_level) VALUES ('STB_4228', 'brand_starbucks', '01ARZ3NDEKTSV4RRFFQ69G5FAV', 'free', 'STB_OFFICIAL_4228', 'starbucks_official', 'スターバックス コーヒー 宮崎神宮東店', '宮崎県 宮崎市 神宮東1-4-25', 31.9336879002, 131.428165058, 1);
INSERT OR REPLACE INTO service_category_rel (service_id, category_id) VALUES ('STB_4228', 'cat_cafe');
INSERT OR REPLACE INTO service_cafe_details (service_id, has_wifi) VALUES ('STB_4228', 1);
INSERT OR REPLACE INTO services (service_id, brand_id, owner_id, plan_id, ext_place_id, ext_source, title, address, lat, lng, verification_level) VALUES ('STB_4300', 'brand_starbucks', '01ARZ3NDEKTSV4RRFFQ69G5FAV', 'free', 'STB_OFFICIAL_4300', 'starbucks_official', 'スターバックス コーヒー 宮崎新別府店', '宮崎県 宮崎市 新別府町江口881-1', 31.9240965734, 131.452496534, 1);
INSERT OR REPLACE INTO service_category_rel (service_id, category_id) VALUES ('STB_4300', 'cat_cafe');
INSERT OR REPLACE INTO service_cafe_details (service_id, has_wifi) VALUES ('STB_4300', 1);
INSERT OR REPLACE INTO services (service_id, brand_id, owner_id, plan_id, ext_place_id, ext_source, title, address, lat, lng, verification_level) VALUES ('STB_4304', 'brand_starbucks', '01ARZ3NDEKTSV4RRFFQ69G5FAV', 'free', 'STB_OFFICIAL_4304', 'starbucks_official', 'スターバックス コーヒー 都城 KIRISHIMA GREENSHIP icoia店', '宮崎県 都城市 下川東4-5869-8', 31.7486348855, 131.076569168, 1);
INSERT OR REPLACE INTO service_category_rel (service_id, category_id) VALUES ('STB_4304', 'cat_cafe');
INSERT OR REPLACE INTO service_cafe_details (service_id, has_wifi) VALUES ('STB_4304', 1);
INSERT OR REPLACE INTO services (service_id, brand_id, owner_id, plan_id, ext_place_id, ext_source, title, address, lat, lng, verification_level) VALUES ('STB_4327', 'brand_starbucks', '01ARZ3NDEKTSV4RRFFQ69G5FAV', 'free', 'STB_OFFICIAL_4327', 'starbucks_official', 'スターバックス コーヒー 日向店', '宮崎県 日向市 鶴町2-11-9', 32.4252416371, 131.630600056, 1);
INSERT OR REPLACE INTO service_category_rel (service_id, category_id) VALUES ('STB_4327', 'cat_cafe');
INSERT OR REPLACE INTO service_cafe_details (service_id, has_wifi) VALUES ('STB_4327', 1);
INSERT OR REPLACE INTO services (service_id, brand_id, owner_id, plan_id, ext_place_id, ext_source, title, address, lat, lng, verification_level) VALUES ('STB_4426', 'brand_starbucks', '01ARZ3NDEKTSV4RRFFQ69G5FAV', 'free', 'STB_OFFICIAL_4426', 'starbucks_official', 'スターバックス コーヒー 宮崎恒久店', '宮崎県 宮崎市 恒久942-１', 31.8809535018, 131.425935449, 1);
INSERT OR REPLACE INTO service_category_rel (service_id, category_id) VALUES ('STB_4426', 'cat_cafe');
INSERT OR REPLACE INTO service_cafe_details (service_id, has_wifi) VALUES ('STB_4426', 1);
INSERT OR REPLACE INTO services (service_id, brand_id, owner_id, plan_id, ext_place_id, ext_source, title, address, lat, lng, verification_level) VALUES ('STB_4453', 'brand_starbucks', '01ARZ3NDEKTSV4RRFFQ69G5FAV', 'free', 'STB_OFFICIAL_4453', 'starbucks_official', 'スターバックス コーヒー スターバックス ティー＆カフェ イオンモール宮崎1階店', '宮崎県 宮崎市 新別府町江口862-1 イオンモール宮崎 South Mall 1階', 31.9223829345, 131.456319907, 1);
INSERT OR REPLACE INTO service_category_rel (service_id, category_id) VALUES ('STB_4453', 'cat_cafe');
INSERT OR REPLACE INTO service_cafe_details (service_id, has_wifi) VALUES ('STB_4453', 1);
INSERT OR REPLACE INTO services (service_id, brand_id, owner_id, plan_id, ext_place_id, ext_source, title, address, lat, lng, verification_level) VALUES ('STB_701', 'brand_starbucks', '01ARZ3NDEKTSV4RRFFQ69G5FAV', 'free', 'STB_OFFICIAL_701', 'starbucks_official', 'スターバックス コーヒー 鹿児島天文館店', '鹿児島県 鹿児島市 東千石町16-18 STYLISHビル', 31.5920191893, 130.55476027, 1);
INSERT OR REPLACE INTO service_category_rel (service_id, category_id) VALUES ('STB_701', 'cat_cafe');
INSERT OR REPLACE INTO service_cafe_details (service_id, has_wifi) VALUES ('STB_701', 1);
INSERT OR REPLACE INTO services (service_id, brand_id, owner_id, plan_id, ext_place_id, ext_source, title, address, lat, lng, verification_level) VALUES ('STB_791', 'brand_starbucks', '01ARZ3NDEKTSV4RRFFQ69G5FAV', 'free', 'STB_OFFICIAL_791', 'starbucks_official', 'スターバックス コーヒー イオンモールKAGOSHIMA BAY店', '鹿児島県 鹿児島市 東開町7 イオンモールKAGOSHIMA BAY', 31.5274482711, 130.536171454, 1);
INSERT OR REPLACE INTO service_category_rel (service_id, category_id) VALUES ('STB_791', 'cat_cafe');
INSERT OR REPLACE INTO service_cafe_details (service_id, has_wifi) VALUES ('STB_791', 1);
INSERT OR REPLACE INTO services (service_id, brand_id, owner_id, plan_id, ext_place_id, ext_source, title, address, lat, lng, verification_level) VALUES ('STB_804', 'brand_starbucks', '01ARZ3NDEKTSV4RRFFQ69G5FAV', 'free', 'STB_OFFICIAL_804', 'starbucks_official', 'スターバックス コーヒー 鹿児島OPSIAミスミ店', '鹿児島県 鹿児島市 宇宿2-3-5 OPSIA Misumi', 31.5435739013, 130.543768414, 1);
INSERT OR REPLACE INTO service_category_rel (service_id, category_id) VALUES ('STB_804', 'cat_cafe');
INSERT OR REPLACE INTO service_cafe_details (service_id, has_wifi) VALUES ('STB_804', 1);
INSERT OR REPLACE INTO services (service_id, brand_id, owner_id, plan_id, ext_place_id, ext_source, title, address, lat, lng, verification_level) VALUES ('STB_1233', 'brand_starbucks', '01ARZ3NDEKTSV4RRFFQ69G5FAV', 'free', 'STB_OFFICIAL_1233', 'starbucks_official', 'スターバックス コーヒー アミュプラザ鹿児島 プレミアム館1階店', '鹿児島県 鹿児島市 中央町1-1 アミュプラザ鹿児島', 31.583790965, 130.542423063, 1);
INSERT OR REPLACE INTO service_category_rel (service_id, category_id) VALUES ('STB_1233', 'cat_cafe');
INSERT OR REPLACE INTO service_cafe_details (service_id, has_wifi) VALUES ('STB_1233', 1);
INSERT OR REPLACE INTO services (service_id, brand_id, owner_id, plan_id, ext_place_id, ext_source, title, address, lat, lng, verification_level) VALUES ('STB_1441', 'brand_starbucks', '01ARZ3NDEKTSV4RRFFQ69G5FAV', 'free', 'STB_OFFICIAL_1441', 'starbucks_official', 'スターバックス コーヒー 鹿児島仙巌園店', '鹿児島県 鹿児島市 吉野町9688-1', 31.6168260625, 130.575364084, 1);
INSERT OR REPLACE INTO service_category_rel (service_id, category_id) VALUES ('STB_1441', 'cat_cafe');
INSERT OR REPLACE INTO service_cafe_details (service_id, has_wifi) VALUES ('STB_1441', 1);
INSERT OR REPLACE INTO services (service_id, brand_id, owner_id, plan_id, ext_place_id, ext_source, title, address, lat, lng, verification_level) VALUES ('STB_1713', 'brand_starbucks', '01ARZ3NDEKTSV4RRFFQ69G5FAV', 'free', 'STB_OFFICIAL_1713', 'starbucks_official', 'スターバックス コーヒー 鹿児島マルヤガーデンズ店', '鹿児島県 鹿児島市 呉服町6-5 マルヤガーデンズ', 31.5911770968, 130.557030676, 1);
INSERT OR REPLACE INTO service_category_rel (service_id, category_id) VALUES ('STB_1713', 'cat_cafe');
INSERT OR REPLACE INTO service_cafe_details (service_id, has_wifi) VALUES ('STB_1713', 1);
INSERT OR REPLACE INTO services (service_id, brand_id, owner_id, plan_id, ext_place_id, ext_source, title, address, lat, lng, verification_level) VALUES ('STB_1768', 'brand_starbucks', '01ARZ3NDEKTSV4RRFFQ69G5FAV', 'free', 'STB_OFFICIAL_1768', 'starbucks_official', 'スターバックス コーヒー アミュプラザ鹿児島 本館2階店', '鹿児島県 鹿児島市 中央町1-1 アミュプラザ鹿児島', 31.5842414774, 130.542713296, 1);
INSERT OR REPLACE INTO service_category_rel (service_id, category_id) VALUES ('STB_1768', 'cat_cafe');
INSERT OR REPLACE INTO service_cafe_details (service_id, has_wifi) VALUES ('STB_1768', 1);
INSERT OR REPLACE INTO services (service_id, brand_id, owner_id, plan_id, ext_place_id, ext_source, title, address, lat, lng, verification_level) VALUES ('STB_2157', 'brand_starbucks', '01ARZ3NDEKTSV4RRFFQ69G5FAV', 'free', 'STB_OFFICIAL_2157', 'starbucks_official', 'スターバックス コーヒー TSUTAYA BOOKSTORE 霧島店', '鹿児島県 霧島市 国分野口東8-40', 31.737479616, 130.75428978, 1);
INSERT OR REPLACE INTO service_category_rel (service_id, category_id) VALUES ('STB_2157', 'cat_cafe');
INSERT OR REPLACE INTO service_cafe_details (service_id, has_wifi) VALUES ('STB_2157', 0);
INSERT OR REPLACE INTO services (service_id, brand_id, owner_id, plan_id, ext_place_id, ext_source, title, address, lat, lng, verification_level) VALUES ('STB_2227', 'brand_starbucks', '01ARZ3NDEKTSV4RRFFQ69G5FAV', 'free', 'STB_OFFICIAL_2227', 'starbucks_official', 'スターバックス コーヒー 薩摩川内 センノオト店', '鹿児島県 薩摩川内市 若松町3-33 センノオト1階', 31.813947161, 130.302754314, 1);
INSERT OR REPLACE INTO service_category_rel (service_id, category_id) VALUES ('STB_2227', 'cat_cafe');
INSERT OR REPLACE INTO service_cafe_details (service_id, has_wifi) VALUES ('STB_2227', 1);
INSERT OR REPLACE INTO services (service_id, brand_id, owner_id, plan_id, ext_place_id, ext_source, title, address, lat, lng, verification_level) VALUES ('STB_4031', 'brand_starbucks', '01ARZ3NDEKTSV4RRFFQ69G5FAV', 'free', 'STB_OFFICIAL_4031', 'starbucks_official', 'スターバックス コーヒー 鹿児島与次郎店', '鹿児島県 鹿児島市 与次郎1-8-30', 31.5670056089, 130.562377456, 1);
INSERT OR REPLACE INTO service_category_rel (service_id, category_id) VALUES ('STB_4031', 'cat_cafe');
INSERT OR REPLACE INTO service_cafe_details (service_id, has_wifi) VALUES ('STB_4031', 1);
INSERT OR REPLACE INTO services (service_id, brand_id, owner_id, plan_id, ext_place_id, ext_source, title, address, lat, lng, verification_level) VALUES ('STB_4143', 'brand_starbucks', '01ARZ3NDEKTSV4RRFFQ69G5FAV', 'free', 'STB_OFFICIAL_4143', 'starbucks_official', 'スターバックス コーヒー イオンタウン姶良店', '鹿児島県 姶良市 西餅田264-1 イオンタウン姶良', 31.7325520826, 130.626786707, 1);
INSERT OR REPLACE INTO service_category_rel (service_id, category_id) VALUES ('STB_4143', 'cat_cafe');
INSERT OR REPLACE INTO service_cafe_details (service_id, has_wifi) VALUES ('STB_4143', 1);
INSERT OR REPLACE INTO services (service_id, brand_id, owner_id, plan_id, ext_place_id, ext_source, title, address, lat, lng, verification_level) VALUES ('STB_4181', 'brand_starbucks', '01ARZ3NDEKTSV4RRFFQ69G5FAV', 'free', 'STB_OFFICIAL_4181', 'starbucks_official', 'スターバックス コーヒー 鹿児島谷山駅前店', '鹿児島県 鹿児島市 谷山中央1-4127-17', 31.5263539075, 130.518191609, 1);
INSERT OR REPLACE INTO service_category_rel (service_id, category_id) VALUES ('STB_4181', 'cat_cafe');
INSERT OR REPLACE INTO service_cafe_details (service_id, has_wifi) VALUES ('STB_4181', 1);
INSERT OR REPLACE INTO services (service_id, brand_id, owner_id, plan_id, ext_place_id, ext_source, title, address, lat, lng, verification_level) VALUES ('STB_4335', 'brand_starbucks', '01ARZ3NDEKTSV4RRFFQ69G5FAV', 'free', 'STB_OFFICIAL_4335', 'starbucks_official', 'スターバックス コーヒー 鹿児島東開町店', '鹿児島県 鹿児島市 東開町4-113', 31.5360737126, 130.534747009, 1);
INSERT OR REPLACE INTO service_category_rel (service_id, category_id) VALUES ('STB_4335', 'cat_cafe');
INSERT OR REPLACE INTO service_cafe_details (service_id, has_wifi) VALUES ('STB_4335', 1);
INSERT OR REPLACE INTO services (service_id, brand_id, owner_id, plan_id, ext_place_id, ext_source, title, address, lat, lng, verification_level) VALUES ('STB_381', 'brand_starbucks', '01ARZ3NDEKTSV4RRFFQ69G5FAV', 'free', 'STB_OFFICIAL_381', 'starbucks_official', 'スターバックス コーヒー 那覇国際通り牧志店', '沖縄県 那覇市 牧志2-1-1 プランタビル', 26.2165504722, 127.688290573, 1);
INSERT OR REPLACE INTO service_category_rel (service_id, category_id) VALUES ('STB_381', 'cat_cafe');
INSERT OR REPLACE INTO service_cafe_details (service_id, has_wifi) VALUES ('STB_381', 1);
INSERT OR REPLACE INTO services (service_id, brand_id, owner_id, plan_id, ext_place_id, ext_source, title, address, lat, lng, verification_level) VALUES ('STB_398', 'brand_starbucks', '01ARZ3NDEKTSV4RRFFQ69G5FAV', 'free', 'STB_OFFICIAL_398', 'starbucks_official', 'スターバックス コーヒー 美浜アメリカンビレッジ店', '沖縄県 中頭郡 北谷町美浜16-2 美浜メディアステーション', 26.3162151961, 127.757987696, 1);
INSERT OR REPLACE INTO service_category_rel (service_id, category_id) VALUES ('STB_398', 'cat_cafe');
INSERT OR REPLACE INTO service_cafe_details (service_id, has_wifi) VALUES ('STB_398', 1);
INSERT OR REPLACE INTO services (service_id, brand_id, owner_id, plan_id, ext_place_id, ext_source, title, address, lat, lng, verification_level) VALUES ('STB_406', 'brand_starbucks', '01ARZ3NDEKTSV4RRFFQ69G5FAV', 'free', 'STB_OFFICIAL_406', 'starbucks_official', 'スターバックス コーヒー 那覇メインプレイス店', '沖縄県 那覇市 おもろまち4-4-9 サンエー那覇メインプレイス', 26.2251930106, 127.695704004, 1);
INSERT OR REPLACE INTO service_category_rel (service_id, category_id) VALUES ('STB_406', 'cat_cafe');
INSERT OR REPLACE INTO service_cafe_details (service_id, has_wifi) VALUES ('STB_406', 1);
INSERT OR REPLACE INTO services (service_id, brand_id, owner_id, plan_id, ext_place_id, ext_source, title, address, lat, lng, verification_level) VALUES ('STB_428', 'brand_starbucks', '01ARZ3NDEKTSV4RRFFQ69G5FAV', 'free', 'STB_OFFICIAL_428', 'starbucks_official', 'スターバックス コーヒー イオン那覇ショッピングセンター店', '沖縄県 那覇市 金城5-10-2 イオン那覇ショッピングセンター', 26.1967235964, 127.666228041, 1);
INSERT OR REPLACE INTO service_category_rel (service_id, category_id) VALUES ('STB_428', 'cat_cafe');
INSERT OR REPLACE INTO service_cafe_details (service_id, has_wifi) VALUES ('STB_428', 1);
INSERT OR REPLACE INTO services (service_id, brand_id, owner_id, plan_id, ext_place_id, ext_source, title, address, lat, lng, verification_level) VALUES ('STB_559', 'brand_starbucks', '01ARZ3NDEKTSV4RRFFQ69G5FAV', 'free', 'STB_OFFICIAL_559', 'starbucks_official', 'スターバックス コーヒー イオン南風原店', '沖縄県 島尻郡 南風原町宮平264 イオン南風原ショッピングセンター', 26.2005666455, 127.737101422, 1);
INSERT OR REPLACE INTO service_category_rel (service_id, category_id) VALUES ('STB_559', 'cat_cafe');
INSERT OR REPLACE INTO service_cafe_details (service_id, has_wifi) VALUES ('STB_559', 1);
INSERT OR REPLACE INTO services (service_id, brand_id, owner_id, plan_id, ext_place_id, ext_source, title, address, lat, lng, verification_level) VALUES ('STB_577', 'brand_starbucks', '01ARZ3NDEKTSV4RRFFQ69G5FAV', 'free', 'STB_OFFICIAL_577', 'starbucks_official', 'スターバックス コーヒー 具志川メインシティ店', '沖縄県 うるま市 江洲450-1 サンエー具志川メインシティ', 26.3530618877, 127.826018127, 1);
INSERT OR REPLACE INTO service_category_rel (service_id, category_id) VALUES ('STB_577', 'cat_cafe');
INSERT OR REPLACE INTO service_cafe_details (service_id, has_wifi) VALUES ('STB_577', 1);
INSERT OR REPLACE INTO services (service_id, brand_id, owner_id, plan_id, ext_place_id, ext_source, title, address, lat, lng, verification_level) VALUES ('STB_623', 'brand_starbucks', '01ARZ3NDEKTSV4RRFFQ69G5FAV', 'free', 'STB_OFFICIAL_623', 'starbucks_official', 'スターバックス コーヒー イオン北谷店', '沖縄県 中頭郡 北谷町美浜8-3 イオン北谷店', 26.3145334134, 127.756948693, 1);
INSERT OR REPLACE INTO service_category_rel (service_id, category_id) VALUES ('STB_623', 'cat_cafe');
INSERT OR REPLACE INTO service_cafe_details (service_id, has_wifi) VALUES ('STB_623', 1);
INSERT OR REPLACE INTO services (service_id, brand_id, owner_id, plan_id, ext_place_id, ext_source, title, address, lat, lng, verification_level) VALUES ('STB_636', 'brand_starbucks', '01ARZ3NDEKTSV4RRFFQ69G5FAV', 'free', 'STB_OFFICIAL_636', 'starbucks_official', 'スターバックス コーヒー 浦添バークレーズコート店', '沖縄県 浦添市 当山2-2-9 バークレーズコート', 26.2523175209, 127.73834588, 1);
INSERT OR REPLACE INTO service_category_rel (service_id, category_id) VALUES ('STB_636', 'cat_cafe');
INSERT OR REPLACE INTO service_cafe_details (service_id, has_wifi) VALUES ('STB_636', 1);
INSERT OR REPLACE INTO services (service_id, brand_id, owner_id, plan_id, ext_place_id, ext_source, title, address, lat, lng, verification_level) VALUES ('STB_652', 'brand_starbucks', '01ARZ3NDEKTSV4RRFFQ69G5FAV', 'free', 'STB_OFFICIAL_652', 'starbucks_official', 'スターバックス コーヒー 沖縄西原シティ店', '沖縄県 中頭郡 西原町嘉手苅130 サンエー西原シティ', 26.2243862575, 127.76532687, 1);
INSERT OR REPLACE INTO service_category_rel (service_id, category_id) VALUES ('STB_652', 'cat_cafe');
INSERT OR REPLACE INTO service_cafe_details (service_id, has_wifi) VALUES ('STB_652', 1);
INSERT OR REPLACE INTO services (service_id, brand_id, owner_id, plan_id, ext_place_id, ext_source, title, address, lat, lng, verification_level) VALUES ('STB_702', 'brand_starbucks', '01ARZ3NDEKTSV4RRFFQ69G5FAV', 'free', 'STB_OFFICIAL_702', 'starbucks_official', 'スターバックス コーヒー 北谷国道58号店', '沖縄県 中頭郡 北谷町美浜1-5-11', 26.3137413466, 127.760996726, 1);
INSERT OR REPLACE INTO service_category_rel (service_id, category_id) VALUES ('STB_702', 'cat_cafe');
INSERT OR REPLACE INTO service_cafe_details (service_id, has_wifi) VALUES ('STB_702', 1);
INSERT OR REPLACE INTO services (service_id, brand_id, owner_id, plan_id, ext_place_id, ext_source, title, address, lat, lng, verification_level) VALUES ('STB_842', 'brand_starbucks', '01ARZ3NDEKTSV4RRFFQ69G5FAV', 'free', 'STB_OFFICIAL_842', 'starbucks_official', 'スターバックス コーヒー 沖縄読谷店', '沖縄県 中頭郡 読谷村古堅639-1 イオンタウン読谷ショッピングセンター', 26.3695973437, 127.746643124, 1);
INSERT OR REPLACE INTO service_category_rel (service_id, category_id) VALUES ('STB_842', 'cat_cafe');
INSERT OR REPLACE INTO service_cafe_details (service_id, has_wifi) VALUES ('STB_842', 1);
INSERT OR REPLACE INTO services (service_id, brand_id, owner_id, plan_id, ext_place_id, ext_source, title, address, lat, lng, verification_level) VALUES ('STB_875', 'brand_starbucks', '01ARZ3NDEKTSV4RRFFQ69G5FAV', 'free', 'STB_OFFICIAL_875', 'starbucks_official', 'スターバックス コーヒー 経塚シティ店', '沖縄県 浦添市 経塚652 サンエー経塚シティ', 26.2376913085, 127.722500092, 1);
INSERT OR REPLACE INTO service_category_rel (service_id, category_id) VALUES ('STB_875', 'cat_cafe');
INSERT OR REPLACE INTO service_cafe_details (service_id, has_wifi) VALUES ('STB_875', 1);
INSERT OR REPLACE INTO services (service_id, brand_id, owner_id, plan_id, ext_place_id, ext_source, title, address, lat, lng, verification_level) VALUES ('STB_893', 'brand_starbucks', '01ARZ3NDEKTSV4RRFFQ69G5FAV', 'free', 'STB_OFFICIAL_893', 'starbucks_official', 'スターバックス コーヒー 沖縄国体道路店', '沖縄県 中頭郡 北谷町上勢頭813－1', 26.3283421778, 127.770772464, 1);
INSERT OR REPLACE INTO service_category_rel (service_id, category_id) VALUES ('STB_893', 'cat_cafe');
INSERT OR REPLACE INTO service_cafe_details (service_id, has_wifi) VALUES ('STB_893', 1);
INSERT OR REPLACE INTO services (service_id, brand_id, owner_id, plan_id, ext_place_id, ext_source, title, address, lat, lng, verification_level) VALUES ('STB_1000', 'brand_starbucks', '01ARZ3NDEKTSV4RRFFQ69G5FAV', 'free', 'STB_OFFICIAL_1000', 'starbucks_official', 'スターバックス コーヒー 沖縄アウトレットモールあしびなー店', '沖縄県 豊見城市 豊崎1-1192 沖縄アウトレットモールあしびなー', 26.1589869514, 127.659026765, 1);
INSERT OR REPLACE INTO service_category_rel (service_id, category_id) VALUES ('STB_1000', 'cat_cafe');
INSERT OR REPLACE INTO service_cafe_details (service_id, has_wifi) VALUES ('STB_1000', 1);
INSERT OR REPLACE INTO services (service_id, brand_id, owner_id, plan_id, ext_place_id, ext_source, title, address, lat, lng, verification_level) VALUES ('STB_1105', 'brand_starbucks', '01ARZ3NDEKTSV4RRFFQ69G5FAV', 'free', 'STB_OFFICIAL_1105', 'starbucks_official', 'スターバックス コーヒー 沖縄真嘉比店', '沖縄県 那覇市 松島1-14-13', 26.2227201039, 127.704985569, 1);
INSERT OR REPLACE INTO service_category_rel (service_id, category_id) VALUES ('STB_1105', 'cat_cafe');
INSERT OR REPLACE INTO service_cafe_details (service_id, has_wifi) VALUES ('STB_1105', 1);
INSERT OR REPLACE INTO services (service_id, brand_id, owner_id, plan_id, ext_place_id, ext_source, title, address, lat, lng, verification_level) VALUES ('STB_1244', 'brand_starbucks', '01ARZ3NDEKTSV4RRFFQ69G5FAV', 'free', 'STB_OFFICIAL_1244', 'starbucks_official', 'スターバックス コーヒー 沖縄宜野湾店', '沖縄県 宜野湾市 宇地泊1-1-2', 26.2695547791, 127.734640672, 1);
INSERT OR REPLACE INTO service_category_rel (service_id, category_id) VALUES ('STB_1244', 'cat_cafe');
INSERT OR REPLACE INTO service_cafe_details (service_id, has_wifi) VALUES ('STB_1244', 1);
INSERT OR REPLACE INTO services (service_id, brand_id, owner_id, plan_id, ext_place_id, ext_source, title, address, lat, lng, verification_level) VALUES ('STB_1245', 'brand_starbucks', '01ARZ3NDEKTSV4RRFFQ69G5FAV', 'free', 'STB_OFFICIAL_1245', 'starbucks_official', 'スターバックス コーヒー 沖縄津嘉山店', '沖縄県 島尻郡 南風原町津嘉山1321-1', 26.1929634281, 127.713080989, 1);
INSERT OR REPLACE INTO service_category_rel (service_id, category_id) VALUES ('STB_1245', 'cat_cafe');
INSERT OR REPLACE INTO service_cafe_details (service_id, has_wifi) VALUES ('STB_1245', 1);
INSERT OR REPLACE INTO services (service_id, brand_id, owner_id, plan_id, ext_place_id, ext_source, title, address, lat, lng, verification_level) VALUES ('STB_1277', 'brand_starbucks', '01ARZ3NDEKTSV4RRFFQ69G5FAV', 'free', 'STB_OFFICIAL_1277', 'starbucks_official', 'スターバックス コーヒー イオンモール沖縄ライカム 2階店', '沖縄県 中頭郡 北中城村ライカム1 イオンモール沖縄ライカム 2階', 26.3142263763, 127.79747423, 1);
INSERT OR REPLACE INTO service_category_rel (service_id, category_id) VALUES ('STB_1277', 'cat_cafe');
INSERT OR REPLACE INTO service_cafe_details (service_id, has_wifi) VALUES ('STB_1277', 1);
INSERT OR REPLACE INTO services (service_id, brand_id, owner_id, plan_id, ext_place_id, ext_source, title, address, lat, lng, verification_level) VALUES ('STB_1543', 'brand_starbucks', '01ARZ3NDEKTSV4RRFFQ69G5FAV', 'free', 'STB_OFFICIAL_1543', 'starbucks_official', 'スターバックス コーヒー 沖縄本部町店', '沖縄県 国頭郡 本部町山川1421-4', 26.6821418549, 127.88321989, 1);
INSERT OR REPLACE INTO service_category_rel (service_id, category_id) VALUES ('STB_1543', 'cat_cafe');
INSERT OR REPLACE INTO service_cafe_details (service_id, has_wifi) VALUES ('STB_1543', 1);
INSERT OR REPLACE INTO services (service_id, brand_id, owner_id, plan_id, ext_place_id, ext_source, title, address, lat, lng, verification_level) VALUES ('STB_1630', 'brand_starbucks', '01ARZ3NDEKTSV4RRFFQ69G5FAV', 'free', 'STB_OFFICIAL_1630', 'starbucks_official', 'スターバックス コーヒー 沖縄アブロうるま店', '沖縄県 うるま市 豊原393-1 ABLOうるま', 26.3437008966, 127.855079756, 1);
INSERT OR REPLACE INTO service_category_rel (service_id, category_id) VALUES ('STB_1630', 'cat_cafe');
INSERT OR REPLACE INTO service_cafe_details (service_id, has_wifi) VALUES ('STB_1630', 1);
INSERT OR REPLACE INTO services (service_id, brand_id, owner_id, plan_id, ext_place_id, ext_source, title, address, lat, lng, verification_level) VALUES ('STB_1671', 'brand_starbucks', '01ARZ3NDEKTSV4RRFFQ69G5FAV', 'free', 'STB_OFFICIAL_1671', 'starbucks_official', 'スターバックス コーヒー 浦添西海岸パルコシティ店', '沖縄県 浦添市 西洲3-1-1 サンエー浦添西海岸 PARCO CITY', 26.2622852021, 127.69844068, 1);
INSERT OR REPLACE INTO service_category_rel (service_id, category_id) VALUES ('STB_1671', 'cat_cafe');
INSERT OR REPLACE INTO service_cafe_details (service_id, has_wifi) VALUES ('STB_1671', 1);
INSERT OR REPLACE INTO services (service_id, brand_id, owner_id, plan_id, ext_place_id, ext_source, title, address, lat, lng, verification_level) VALUES ('STB_1822', 'brand_starbucks', '01ARZ3NDEKTSV4RRFFQ69G5FAV', 'free', 'STB_OFFICIAL_1822', 'starbucks_official', 'スターバックス コーヒー イーアス沖縄豊崎店', '沖縄県 豊見城市 豊崎3-35 イーアス沖縄豊崎', 26.1571275529, 127.6502698, 1);
INSERT OR REPLACE INTO service_category_rel (service_id, category_id) VALUES ('STB_1822', 'cat_cafe');
INSERT OR REPLACE INTO service_cafe_details (service_id, has_wifi) VALUES ('STB_1822', 1);
INSERT OR REPLACE INTO services (service_id, brand_id, owner_id, plan_id, ext_place_id, ext_source, title, address, lat, lng, verification_level) VALUES ('STB_2050', 'brand_starbucks', '01ARZ3NDEKTSV4RRFFQ69G5FAV', 'free', 'STB_OFFICIAL_2050', 'starbucks_official', 'スターバックス コーヒー 石垣空港店', '沖縄県 石垣市 白保1960-104-1', 24.3905614852, 124.24590443, 1);
INSERT OR REPLACE INTO service_category_rel (service_id, category_id) VALUES ('STB_2050', 'cat_cafe');
INSERT OR REPLACE INTO service_cafe_details (service_id, has_wifi) VALUES ('STB_2050', 1);
INSERT OR REPLACE INTO services (service_id, brand_id, owner_id, plan_id, ext_place_id, ext_source, title, address, lat, lng, verification_level) VALUES ('STB_2132', 'brand_starbucks', '01ARZ3NDEKTSV4RRFFQ69G5FAV', 'free', 'STB_OFFICIAL_2132', 'starbucks_official', 'スターバックス コーヒー 那覇空港国内線ゲート内店', '沖縄県 那覇市 鏡水150 那覇空港旅客ターミナルビル', 26.2067764224, 127.65103134, 1);
INSERT OR REPLACE INTO service_category_rel (service_id, category_id) VALUES ('STB_2132', 'cat_cafe');
INSERT OR REPLACE INTO service_cafe_details (service_id, has_wifi) VALUES ('STB_2132', 0);
INSERT OR REPLACE INTO services (service_id, brand_id, owner_id, plan_id, ext_place_id, ext_source, title, address, lat, lng, verification_level) VALUES ('STB_2185', 'brand_starbucks', '01ARZ3NDEKTSV4RRFFQ69G5FAV', 'free', 'STB_OFFICIAL_2185', 'starbucks_official', 'スターバックス コーヒー 読谷村立図書館店', '沖縄県 中頭郡 読谷村座喜味2901-1 ゆんラボ・未来館', 26.3951084675, 127.744558789, 1);
INSERT OR REPLACE INTO service_category_rel (service_id, category_id) VALUES ('STB_2185', 'cat_cafe');
INSERT OR REPLACE INTO service_cafe_details (service_id, has_wifi) VALUES ('STB_2185', 1);
INSERT OR REPLACE INTO services (service_id, brand_id, owner_id, plan_id, ext_place_id, ext_source, title, address, lat, lng, verification_level) VALUES ('STB_4101', 'brand_starbucks', '01ARZ3NDEKTSV4RRFFQ69G5FAV', 'free', 'STB_OFFICIAL_4101', 'starbucks_official', 'スターバックス コーヒー 沖縄登川店', '沖縄県 沖縄市 登川1-8-6', 26.3682268035, 127.818643597, 1);
INSERT OR REPLACE INTO service_category_rel (service_id, category_id) VALUES ('STB_4101', 'cat_cafe');
INSERT OR REPLACE INTO service_cafe_details (service_id, has_wifi) VALUES ('STB_4101', 1);
INSERT OR REPLACE INTO services (service_id, brand_id, owner_id, plan_id, ext_place_id, ext_source, title, address, lat, lng, verification_level) VALUES ('STB_4129', 'brand_starbucks', '01ARZ3NDEKTSV4RRFFQ69G5FAV', 'free', 'STB_OFFICIAL_4129', 'starbucks_official', 'スターバックス コーヒー 沖縄うるま安慶名店', '沖縄県 うるま市 安慶名1-2-28', 26.3749022682, 127.854318938, 1);
INSERT OR REPLACE INTO service_category_rel (service_id, category_id) VALUES ('STB_4129', 'cat_cafe');
INSERT OR REPLACE INTO service_cafe_details (service_id, has_wifi) VALUES ('STB_4129', 1);
INSERT OR REPLACE INTO services (service_id, brand_id, owner_id, plan_id, ext_place_id, ext_source, title, address, lat, lng, verification_level) VALUES ('STB_4151', 'brand_starbucks', '01ARZ3NDEKTSV4RRFFQ69G5FAV', 'free', 'STB_OFFICIAL_4151', 'starbucks_official', 'スターバックス コーヒー 北谷北前店', '沖縄県 中頭郡 北谷町北前1-6-1', 26.3004633225, 127.761006226, 1);
INSERT OR REPLACE INTO service_category_rel (service_id, category_id) VALUES ('STB_4151', 'cat_cafe');
INSERT OR REPLACE INTO service_cafe_details (service_id, has_wifi) VALUES ('STB_4151', 1);
INSERT OR REPLACE INTO services (service_id, brand_id, owner_id, plan_id, ext_place_id, ext_source, title, address, lat, lng, verification_level) VALUES ('STB_4199', 'brand_starbucks', '01ARZ3NDEKTSV4RRFFQ69G5FAV', 'free', 'STB_OFFICIAL_4199', 'starbucks_official', 'スターバックス コーヒー 沖縄うるま江洲店', '沖縄県 うるま市 江洲598-5', 26.3480333986, 127.834019638, 1);
INSERT OR REPLACE INTO service_category_rel (service_id, category_id) VALUES ('STB_4199', 'cat_cafe');
INSERT OR REPLACE INTO service_cafe_details (service_id, has_wifi) VALUES ('STB_4199', 1);
INSERT OR REPLACE INTO services (service_id, brand_id, owner_id, plan_id, ext_place_id, ext_source, title, address, lat, lng, verification_level) VALUES ('STB_4219', 'brand_starbucks', '01ARZ3NDEKTSV4RRFFQ69G5FAV', 'free', 'STB_OFFICIAL_4219', 'starbucks_official', 'スターバックス コーヒー 沖縄あわせモール店', '沖縄県 沖縄市 古謝2-17-6', 26.3336693809, 127.834102515, 1);
INSERT OR REPLACE INTO service_category_rel (service_id, category_id) VALUES ('STB_4219', 'cat_cafe');
INSERT OR REPLACE INTO service_cafe_details (service_id, has_wifi) VALUES ('STB_4219', 1);
INSERT OR REPLACE INTO services (service_id, brand_id, owner_id, plan_id, ext_place_id, ext_source, title, address, lat, lng, verification_level) VALUES ('STB_4227', 'brand_starbucks', '01ARZ3NDEKTSV4RRFFQ69G5FAV', 'free', 'STB_OFFICIAL_4227', 'starbucks_official', 'スターバックス コーヒー 那覇オーパ店', '沖縄県 那覇市 泉崎1-20-1 那覇OPA 2階', 26.2114663628, 127.676338744, 1);
INSERT OR REPLACE INTO service_category_rel (service_id, category_id) VALUES ('STB_4227', 'cat_cafe');
INSERT OR REPLACE INTO service_cafe_details (service_id, has_wifi) VALUES ('STB_4227', 1);
INSERT OR REPLACE INTO services (service_id, brand_id, owner_id, plan_id, ext_place_id, ext_source, title, address, lat, lng, verification_level) VALUES ('STB_4290', 'brand_starbucks', '01ARZ3NDEKTSV4RRFFQ69G5FAV', 'free', 'STB_OFFICIAL_4290', 'starbucks_official', 'スターバックス コーヒー 沖縄八重瀬店', '沖縄県 島尻郡 八重瀬町東風平1201-1', 26.1574012423, 127.720038438, 1);
INSERT OR REPLACE INTO service_category_rel (service_id, category_id) VALUES ('STB_4290', 'cat_cafe');
INSERT OR REPLACE INTO service_cafe_details (service_id, has_wifi) VALUES ('STB_4290', 1);
INSERT OR REPLACE INTO services (service_id, brand_id, owner_id, plan_id, ext_place_id, ext_source, title, address, lat, lng, verification_level) VALUES ('STB_4322', 'brand_starbucks', '01ARZ3NDEKTSV4RRFFQ69G5FAV', 'free', 'STB_OFFICIAL_4322', 'starbucks_official', 'スターバックス コーヒー イオン名護店', '沖縄県 名護市 名護見取川原4472 イオン名護', 26.608810901, 127.983869352, 1);
INSERT OR REPLACE INTO service_category_rel (service_id, category_id) VALUES ('STB_4322', 'cat_cafe');
INSERT OR REPLACE INTO service_cafe_details (service_id, has_wifi) VALUES ('STB_4322', 1);
INSERT OR REPLACE INTO services (service_id, brand_id, owner_id, plan_id, ext_place_id, ext_source, title, address, lat, lng, verification_level) VALUES ('STB_4496', 'brand_starbucks', '01ARZ3NDEKTSV4RRFFQ69G5FAV', 'free', 'STB_OFFICIAL_4496', 'starbucks_official', 'スターバックス コーヒー 那覇鏡原店', '沖縄県 那覇市 鏡原町37-30', 26.1950387624, 127.681315199, 1);
INSERT OR REPLACE INTO service_category_rel (service_id, category_id) VALUES ('STB_4496', 'cat_cafe');
INSERT OR REPLACE INTO service_cafe_details (service_id, has_wifi) VALUES ('STB_4496', 1);
INSERT OR REPLACE INTO services (service_id, brand_id, owner_id, plan_id, ext_place_id, ext_source, title, address, lat, lng, verification_level) VALUES ('STB_4503', 'brand_starbucks', '01ARZ3NDEKTSV4RRFFQ69G5FAV', 'free', 'STB_OFFICIAL_4503', 'starbucks_official', 'スターバックス コーヒー 名護21世紀の森公園あけみおてらす店', '沖縄県 名護市 宮里2-2 海の棟２', 26.5917208177, 127.969867135, 1);
INSERT OR REPLACE INTO service_category_rel (service_id, category_id) VALUES ('STB_4503', 'cat_cafe');
INSERT OR REPLACE INTO service_cafe_details (service_id, has_wifi) VALUES ('STB_4503', 1);
INSERT OR REPLACE INTO services (service_id, brand_id, owner_id, plan_id, ext_place_id, ext_source, title, address, lat, lng, verification_level) VALUES ('STB_4562', 'brand_starbucks', '01ARZ3NDEKTSV4RRFFQ69G5FAV', 'free', 'STB_OFFICIAL_4562', 'starbucks_official', 'スターバックス コーヒー スターバックス ティー＆カフェ イオンモール沖縄ライカム 3階店', '沖縄県 中頭郡 北中城村ライカム1 イオンモール沖縄ライカム 3階', 26.3143952162, 127.795700203, 1);
INSERT OR REPLACE INTO service_category_rel (service_id, category_id) VALUES ('STB_4562', 'cat_cafe');
INSERT OR REPLACE INTO service_cafe_details (service_id, has_wifi) VALUES ('STB_4562', 1);
INSERT OR REPLACE INTO services (service_id, brand_id, owner_id, plan_id, ext_place_id, ext_source, title, address, lat, lng, verification_level) VALUES ('STB_4625', 'brand_starbucks', '01ARZ3NDEKTSV4RRFFQ69G5FAV', 'free', 'STB_OFFICIAL_4625', 'starbucks_official', 'スターバックス コーヒー 那覇デパートリウボウ店', '沖縄県 那覇市 久茂地1-1-1 デパートリウボウ 1階', 26.2137061677, 127.678883152, 1);
INSERT OR REPLACE INTO service_category_rel (service_id, category_id) VALUES ('STB_4625', 'cat_cafe');
INSERT OR REPLACE INTO service_cafe_details (service_id, has_wifi) VALUES ('STB_4625', 0);
